-- --------------------------------------------------------
-- Host:                         localhost
-- Versión del servidor:         8.0.31 - MySQL Community Server - GPL
-- SO del servidor:              Win64
-- HeidiSQL Versión:             10.2.0.5599
-- --------------------------------------------------------

/*!40101 SET @OLD_CHARACTER_SET_CLIENT=@@CHARACTER_SET_CLIENT */;
/*!40101 SET NAMES utf8 */;
/*!50503 SET NAMES utf8mb4 */;
/*!40014 SET @OLD_FOREIGN_KEY_CHECKS=@@FOREIGN_KEY_CHECKS, FOREIGN_KEY_CHECKS=0 */;
/*!40101 SET @OLD_SQL_MODE=@@SQL_MODE, SQL_MODE='NO_AUTO_VALUE_ON_ZERO' */;

-- Volcando estructura para tabla gamers.auth_group
CREATE TABLE IF NOT EXISTS `auth_group` (
  `id` int NOT NULL AUTO_INCREMENT,
  `name` varchar(150) NOT NULL,
  PRIMARY KEY (`id`),
  UNIQUE KEY `name` (`name`)
) ENGINE=InnoDB DEFAULT CHARSET=utf8mb4 COLLATE=utf8mb4_0900_ai_ci;

-- Volcando datos para la tabla gamers.auth_group: ~0 rows (aproximadamente)
DELETE FROM `auth_group`;
/*!40000 ALTER TABLE `auth_group` DISABLE KEYS */;
/*!40000 ALTER TABLE `auth_group` ENABLE KEYS */;

-- Volcando estructura para tabla gamers.auth_group_permissions
CREATE TABLE IF NOT EXISTS `auth_group_permissions` (
  `id` bigint NOT NULL AUTO_INCREMENT,
  `group_id` int NOT NULL,
  `permission_id` int NOT NULL,
  PRIMARY KEY (`id`),
  UNIQUE KEY `auth_group_permissions_group_id_permission_id_0cd325b0_uniq` (`group_id`,`permission_id`),
  KEY `auth_group_permissio_permission_id_84c5c92e_fk_auth_perm` (`permission_id`),
  CONSTRAINT `auth_group_permissio_permission_id_84c5c92e_fk_auth_perm` FOREIGN KEY (`permission_id`) REFERENCES `auth_permission` (`id`),
  CONSTRAINT `auth_group_permissions_group_id_b120cbf9_fk_auth_group_id` FOREIGN KEY (`group_id`) REFERENCES `auth_group` (`id`)
) ENGINE=InnoDB DEFAULT CHARSET=utf8mb4 COLLATE=utf8mb4_0900_ai_ci;

-- Volcando datos para la tabla gamers.auth_group_permissions: ~0 rows (aproximadamente)
DELETE FROM `auth_group_permissions`;
/*!40000 ALTER TABLE `auth_group_permissions` DISABLE KEYS */;
/*!40000 ALTER TABLE `auth_group_permissions` ENABLE KEYS */;

-- Volcando estructura para tabla gamers.auth_permission
CREATE TABLE IF NOT EXISTS `auth_permission` (
  `id` int NOT NULL AUTO_INCREMENT,
  `name` varchar(255) NOT NULL,
  `content_type_id` int NOT NULL,
  `codename` varchar(100) NOT NULL,
  PRIMARY KEY (`id`),
  UNIQUE KEY `auth_permission_content_type_id_codename_01ab375a_uniq` (`content_type_id`,`codename`),
  CONSTRAINT `auth_permission_content_type_id_2f476e4b_fk_django_co` FOREIGN KEY (`content_type_id`) REFERENCES `django_content_type` (`id`)
) ENGINE=InnoDB AUTO_INCREMENT=65 DEFAULT CHARSET=utf8mb4 COLLATE=utf8mb4_0900_ai_ci;

-- Volcando datos para la tabla gamers.auth_permission: ~64 rows (aproximadamente)
DELETE FROM `auth_permission`;
/*!40000 ALTER TABLE `auth_permission` DISABLE KEYS */;
INSERT INTO `auth_permission` (`id`, `name`, `content_type_id`, `codename`) VALUES
	(1, 'Can add log entry', 1, 'add_logentry'),
	(2, 'Can change log entry', 1, 'change_logentry'),
	(3, 'Can delete log entry', 1, 'delete_logentry'),
	(4, 'Can view log entry', 1, 'view_logentry'),
	(5, 'Can add permission', 2, 'add_permission'),
	(6, 'Can change permission', 2, 'change_permission'),
	(7, 'Can delete permission', 2, 'delete_permission'),
	(8, 'Can view permission', 2, 'view_permission'),
	(9, 'Can add group', 3, 'add_group'),
	(10, 'Can change group', 3, 'change_group'),
	(11, 'Can delete group', 3, 'delete_group'),
	(12, 'Can view group', 3, 'view_group'),
	(13, 'Can add content type', 4, 'add_contenttype'),
	(14, 'Can change content type', 4, 'change_contenttype'),
	(15, 'Can delete content type', 4, 'delete_contenttype'),
	(16, 'Can view content type', 4, 'view_contenttype'),
	(17, 'Can add session', 5, 'add_session'),
	(18, 'Can change session', 5, 'change_session'),
	(19, 'Can delete session', 5, 'delete_session'),
	(20, 'Can view session', 5, 'view_session'),
	(21, 'Can add user', 6, 'add_user'),
	(22, 'Can change user', 6, 'change_user'),
	(23, 'Can delete user', 6, 'delete_user'),
	(24, 'Can view user', 6, 'view_user'),
	(25, 'Can add clan', 7, 'add_clan'),
	(26, 'Can change clan', 7, 'change_clan'),
	(27, 'Can delete clan', 7, 'delete_clan'),
	(28, 'Can view clan', 7, 'view_clan'),
	(29, 'Can add gamer', 8, 'add_gamer'),
	(30, 'Can change gamer', 8, 'change_gamer'),
	(31, 'Can delete gamer', 8, 'delete_gamer'),
	(32, 'Can view gamer', 8, 'view_gamer'),
	(33, 'Can add friendship', 9, 'add_friendship'),
	(34, 'Can change friendship', 9, 'change_friendship'),
	(35, 'Can delete friendship', 9, 'delete_friendship'),
	(36, 'Can view friendship', 9, 'view_friendship'),
	(37, 'Can add game', 10, 'add_game'),
	(38, 'Can change game', 10, 'change_game'),
	(39, 'Can delete game', 10, 'delete_game'),
	(40, 'Can view game', 10, 'view_game'),
	(41, 'Can add gameship', 11, 'add_gameship'),
	(42, 'Can change gameship', 11, 'change_gameship'),
	(43, 'Can delete gameship', 11, 'delete_gameship'),
	(44, 'Can view gameship', 11, 'view_gameship'),
	(45, 'Can add thread', 12, 'add_thread'),
	(46, 'Can change thread', 12, 'change_thread'),
	(47, 'Can delete thread', 12, 'delete_thread'),
	(48, 'Can view thread', 12, 'view_thread'),
	(49, 'Can add chat message', 13, 'add_chatmessage'),
	(50, 'Can change chat message', 13, 'change_chatmessage'),
	(51, 'Can delete chat message', 13, 'delete_chatmessage'),
	(52, 'Can view chat message', 13, 'view_chatmessage'),
	(53, 'Can add user data', 14, 'add_userdata'),
	(54, 'Can change user data', 14, 'change_userdata'),
	(55, 'Can delete user data', 14, 'delete_userdata'),
	(56, 'Can view user data', 14, 'view_userdata'),
	(57, 'Can add user matrix', 15, 'add_usermatrix'),
	(58, 'Can change user matrix', 15, 'change_usermatrix'),
	(59, 'Can delete user matrix', 15, 'delete_usermatrix'),
	(60, 'Can view user matrix', 15, 'view_usermatrix'),
	(61, 'Can add report', 16, 'add_report'),
	(62, 'Can change report', 16, 'change_report'),
	(63, 'Can delete report', 16, 'delete_report'),
	(64, 'Can view report', 16, 'view_report');
/*!40000 ALTER TABLE `auth_permission` ENABLE KEYS */;

-- Volcando estructura para tabla gamers.chat_chatmessage
CREATE TABLE IF NOT EXISTS `chat_chatmessage` (
  `id` bigint NOT NULL AUTO_INCREMENT,
  `message` longtext NOT NULL,
  `timestamp` datetime(6) NOT NULL,
  `thread_id` bigint DEFAULT NULL,
  `user_id` bigint NOT NULL,
  PRIMARY KEY (`id`),
  KEY `chat_chatmessage_thread_id_0986d8f2_fk_chat_thread_id` (`thread_id`),
  KEY `chat_chatmessage_user_id_fa615e65_fk_web_user_id` (`user_id`),
  CONSTRAINT `chat_chatmessage_thread_id_0986d8f2_fk_chat_thread_id` FOREIGN KEY (`thread_id`) REFERENCES `chat_thread` (`id`),
  CONSTRAINT `chat_chatmessage_user_id_fa615e65_fk_web_user_id` FOREIGN KEY (`user_id`) REFERENCES `web_user` (`id`)
) ENGINE=InnoDB AUTO_INCREMENT=6 DEFAULT CHARSET=utf8mb4 COLLATE=utf8mb4_0900_ai_ci;

-- Volcando datos para la tabla gamers.chat_chatmessage: ~4 rows (aproximadamente)
DELETE FROM `chat_chatmessage`;
/*!40000 ALTER TABLE `chat_chatmessage` DISABLE KEYS */;
INSERT INTO `chat_chatmessage` (`id`, `message`, `timestamp`, `thread_id`, `user_id`) VALUES
	(1, 'hola', '2023-04-11 08:15:21.320394', 1, 520),
	(2, 'joya', '2023-04-11 08:15:46.486820', 1, 1),
	(3, 'q pasa', '2023-04-11 08:15:53.023314', 1, 1),
	(4, 'todo bien', '2023-04-11 08:27:11.215152', 2, 521),
	(5, 'ahora', '2023-04-11 08:27:14.662244', 2, 1);
/*!40000 ALTER TABLE `chat_chatmessage` ENABLE KEYS */;

-- Volcando estructura para tabla gamers.chat_thread
CREATE TABLE IF NOT EXISTS `chat_thread` (
  `id` bigint NOT NULL AUTO_INCREMENT,
  `updated` datetime(6) NOT NULL,
  `timestamp` datetime(6) NOT NULL,
  `first_person_id` bigint DEFAULT NULL,
  `second_person_id` bigint DEFAULT NULL,
  PRIMARY KEY (`id`),
  UNIQUE KEY `chat_thread_first_person_id_second_person_id_11111dfd_uniq` (`first_person_id`,`second_person_id`),
  KEY `chat_thread_second_person_id_5b8e6677_fk_web_user_id` (`second_person_id`),
  CONSTRAINT `chat_thread_first_person_id_b6316931_fk_web_user_id` FOREIGN KEY (`first_person_id`) REFERENCES `web_user` (`id`),
  CONSTRAINT `chat_thread_second_person_id_5b8e6677_fk_web_user_id` FOREIGN KEY (`second_person_id`) REFERENCES `web_user` (`id`)
) ENGINE=InnoDB AUTO_INCREMENT=3 DEFAULT CHARSET=utf8mb4 COLLATE=utf8mb4_0900_ai_ci;

-- Volcando datos para la tabla gamers.chat_thread: ~2 rows (aproximadamente)
DELETE FROM `chat_thread`;
/*!40000 ALTER TABLE `chat_thread` DISABLE KEYS */;
INSERT INTO `chat_thread` (`id`, `updated`, `timestamp`, `first_person_id`, `second_person_id`) VALUES
	(1, '2023-04-11 08:15:11.999853', '2023-04-11 08:15:12.000353', 520, 1),
	(2, '2023-04-11 08:17:21.754738', '2023-04-11 08:17:21.754738', 521, 1);
/*!40000 ALTER TABLE `chat_thread` ENABLE KEYS */;

-- Volcando estructura para tabla gamers.django_admin_log
CREATE TABLE IF NOT EXISTS `django_admin_log` (
  `id` int NOT NULL AUTO_INCREMENT,
  `action_time` datetime(6) NOT NULL,
  `object_id` longtext,
  `object_repr` varchar(200) NOT NULL,
  `action_flag` smallint unsigned NOT NULL,
  `change_message` longtext NOT NULL,
  `content_type_id` int DEFAULT NULL,
  `user_id` bigint NOT NULL,
  PRIMARY KEY (`id`),
  KEY `django_admin_log_content_type_id_c4bce8eb_fk_django_co` (`content_type_id`),
  KEY `django_admin_log_user_id_c564eba6_fk_web_user_id` (`user_id`),
  CONSTRAINT `django_admin_log_content_type_id_c4bce8eb_fk_django_co` FOREIGN KEY (`content_type_id`) REFERENCES `django_content_type` (`id`),
  CONSTRAINT `django_admin_log_user_id_c564eba6_fk_web_user_id` FOREIGN KEY (`user_id`) REFERENCES `web_user` (`id`),
  CONSTRAINT `django_admin_log_chk_1` CHECK ((`action_flag` >= 0))
) ENGINE=InnoDB AUTO_INCREMENT=13 DEFAULT CHARSET=utf8mb4 COLLATE=utf8mb4_0900_ai_ci;

-- Volcando datos para la tabla gamers.django_admin_log: ~12 rows (aproximadamente)
DELETE FROM `django_admin_log`;
/*!40000 ALTER TABLE `django_admin_log` DISABLE KEYS */;
INSERT INTO `django_admin_log` (`id`, `action_time`, `object_id`, `object_repr`, `action_flag`, `change_message`, `content_type_id`, `user_id`) VALUES
	(1, '2023-03-21 17:48:07.433763', '1', 'admin', 1, '[{"added": {}}]', 8, 1),
	(2, '2023-03-21 19:47:54.509983', '4bd0d6e2-0ebb-484b-9d7c-ac8ec24f7622', 'admin-FIF', 1, '[{"added": {}}]', 11, 1),
	(3, '2023-04-11 07:48:48.602292', 'b08ea847-0267-40c6-ab5c-5f71348da4c5', 'admin-rsantos', 1, '[{"added": {}}]', 9, 1),
	(4, '2023-04-11 07:48:56.870377', 'f1607e13-cb84-466e-ae6b-66ca7c01cf47', 'tammywebb-admin', 1, '[{"added": {}}]', 9, 1),
	(5, '2023-04-11 07:49:03.070757', '5d7f502a-4f7b-4bf6-baab-24a563ce3c2a', 'ericward-admin', 1, '[{"added": {}}]', 9, 1),
	(6, '2023-04-11 14:20:55.179122', '06ff59e0-ed09-419d-bd42-76b4cccddb95', 'Fortnite', 2, '[{"changed": {"fields": ["Description", "Leader"]}}]', 7, 1),
	(7, '2023-04-11 15:04:00.613859', '06ff59e0-ed09-419d-bd42-76b4cccddb95', 'Fortnite', 2, '[{"changed": {"fields": ["Leader"]}}]', 7, 1),
	(8, '2023-04-11 15:33:37.022689', '187caa0d-24e7-44fc-b1ba-c6a3917710a4', 'Pokemon', 2, '[{"changed": {"fields": ["Description", "Leader"]}}]', 7, 1),
	(9, '2023-04-12 10:59:05.826896', '520', 'javmarjae', 2, '[{"changed": {"fields": ["Active"]}}]', 6, 1),
	(10, '2023-04-12 13:03:52.652218', '520', 'javmarjae', 2, '[{"changed": {"fields": ["Verified"]}}]', 6, 1),
	(11, '2023-04-12 13:12:16.928050', '521', 'mariape', 2, '[{"changed": {"fields": ["Verified"]}}]', 6, 1),
	(12, '2023-04-12 13:17:53.213207', '521', 'mariape', 2, '[{"changed": {"fields": ["Active"]}}]', 6, 1);
/*!40000 ALTER TABLE `django_admin_log` ENABLE KEYS */;

-- Volcando estructura para tabla gamers.django_content_type
CREATE TABLE IF NOT EXISTS `django_content_type` (
  `id` int NOT NULL AUTO_INCREMENT,
  `app_label` varchar(100) NOT NULL,
  `model` varchar(100) NOT NULL,
  PRIMARY KEY (`id`),
  UNIQUE KEY `django_content_type_app_label_model_76bd3d3b_uniq` (`app_label`,`model`)
) ENGINE=InnoDB AUTO_INCREMENT=17 DEFAULT CHARSET=utf8mb4 COLLATE=utf8mb4_0900_ai_ci;

-- Volcando datos para la tabla gamers.django_content_type: ~14 rows (aproximadamente)
DELETE FROM `django_content_type`;
/*!40000 ALTER TABLE `django_content_type` DISABLE KEYS */;
INSERT INTO `django_content_type` (`id`, `app_label`, `model`) VALUES
	(1, 'admin', 'logentry'),
	(3, 'auth', 'group'),
	(2, 'auth', 'permission'),
	(13, 'chat', 'chatmessage'),
	(12, 'chat', 'thread'),
	(4, 'contenttypes', 'contenttype'),
	(5, 'sessions', 'session'),
	(7, 'web', 'clan'),
	(9, 'web', 'friendship'),
	(10, 'web', 'game'),
	(8, 'web', 'gamer'),
	(11, 'web', 'gameship'),
	(16, 'web', 'report'),
	(6, 'web', 'user'),
	(14, 'web', 'userdata'),
	(15, 'web', 'usermatrix');
/*!40000 ALTER TABLE `django_content_type` ENABLE KEYS */;

-- Volcando estructura para tabla gamers.django_migrations
CREATE TABLE IF NOT EXISTS `django_migrations` (
  `id` bigint NOT NULL AUTO_INCREMENT,
  `app` varchar(255) NOT NULL,
  `name` varchar(255) NOT NULL,
  `applied` datetime(6) NOT NULL,
  PRIMARY KEY (`id`)
) ENGINE=InnoDB AUTO_INCREMENT=48 DEFAULT CHARSET=utf8mb4 COLLATE=utf8mb4_0900_ai_ci;

-- Volcando datos para la tabla gamers.django_migrations: ~46 rows (aproximadamente)
DELETE FROM `django_migrations`;
/*!40000 ALTER TABLE `django_migrations` DISABLE KEYS */;
INSERT INTO `django_migrations` (`id`, `app`, `name`, `applied`) VALUES
	(1, 'contenttypes', '0001_initial', '2023-01-09 11:26:05.813705'),
	(2, 'contenttypes', '0002_remove_content_type_name', '2023-01-09 11:26:05.829960'),
	(3, 'auth', '0001_initial', '2023-01-09 11:26:05.889767'),
	(4, 'auth', '0002_alter_permission_name_max_length', '2023-01-09 11:26:05.904270'),
	(5, 'auth', '0003_alter_user_email_max_length', '2023-01-09 11:26:05.908506'),
	(6, 'auth', '0004_alter_user_username_opts', '2023-01-09 11:26:05.912006'),
	(7, 'auth', '0005_alter_user_last_login_null', '2023-01-09 11:26:05.915508'),
	(8, 'auth', '0006_require_contenttypes_0002', '2023-01-09 11:26:05.917008'),
	(9, 'auth', '0007_alter_validators_add_error_messages', '2023-01-09 11:26:05.920008'),
	(10, 'auth', '0008_alter_user_username_max_length', '2023-01-09 11:26:05.923508'),
	(11, 'auth', '0009_alter_user_last_name_max_length', '2023-01-09 11:26:05.927010'),
	(12, 'auth', '0010_alter_group_name_max_length', '2023-01-09 11:26:05.936014'),
	(13, 'auth', '0011_update_proxy_permissions', '2023-01-09 11:26:05.940014'),
	(14, 'auth', '0012_alter_user_first_name_max_length', '2023-01-09 11:26:05.943515'),
	(15, 'web', '0001_initial', '2023-01-09 11:26:06.153307'),
	(16, 'admin', '0001_initial', '2023-01-09 11:26:06.193333'),
	(17, 'admin', '0002_logentry_remove_auto_add', '2023-01-09 11:26:06.198834'),
	(18, 'admin', '0003_logentry_add_action_flag_choices', '2023-01-09 11:26:06.204835'),
	(19, 'sessions', '0001_initial', '2023-01-09 11:26:06.217086'),
	(20, 'web', '0002_user_last_online_delete_connectionhistory', '2023-01-09 11:26:06.237246'),
	(21, 'web', '0003_user_is_online_alter_user_last_online', '2023-01-09 11:26:06.281069'),
	(22, 'web', '0004_alter_user_last_online', '2023-01-09 11:26:06.302797'),
	(23, 'web', '0005_alter_gameship_rank', '2023-01-09 11:26:06.307797'),
	(24, 'web', '0006_alter_gameship_rank', '2023-01-09 11:26:06.312798'),
	(25, 'web', '0007_alter_gameship_rank', '2023-01-09 11:26:06.318299'),
	(26, 'web', '0008_alter_gameship_rank', '2023-01-09 11:26:06.322799'),
	(27, 'web', '0009_game_game_ranks_alter_gameship_rank', '2023-01-09 11:26:06.336561'),
	(28, 'web', '0010_alter_game_game_ranks', '2023-01-09 11:26:06.343562'),
	(29, 'web', '0011_alter_gameship_rank', '2023-01-09 11:26:06.359569'),
	(30, 'web', '0012_alter_game_game_ranks', '2023-01-09 11:26:06.362569'),
	(31, 'web', '0013_clan_join_date_clan_profile_pic', '2023-01-09 11:26:06.389081'),
	(32, 'web', '0014_alter_clan_join_date', '2023-01-09 11:26:06.392082'),
	(33, 'web', '0015_alter_clan_profile_pic', '2023-01-09 11:26:06.394583'),
	(34, 'chat', '0001_initial', '2023-01-21 12:34:11.671251'),
	(35, 'web', '0016_remove_game_game_ranks', '2023-03-17 12:15:54.885218'),
	(36, 'web', '0017_alter_gameship_rank', '2023-03-17 12:40:58.606033'),
	(37, 'web', '0018_alter_gamer_discord_alter_gamer_epic_games_and_more', '2023-03-21 16:50:37.344478'),
	(38, 'web', '0019_userdata', '2023-03-21 21:49:06.748335'),
	(39, 'web', '0020_usermatrix_delete_userdata', '2023-03-21 21:52:52.077666'),
	(40, 'web', '0021_report', '2023-04-11 21:38:52.470282'),
	(41, 'web', '0022_report_checked', '2023-04-11 21:42:23.358512'),
	(42, 'web', '0023_report_date', '2023-04-11 21:48:22.116746'),
	(43, 'web', '0024_alter_report_type', '2023-04-12 07:05:53.810822'),
	(44, 'web', '0025_alter_report_date_alter_report_type', '2023-04-12 08:22:00.748487'),
	(45, 'web', '0026_user_verified_alter_report_type', '2023-04-12 12:56:19.137848'),
	(46, 'web', '0027_alter_report_type', '2023-04-12 13:03:32.640819'),
	(47, 'web', '0028_alter_report_type_delete_usermatrix', '2023-04-13 12:04:59.756876');
/*!40000 ALTER TABLE `django_migrations` ENABLE KEYS */;

-- Volcando estructura para tabla gamers.django_session
CREATE TABLE IF NOT EXISTS `django_session` (
  `session_key` varchar(40) NOT NULL,
  `session_data` longtext NOT NULL,
  `expire_date` datetime(6) NOT NULL,
  PRIMARY KEY (`session_key`),
  KEY `django_session_expire_date_a5c62663` (`expire_date`)
) ENGINE=InnoDB DEFAULT CHARSET=utf8mb4 COLLATE=utf8mb4_0900_ai_ci;

-- Volcando datos para la tabla gamers.django_session: ~7 rows (aproximadamente)
DELETE FROM `django_session`;
/*!40000 ALTER TABLE `django_session` DISABLE KEYS */;
INSERT INTO `django_session` (`session_key`, `session_data`, `expire_date`) VALUES
	('3wra9eg95gkuddl2g9uk036045eddgnm', '.eJxVjEEOwiAQRe_C2jTA2AIuXXsHMsyAEBOaCF0Z796SdKHb997_H-Fx69lvLb59YXETSlx-WUB6xTrEYLH2QtjLWqdTtOmxPku9n9nfNmPL41ECLYEZE5AGYg6aZ4U2MkhwaMlpA5Zms2jjiNEGFY4uSWBnEl7FdwfwODb7:1plnn2:vJxBxe01cRqbmGP_3bKaPMa6mZ4TP24x5npIyMQQssY', '2023-04-24 09:26:20.094242'),
	('hmok97jyt5ujja5ow3y3inz62gompbwo', '.eJxVjEEOwiAQRe_C2jTA2AIuXXsHMsyAEBOaCF0Z796SdKHb997_H-Fx69lvLb59YXETSlx-WUB6xTrEYLH2QtjLWqdTtOmxPku9n9nfNmPL41ECLYEZE5AGYg6aZ4U2MkhwaMlpA5Zms2jjiNEGFY4uSWBnEl7FdwfwODb7:1pejra:Np3W2GjRG6CwsduwjY-3Nv7u9lL9UnOCFwilGm4QAOo', '2023-04-04 21:49:50.210401'),
	('jvfwcb07f77swo5rkioc8eo3gkxxfk11', '.eJxVjEEOwiAQRe_C2jTA2AIuXXsHMsyAEBOaCF0Z796SdKHb997_H-Fx69lvLb59YXETSlx-WUB6xTrEYLH2QtjLWqdTtOmxPku9n9nfNmPL41ECLYEZE5AGYg6aZ4U2MkhwaMlpA5Zms2jjiNEGFY4uSWBnEl7FdwfwODb7:1pmv2m:jJEncJE7aLoguo8kvdipuIGEQ0UhQAnbj3MJwpS4du4', '2023-04-27 11:23:12.855231'),
	('khizjsfn3fgr6vw2urcpgdo9n7daeaxq', '.eJxVi8sKwyAQRf_FdQk-R-2y6_6DjKNUKRioZlX67zWQRbI7nHPvlwXcRglbz59QE7szIwW7nW1Eeue2p93lNirhqGtbjtCX5_qq7XHMLt-Cvcwj-JTRqUhATrk4Eaw2ZDkZqcCg0FokLr2K3lJS2iFKyIZDIjlZs98fDTo2Sw:1pm9Bg:Z7JrGLbPA10coqu151VKSvZ7Z4hxWlNknrDPt0S6koY', '2023-04-25 08:17:12.035820'),
	('muqwuzn7mz1omgipj7jja1xfo8efke7f', '.eJxVi8sKwyAQRf_FdQk-R-2y6_6DjKNUKRioZlX67zWQRbI7nHPvlwXcRglbz59QE7szIwW7nW1Eeue2p93lNirhqGtbjtCX5_qq7XHMLt-Cvcwj-JTRqUhATrk4Eaw2ZDkZqcCg0FokLr2K3lJS2iFKyIZDIjlZs98fDTo2Sw:1pmYKi:sQK9GMSi8IXEdT0NlmH1i3kWADvVG6G3J3EqUmbCqMA', '2023-04-26 11:08:12.843901'),
	('qnw9umlxjqgozd30vxp1c02lrs3l7sp6', '.eJxVjEEOwiAQRe_C2jTA2AIuXXsHMsyAEBOaCF0Z796SdKHb997_H-Fx69lvLb59YXETSlx-WUB6xTrEYLH2QtjLWqdTtOmxPku9n9nfNmPL41ECLYEZE5AGYg6aZ4U2MkhwaMlpA5Zms2jjiNEGFY4uSWBnEl7FdwfwODb7:1ph99N:l1HZFUBPXgIUpj620eiYnsG1F0DHmPIoeI4ZENKfrR4', '2023-04-11 13:14:09.948232'),
	('wxcakus5eyj3w3bmgxactearwri2t1pv', '.eJxVi8sKwyAQRf_FdQk-R-2y6_6DjKNUKRioZlX67zWQRbI7nHPvlwXcRglbz59QE7szIwW7nW1Eeue2p93lNirhqGtbjtCX5_qq7XHMLt-Cvcwj-JTRqUhATrk4Eaw2ZDkZqcCg0FokLr2K3lJS2iFKyIZDIjlZs98fDTo2Sw:1pmv2o:XeshQpPYru9ztYkHVSkJqDxf1Rv0wCir_9vV1NkW32s', '2023-04-27 11:23:14.392211');
/*!40000 ALTER TABLE `django_session` ENABLE KEYS */;

-- Volcando estructura para tabla gamers.web_clan
CREATE TABLE IF NOT EXISTS `web_clan` (
  `id` char(32) NOT NULL,
  `name` varchar(30) NOT NULL,
  `description` longtext NOT NULL,
  `leader` varchar(20) DEFAULT NULL,
  `join_date` date NOT NULL,
  `profile_pic` varchar(100) DEFAULT NULL,
  PRIMARY KEY (`id`),
  UNIQUE KEY `name` (`name`)
) ENGINE=InnoDB DEFAULT CHARSET=utf8mb4 COLLATE=utf8mb4_0900_ai_ci;

-- Volcando datos para la tabla gamers.web_clan: ~9 rows (aproximadamente)
DELETE FROM `web_clan`;
/*!40000 ALTER TABLE `web_clan` DISABLE KEYS */;
INSERT INTO `web_clan` (`id`, `name`, `description`, `leader`, `join_date`, `profile_pic`) VALUES
	('06ff59e0ed09419dbd4276b4cccddb95', 'Fortnite', 'Let small act parent north try successful moment. Series talk role speak senior I quality. Little including high cold suddenly young.Street daughter of be popular threat. Small argue ball animal rise television international. Amount realize baby somebody.', 'john10', '2023-02-17', 'Clans/Fortnite/702620.png'),
	('153d50ac01584bc3ad6306bd7b34d83a', 'Salchicha Team', 'Firm put task. From work community hard happy total. Operation collection either.\nAdministration bar beyond move decision. Describe Mrs price because.\nSince TV this receive main. Alone fill visit card deep.', 'mckinneystanley', '2023-02-03', 'Clans/Salchicha Team/551461.jpg'),
	('187caa0d24e744fcb1bac6a3917710a4', 'Pokemon', 'Computer challenge money happy nature manage head. Travel voice town write bag. Interest political top final.\r\nForget partner once hand talk two likely. Fund candidate way big phone. She than rule opportunity.', 'admin', '2023-01-28', 'Clans/Pokemon/844967.jpg'),
	('2d18c79d090f4c5094cdfd60626b3585', 'Rocket League', 'To week leg investment. Ready key would number no beat fire rock. Fact break church tonight receive account. Reach fire then administration data fact consider head.', 'erin37', '2023-01-26', 'Clans/Rocket League/724313.jpg'),
	('54906cbac25a4a4fb970fbf4dfbc4ad5', 'League of Legends', 'Important cover him anything heart. Generation bag college who need dream outside. War eight accept leave second hair however.\nOther without finally somebody.\nDrop card manager Mrs their current evening. Far happen any plant brother.', 'aliciawilliams', '2023-02-10', 'Clans/League of Legends/710798.jpg'),
	('836af90d7ef0400797c8b31a39ed2ee5', 'Sevillanos', 'Operation I decade friend message door total. Court Democrat large response police.\nAbility agency benefit media conference cover within.\nThan particularly physical. Sure record town town.\nBed cost animal organization dark.', 'craig68', '2023-01-04', 'Clans/Sevillanos/599010_1.jpg'),
	('9e477e7829254bc584d48a5e8781c18f', 'Escuadra suicida', 'Tv eat so girl.\nNot local federal him room work. Wish season piece cold hair.\nLong another face right land art page. Republican contain away stay view north media bill.\nDifferent still bar give other media rate. Increase quality serve health.', 'matthewruiz', '2023-01-25', 'Clans/Escuadra suicida/904467.png'),
	('c38b86e0f0b5481ba85ecc80cf022ce0', 'World of Warcraft', 'Quite government leg at safe clear left. One create imagine tough can happen house.\nTogether least present. Organization day fight just. Under find wear think cell begin public.\nSix impact success education risk smile story. Other myself nor may accept. Wonder especially affect old trip right.', 'tdean', '2023-02-21', 'Clans/World of Warcraft/933785.jpg'),
	('ec3fdbc174404c34b86fe68cc8327cca', 'KOI LOL', 'History crime any culture. Another raise summer science memory build cup matter. Education left identify home.\nBook wish commercial know chance simply stage decide. Weight spring later bad population month science.', 'lbell', '2023-02-11', 'Clans/KOI LOL/720032.jpg');
/*!40000 ALTER TABLE `web_clan` ENABLE KEYS */;

-- Volcando estructura para tabla gamers.web_friendship
CREATE TABLE IF NOT EXISTS `web_friendship` (
  `id` char(32) NOT NULL,
  `status` varchar(2) NOT NULL,
  `receiver_id` bigint NOT NULL,
  `sender_id` bigint NOT NULL,
  PRIMARY KEY (`id`),
  UNIQUE KEY `web_friendship_sender_id_receiver_id_96135010_uniq` (`sender_id`,`receiver_id`),
  KEY `web_friendship_receiver_id_b4e7b28a_fk_web_gamer_user_id` (`receiver_id`),
  CONSTRAINT `web_friendship_receiver_id_b4e7b28a_fk_web_gamer_user_id` FOREIGN KEY (`receiver_id`) REFERENCES `web_gamer` (`user_id`),
  CONSTRAINT `web_friendship_sender_id_f3ea16f2_fk_web_gamer_user_id` FOREIGN KEY (`sender_id`) REFERENCES `web_gamer` (`user_id`)
) ENGINE=InnoDB DEFAULT CHARSET=utf8mb4 COLLATE=utf8mb4_0900_ai_ci;

-- Volcando datos para la tabla gamers.web_friendship: ~1.805 rows (aproximadamente)
DELETE FROM `web_friendship`;
/*!40000 ALTER TABLE `web_friendship` DISABLE KEYS */;
INSERT INTO `web_friendship` (`id`, `status`, `receiver_id`, `sender_id`) VALUES
	('001bc1bd144c48df99eece101d4a1c2a', 'pe', 24, 226),
	('003dd72054974fd1abff692f029671ca', 'de', 92, 405),
	('004962b58a6a4b4a8d529e0cd578cdc6', 'pe', 424, 491),
	('0065b3ce675f4395833ee93902c8f372', 'de', 490, 442),
	('008ac59bdfd8452c84b57d598574dde8', 'ac', 90, 235),
	('009092956fef4490baafef9c874dd964', 'ac', 6, 463),
	('009818e450cc4b00bbd979550ca978ad', 'de', 79, 245),
	('00b080201af24d7f812e54530655e857', 'ac', 191, 314),
	('00b3f7d10b684833a89db083621546bb', 'de', 512, 484),
	('0161af38801d4ee6a43a4fcbda00828f', 'ac', 385, 408),
	('0167a9c45dbc4379aa50649371e929c3', 'pe', 208, 417),
	('019a11fddfa2432891222175d9db9a9e', 'de', 158, 216),
	('01e939ded15e4e068470999f0d0109c6', 'pe', 393, 300),
	('01fd2ba7346a4ca6a27b38982c69efd6', 'pe', 473, 58),
	('02161df2795345a7819bca2ac10befe5', 'ac', 332, 146),
	('022a3f6eb6c5436ebff0f8ba5caf2dbf', 'ac', 65, 274),
	('022cc44d0cca4199b1b53c036c99fb9e', 'de', 322, 278),
	('027c1a17196c4a3aa73a9825619acbd9', 'pe', 34, 222),
	('02ae8b23c28b4fb5b2f48ed479c0b147', 'de', 387, 213),
	('02de9c23f8ec4783923a36edeb60746a', 'pe', 426, 453),
	('02f13ffc57c84fefb9d2466b670f7f24', 'ac', 428, 131),
	('038d4c9d57a942dc94daad0fa55ffac2', 'ac', 13, 285),
	('03c0d0331b3144ef9b89ff2385126320', 'pe', 259, 296),
	('04078849e1ac4a6ba84e0a57eb6e234e', 'ac', 272, 348),
	('04630aee59694396971ca24f5b6768e0', 'pe', 453, 121),
	('0491b9d50e9a474ba1d58d93fa8c3938', 'de', 55, 253),
	('04b8cc35d7a347e6be5fae63a742aa0b', 'ac', 114, 456),
	('04c08421a8254fa9bc131288404d773b', 'pe', 139, 408),
	('0513044c4e4a43a09726d24b33f3fc76', 'pe', 182, 366),
	('056f432f885043b3a8e347e797935a62', 'ac', 38, 271),
	('05717ed00fcf49049f99963446eeb742', 'pe', 263, 244),
	('057f1bb8040a49f18051871ed892afd0', 'de', 466, 103),
	('05ab79e148424622814806cd4a9e36ff', 'de', 55, 381),
	('05cde72f7a634724963ca18ae6f1fe7a', 'pe', 326, 201),
	('05e2cd4425574d1f81cf317ed5c7e424', 'pe', 37, 395),
	('05f8eb31c41d452d89a5519ad273ddf9', 'de', 436, 503),
	('0605c095bd4d41efb384e16b74ee15f7', 'pe', 184, 319),
	('060984a3f20b4dad989c9bb7fff9ab0f', 'pe', 267, 415),
	('060c6d2263934e5f9cf680bb117f46a1', 'pe', 342, 82),
	('0643fc6583d6490daca9a01a244295ad', 'ac', 395, 377),
	('0649ba8532c045d18fb759fbeeeaa102', 'pe', 240, 434),
	('06991ee8e3e049c1bfbf81d6c755734f', 'ac', 505, 288),
	('06aac3cfd3a04be5acc616a5c34c96f1', 'de', 172, 125),
	('06b065c4b2cf4ba3bf73b18ee50c7786', 'de', 406, 510),
	('06f183aa4d404ce5b5e42c4a50b6af32', 'pe', 341, 471),
	('07314b293b5f46ca8b9a02829664dc3e', 'pe', 155, 423),
	('077aca4f1f7b40b6be51d3f3a4ce7e0a', 'de', 3, 4),
	('0796f7fb75e6416a8cd4a03c737cbe95', 'ac', 6, 49),
	('07bcefd1c7724dcd85cc6c3368197fa8', 'pe', 279, 502),
	('080cec34bb634c3495fad548d242133f', 'pe', 390, 252),
	('0897870a2ca34cf3a5fcf0d65dbe81c5', 'pe', 133, 140),
	('08b552155e354b85a27c45ef29804ad5', 'ac', 226, 70),
	('08c2471b79074ebfb9472521c4983850', 'pe', 382, 118),
	('08f3d5976f964d8eb3b9bafa501e5c20', 'ac', 13, 360),
	('091d5eed67f6493c8cd0a21699fd34f7', 'pe', 474, 455),
	('0933adc8851247129cef7ea8639096d4', 'pe', 76, 290),
	('0954b0a85b584b4dbcd3cf3553bd2c6f', 'ac', 287, 10),
	('0968413916b24ff89f992f300d1d2362', 'de', 117, 218),
	('09685223bb9d48bfbf2e6735d9e9e5ca', 'pe', 403, 265),
	('09b7d8ad175f48d7a350f0e30d08305d', 'de', 98, 505),
	('09f1b36626e14498ae9bbac818865065', 'ac', 314, 2),
	('0a089935d354436bac2cd0526673e447', 'pe', 119, 148),
	('0a60f46df2394a3683c3ef425f637d48', 'ac', 502, 354),
	('0abe937dc8b6495284408e973325569a', 'ac', 36, 159),
	('0acfe534040445cc9dc29f5bd6dc6225', 'ac', 380, 370),
	('0ad508d795734ea1af17cc579953b48c', 'ac', 131, 98),
	('0adea06184f7432e85d1552ee22b7848', 'de', 508, 348),
	('0b5a1f28280843b188572fcc1f6f1a56', 'de', 155, 128),
	('0b8bd7b3360042e08411babc9ebf0bce', 'de', 514, 391),
	('0ba6c7b642df4c82bf511f58ede43a4f', 'ac', 148, 31),
	('0be2e06b3bde41af8e11de46911600c2', 'ac', 252, 150),
	('0c20a0ae2df1439ba0b01e274fe1916a', 'pe', 304, 331),
	('0c26bdf7ccee44299ef669c87ed44dd3', 'ac', 355, 395),
	('0c646f0673bc42f49005f48d1186a253', 'de', 83, 494),
	('0c8b3aa0a81843b9ac892f16557369a2', 'ac', 136, 248),
	('0c980c3532fd43debe3408fae827f0a4', 'de', 317, 417),
	('0cb76cc8b57c4c0183da04515d730b0c', 'pe', 144, 148),
	('0cbd2044018b45169f7dd8c0c4346caf', 'pe', 484, 198),
	('0cecbdbb1ea04b6ea216ea347408bb78', 'pe', 322, 420),
	('0cf1f097bb47417bbfd42db2e4ed7f95', 'ac', 1, 521),
	('0cfa1337baf4430c82c1898de7e879f9', 'pe', 487, 470),
	('0cfc679ceff944d2989d9a473d2c204f', 'ac', 309, 233),
	('0d14cdf7138743579225d78b73de7cff', 'ac', 166, 114),
	('0db37ae068cb46d5abaf82008048b955', 'pe', 197, 338),
	('0dd82ee8c4e842da8e2f17ad33881819', 'pe', 369, 36),
	('0dea996f35d84e8389e81bd198e185d4', 'de', 330, 289),
	('0e14bd597dba4221b7760b959f8ec325', 'pe', 215, 414),
	('0e18c3de51264985a568f3e78867167f', 'de', 45, 387),
	('0e1ed89e39bc425d8cda2ae3bd2e897c', 'de', 301, 131),
	('0e3b5b5cd8a94f838f6004923627a415', 'pe', 249, 278),
	('0e50afdf52c64d9e9a784a8479c80fe8', 'de', 231, 135),
	('0e9e1083637e4659abe1afe794c57ba8', 'ac', 11, 228),
	('0ef8d80c9fbb435593fc4a36fcdbd4eb', 'ac', 388, 362),
	('0efd3860aaa54d8694db776225762abb', 'de', 413, 293),
	('0f66848480834c1c931cb3a5e9cede10', 'ac', 266, 437),
	('0f861fe9e7da42469d56d9506c8bb803', 'de', 205, 457),
	('0f8c85750e4241ec9f180fe13cf67b57', 'pe', 270, 110),
	('0f91ff4eb6cc44389dd0105519d63d32', 'ac', 137, 281),
	('0f9c9ee502a349cf8f91259ec964c7db', 'de', 301, 495),
	('0fd7d2184eb94553b2007d476bab6451', 'ac', 244, 90),
	('1005267bcfde4874a98b98319bfcee89', 'de', 333, 127),
	('101dadc6707247e0a9d122d496a5f12c', 'ac', 311, 119),
	('107085d878c74ff88e02d5f6920565cf', 'ac', 422, 301),
	('10e04558feec4673a918691312a4cf69', 'pe', 172, 486),
	('10ed818ac5cd4116a8478882c2b9ff27', 'pe', 56, 438),
	('10ee678e32ba4dbb8441d50bb440b8d6', 'de', 215, 446),
	('1143971056b24649b05ee07fb0a1ea53', 'pe', 137, 479),
	('114b52d8028a4bbf91dd82d32350d2c0', 'ac', 317, 347),
	('11601f84f3bf49d38c3d13294ee75ef2', 'pe', 233, 153),
	('11c89074d02b4d1d8e9494d23044a03c', 'de', 164, 49),
	('11f2f2d3518e449fbdcf65cf06cb5dac', 'pe', 202, 429),
	('11f38b5d01b34701841b96ba776a90e8', 'ac', 116, 223),
	('11f78104f6164ff6b434245b1d351e0f', 'de', 93, 67),
	('11fd5edddb53468a960bfd4fa4445bac', 'pe', 252, 220),
	('12127de01a3f4b3ab642b8672552b706', 'ac', 444, 497),
	('125025fda9d54816bc50af35272cf967', 'de', 222, 184),
	('1270ca009f8d4b3eaf7ef49f09bbf8bf', 'ac', 367, 262),
	('12953bd05510483c9dc3b594e4f33a1d', 'ac', 100, 492),
	('129eff3d652c46dc99c70e4194269827', 'de', 515, 411),
	('12b420f8d1404e898c3ef5f2d156302f', 'pe', 68, 434),
	('12c30b7c6caa4e9485bdda2cd0852f45', 'ac', 17, 58),
	('12ce726924a74b0796f2ab942f70ac5b', 'ac', 127, 41),
	('1333b7735ef64e3ab438cc5025be963d', 'de', 30, 85),
	('138325b812184868b0557af1d59e5af3', 'ac', 239, 435),
	('139f53600dd847a0842f9c6fa1b57975', 'de', 505, 138),
	('13d918669d2742d68dc512ec23ee534a', 'ac', 186, 349),
	('13dc328c858b4371996057672cafd6e3', 'de', 6, 66),
	('13e2edbd823f4eda94ad94253e958132', 'pe', 29, 147),
	('13f37fc2c1114825b6b08d0caa93ea9a', 'ac', 271, 270),
	('13f3988f03324c5486c321e7a27f4cc7', 'de', 491, 336),
	('13f3a39e53f0463591538bf6de527a1c', 'de', 227, 298),
	('1409e4db3b9b4bfd8bc4e35502e4145a', 'de', 2, 192),
	('140d7a10202249cbbcb452dd6eb6ca63', 'ac', 31, 449),
	('1432503bffce4e4bbe2a9f42d8fb8997', 'pe', 283, 427),
	('144ffc09274b4efe9875f82a3e9d4b70', 'pe', 108, 154),
	('145b610113ca4bf88d1619b4917cae3d', 'de', 400, 322),
	('146145faa5e6468cb09ca18aab883bdd', 'ac', 255, 233),
	('14976c23545b493f850cf424e1e37e1b', 'de', 121, 19),
	('14c36a223e8c42ef8ed841f8a99fdec4', 'de', 111, 487),
	('14e9acc19e004eeabfb22abb158298a6', 'pe', 99, 351),
	('1501647cdb1d4ff29334552064a0a6e4', 'ac', 337, 411),
	('1510fefe767e440c8e1fd204e0cbc641', 'de', 411, 302),
	('151bba931b734980a8413dd6c8d7d775', 'de', 61, 311),
	('1529177085e543c69879d58905251cc9', 'de', 102, 131),
	('155dbc3e9cee4c3e8276059d3f9ae752', 'pe', 205, 170),
	('157cf629ba634329806d99f0244ff3d5', 'de', 46, 284),
	('159540279eb14757b1f28efe34509007', 'ac', 423, 46),
	('15a814a9c1ba4b4f9fa48f5bce422520', 'pe', 421, 66),
	('15c67703311641388073f3d16e913694', 'ac', 151, 119),
	('15cf1b68eade474e93a1f366036bd9c7', 'ac', 258, 318),
	('15f6147e90e247e180f442e651ae6d55', 'de', 15, 17),
	('162c75222f5249668053470578c1fd74', 'pe', 124, 60),
	('16392c60764c485e8746257a2268f84e', 'ac', 402, 438),
	('163fadb4ffd940c38fcb7ac82d3862c4', 'de', 38, 403),
	('1642910946994449873fb4e5a42a38ee', 'de', 464, 275),
	('16868fd862d644749cb8f6d91a225798', 'ac', 222, 455),
	('16c5dd9f52044bc5a49ef225caf45959', 'pe', 46, 44),
	('16da57ba2b81485c96b5a7e964fe8663', 'pe', 510, 459),
	('16ee3476ce9e4e82bac1d9cb53e4e848', 'de', 451, 221),
	('17369b41bf5048b9901b18dd6ad8a13b', 'ac', 364, 143),
	('17739b1e2d5d4487bba86e88ac3d74bd', 'ac', 156, 225),
	('177bba7640eb482280ca168f4fc69e96', 'ac', 168, 374),
	('17944af3c18f4528ba45a10db61b6c46', 'de', 223, 484),
	('17ccf936d32d4f478ae48aa173af0ebd', 'pe', 272, 108),
	('17e53b7421b54f0480082dab4d22f631', 'de', 306, 256),
	('17f61f3ea3c747bbab19779020d29dd6', 'ac', 287, 108),
	('18093300ee164a9b8c96ac512cc0ae44', 'ac', 117, 416),
	('180a33a1a1204e2790ee1fb9389df4b5', 'ac', 160, 318),
	('18173d52ce234aea986243395e442483', 'de', 505, 323),
	('1817f1dd072944a39786507a3a8f0432', 'de', 493, 366),
	('184402b0d9834481bb9602c30e652af8', 'de', 127, 430),
	('185ba7a674f64ec7a60cfdb8c6519052', 'ac', 100, 166),
	('187fa4ba0bb8466a89d693a62802d7b8', 'de', 310, 273),
	('18b1122e9a5b49ecabfdd43ac4d31c13', 'ac', 71, 334),
	('18b83e446f5c426f815f5c27ae2fd6d4', 'ac', 37, 290),
	('18de80ae8d0d4dc6a6e09023c4522d03', 'pe', 310, 111),
	('196ba669237345518979a381496a5104', 'ac', 209, 306),
	('19c09f2bd2fa4dcaa5c9eb5a58ab0ab6', 'ac', 48, 431),
	('19c6ae752bc743219f887b770875ea08', 'pe', 152, 141),
	('19e4148859c64a91b9620d14dde09eb3', 'ac', 83, 167),
	('19ea6591d4c846bfa9f3d11ddb9e1351', 'pe', 298, 462),
	('1a1da7936c074bf9a25e4f0806a77e0f', 'de', 140, 324),
	('1a2daa78ca404bd18db123cb07958ee0', 'ac', 84, 317),
	('1ac1d6681cde4192a207ed5abc8dc35f', 'pe', 335, 227),
	('1b128aae8a2d4e319b171148113e92b4', 'pe', 499, 404),
	('1b19e0dd956740ec986a857f5256eec6', 'pe', 5, 114),
	('1b33e674df344d00867ca75da80f1de4', 'ac', 357, 148),
	('1b499bd012014ebfbf20188ded53e4a9', 'ac', 461, 414),
	('1be211db48024224a70861c1be72de55', 'ac', 407, 135),
	('1bef204592fc47d69a1e902916510af6', 'ac', 336, 375),
	('1c27b90495924ea5a60828371b504509', 'de', 48, 283),
	('1c3f0cb225eb4936a93336c49a1c07af', 'de', 364, 258),
	('1c7f9c94b977429c9a6fef708a2fc2a3', 'pe', 53, 302),
	('1c932c4bc73e4a87827bad3010269e99', 'de', 467, 163),
	('1cc12b90bbf3492da8210d6d34f432b9', 'pe', 50, 464),
	('1cfdc616dff5423dba79e7e5b37c886d', 'ac', 143, 228),
	('1d325b112ef745e28d6efe9a0019299b', 'pe', 476, 9),
	('1d8ec88fb54d455ba6c778a2c70b2535', 'pe', 214, 488),
	('1d925735e8364147a6efe0e1610f1bbe', 'ac', 167, 149),
	('1d9f053b0934483ea6474adddebd83a9', 'de', 167, 210),
	('1dacacc32bd940e3bfe9fe4b0b7d6c04', 'pe', 503, 485),
	('1dc06926a60f4235acc4535dc046f644', 'pe', 81, 388),
	('1dff4247621f47c8b73e159c1a133c99', 'de', 106, 474),
	('1e0bdd3adafc44c38236b37e2f5289a3', 'ac', 258, 248),
	('1e85fe254c9845c7bebf75e42fa8ad22', 'ac', 461, 120),
	('1e92d3633efc44fbab73b850f251f560', 'ac', 360, 373),
	('1e972452102141919de53ac36f9bd982', 'pe', 95, 472),
	('1ea7cd25b01545b1ad66cf5f51277115', 'ac', 403, 226),
	('1eab4de3b05544068bfc7a0e5a307ff0', 'ac', 138, 78),
	('1eb6b00930634c2baab3bd2e79c13f59', 'de', 381, 65),
	('1ec5b72085624d15b3bc67754bcda2e0', 'pe', 108, 268),
	('1ec5e57be38142ddbfb23cc027ef9ac8', 'pe', 49, 213),
	('1ef7a175b246426382a01af5dc2cbc34', 'de', 250, 185),
	('1f343612bc234fc38ba1eb3ecf22e9c2', 'pe', 389, 354),
	('1f3b5d100d1343a08659a9cac0adb472', 'ac', 161, 141),
	('1fa60f0210d0452493deb09f4e292403', 'de', 327, 231),
	('1fbf16acdfa04044a9216478a1a7de58', 'ac', 325, 85),
	('1fdc0327bcdd4af7b6d6af7954364c49', 'de', 291, 513),
	('20164a07192c487bbc102c628a6c3e03', 'pe', 88, 233),
	('206dea77f64e4d81a87bb3b8a0ae1ca4', 'ac', 147, 440),
	('20758aecda794eaca65b4bbc4e4dad35', 'de', 406, 346),
	('20a9d264dfdd45459b16a5f0b94ee5ac', 'ac', 72, 35),
	('20c101b271f9464aabf477cdcde512fa', 'ac', 416, 120),
	('20c54f7cb25148e9a7f0c2fc9424e9da', 'ac', 435, 443),
	('20cf5553ef014939a108965bb69fe63a', 'de', 227, 376),
	('20e10dd0720848c0b077f3dd8670fdcb', 'ac', 227, 265),
	('20e7cfb64eef4c8bba2eb0e45fe56600', 'pe', 202, 228),
	('210cd4391d1646579d9b8caccb8212b0', 'de', 282, 502),
	('210e9d3373934807ad5ae9870c54ccdd', 'pe', 47, 151),
	('21386c835a52410e8d1db0fbf4176b6a', 'ac', 293, 104),
	('2147226ccf3e4c5eb93f52436aa85343', 'de', 191, 15),
	('21563601a3b444a6885e35e9b28ad595', 'pe', 319, 289),
	('219cb9a0969840e391cdbec938d1efc6', 'de', 246, 70),
	('21a0868c96254dba8d29640258ad8e6c', 'ac', 249, 389),
	('21bc1651e4094dcd845db96f76223cd7', 'de', 481, 188),
	('21dcecb5c83d404ab5ad968c1288d8bc', 'de', 443, 436),
	('21de90d69881425fb04c8dc86e7072d6', 'pe', 379, 482),
	('22241ec01b0744ccb3c1f459fdbff771', 'ac', 49, 482),
	('2245f6f95cdc4596b378c46e117d2917', 'ac', 277, 432),
	('228d9eff26604333bafbf1a649dd4bc0', 'ac', 249, 513),
	('22a68a0f86c94ca88d06e537e0aa4595', 'de', 478, 201),
	('22b255ae769b4e65b8fd99dafc4f954b', 'pe', 324, 176),
	('22c06ccd63994398af972bea33cc54e4', 'pe', 310, 419),
	('22d5ec9eb26c414ea536bbbfdf5920d8', 'pe', 264, 102),
	('22d737bbde924f13924f14e9b8719ee5', 'pe', 328, 492),
	('22fcba74009b4b928fe30311cd5611cd', 'pe', 136, 34),
	('230599d1c7fa455f8efda97129386207', 'de', 462, 293),
	('231d3847d2e543a684cd58fdf2cfa9f4', 'pe', 319, 21),
	('231e2fd5c44a4a94b09c45ad466658a0', 'de', 207, 228),
	('23bce8cf5d994419ad4de760814663ff', 'pe', 222, 398),
	('23d669d3a30242d0a98faf6c597a9f86', 'ac', 76, 411),
	('23f3f5632e0945c7893f527ffffb6b6d', 'pe', 345, 3),
	('23fe7eea43c34c63b1abfce35f5283e5', 'de', 472, 184),
	('242c83c5e3474ef8b7355c8c0eb30b64', 'pe', 147, 370),
	('2478a3b1e41e45c1962c7d36e493d25c', 'de', 431, 443),
	('248356e910864e7e8f360cb8a701680c', 'de', 36, 406),
	('24928ba766d54bba9523e2edc708acb3', 'ac', 317, 49),
	('24a38201252e48aeb39aef35c6ed899b', 'pe', 493, 175),
	('24a575dd06a94a16be5aee3171562973', 'pe', 233, 325),
	('24af81a99cf6475a8d16d9d225a5ef9f', 'ac', 307, 291),
	('24e62356f48549e49a94e46f4c3aa7ca', 'pe', 49, 179),
	('24fb940051ba4c75a9352d94eb986353', 'ac', 124, 478),
	('250adcd444894507bd2c20b3b536f1f6', 'pe', 182, 33),
	('252b0618f4c4429fb49fa47a9771ef7e', 'ac', 252, 191),
	('2532c03c61d54f709f79dc995c7ed312', 'ac', 26, 181),
	('25486e1fd73344efad9842dae649237c', 'de', 15, 110),
	('25553c15ea8142299a09dd6a0180fbd5', 'ac', 263, 77),
	('25616d53358c46ddb47e4f047e964ea2', 'ac', 411, 136),
	('2563e3c697f14ad9a5e4b926e45ac6dd', 'pe', 464, 122),
	('25ce03a10278404f866ab6854d9d2a27', 'pe', 319, 160),
	('25cfe6d55bce494085c3a6cfdfbe294a', 'de', 45, 111),
	('2640ad0e476749e9a991384467f75c4e', 'de', 240, 443),
	('2644f7a878424b889d4558182ca93513', 'ac', 279, 448),
	('264784bb9e4b423eba5706077cd4dfc8', 'de', 342, 293),
	('2684404a456e40e795a1a1f90ca27fc5', 'ac', 329, 171),
	('2692fd5f74594e58bb59b91a50640186', 'de', 123, 402),
	('26a754b010a34027864eb05dc909ea67', 'de', 295, 208),
	('26fd71b2bd9f4335a24a917655720096', 'de', 172, 79),
	('2700b1f34fc148788390edcee0531c25', 'pe', 377, 23),
	('275b8590a9da405195a3a6954f76f696', 'de', 285, 460),
	('278ebebf10b44082ad8941d3b855d453', 'ac', 160, 442),
	('27a8adc85c404842b5f62a4731024f8e', 'pe', 7, 94),
	('27c94e46e8b1495f928f75db0200b781', 'de', 291, 105),
	('27e4d1ee8eff411db2608976c0a31779', 'ac', 453, 339),
	('28151dca533e437db99c204b48f35a97', 'ac', 414, 212),
	('282da9032bfb423db1445345dfe06536', 'ac', 131, 253),
	('28ab6cc7f5cb4949a866b1ec079908ed', 'de', 106, 481),
	('28b1a60874964b4ab218d5067e47a90e', 'de', 87, 41),
	('28c03eb1f7b9464eba3c9169afa04f8a', 'de', 308, 91),
	('28c330292f3245d0b7430ae056e5aef9', 'de', 301, 190),
	('28d621f108244b508dbc2ea18c45fc57', 'pe', 24, 507),
	('28e37335fb6b4cf1a87267529122568f', 'pe', 383, 227),
	('292d487dd1824b85be3fda8a1eaf198d', 'ac', 396, 195),
	('294cfe6a91514f6c8871f55088711082', 'ac', 167, 436),
	('297efd4b86324b69a504e7600de5869d', 'de', 250, 468),
	('2981842e14414ba887ecaf4c5ef1253b', 'ac', 69, 82),
	('29f050612e024d61bc28e0d32803a5b7', 'pe', 13, 162),
	('2a0c57d10715462fafaf3910579ff15e', 'ac', 177, 179),
	('2a3bc6a788ab4be29e3dd0d8e297caab', 'pe', 412, 320),
	('2a4bf0544efd4447991954feb73fe0b0', 'ac', 255, 38),
	('2a681d48420147f58425e4fdf76943e2', 'pe', 100, 227),
	('2a6c4a87ca4941b8b21c0ddae8e9f83e', 'pe', 344, 115),
	('2a89183c2f164243afcd09190a6c4cea', 'de', 355, 197),
	('2aace2d695b24aa295a57eada7539a4c', 'de', 92, 203),
	('2abe23a7a61140588a78be896a8dbc69', 'de', 360, 177),
	('2b13ade3d6a64f6690dbdde686c84de4', 'pe', 420, 286),
	('2b6df8ab7ea946d393d2e97d83583ebb', 'pe', 123, 265),
	('2b7419406dad4dbb810c0c1256582ffd', 'pe', 202, 425),
	('2b7ffbb6f6a14be8abf224242a386885', 'de', 117, 354),
	('2b816d0bc0d3411b90c295b4e9f6291f', 'pe', 253, 454),
	('2b854a1a3ee54e7ba7a755f00679d90f', 'pe', 175, 295),
	('2bab13494e7d4ebf873825382497b42d', 'de', 499, 263),
	('2bbe9128bafe4201b2f1064f9cf8c414', 'pe', 481, 179),
	('2bcc57c49adc4eccaf08a8d021135fe7', 'ac', 386, 283),
	('2bd2463dfd68469ca34c99275c274ade', 'de', 336, 405),
	('2c1a918ec77241468a3bde96d9b720a8', 'de', 324, 440),
	('2c464f3d6c5341728610a5fccc1fc80b', 'de', 440, 260),
	('2c6631d202e5435a8e3a09cbe16c7916', 'de', 409, 319),
	('2c7da2413a14475ea118a79b7724ca17', 'pe', 178, 247),
	('2ca2d34b59e14f919e85804ec5c6b5e8', 'ac', 321, 409),
	('2cb4066adcdd4577a95ebbb1376b250c', 'de', 384, 401),
	('2cbc9d5706514bae9935bbc9cb84af34', 'ac', 473, 216),
	('2cd846aaefae46fc817c9142629361f8', 'pe', 437, 390),
	('2d03a79d0e5b493e952dd15f514c9774', 'ac', 283, 370),
	('2d0e94f3415f4e3da2c262a1108f9ab1', 'pe', 188, 145),
	('2d19790b11e24578b326bc1a7678543c', 'pe', 236, 92),
	('2d5aae57a14a4f02b787dfdfce1d5160', 'de', 467, 216),
	('2dc68b96cbfd44efadc9825a3ba80720', 'pe', 447, 501),
	('2dcaba6545c040c8a8607e288c6a65df', 'de', 327, 263),
	('2ddcf47559614dd592059c772d49eb80', 'de', 261, 292),
	('2de8120f03944a8abd61dd97f3bb384b', 'de', 256, 173),
	('2e48f430e35e4ae0a5227eb0e50c41ab', 'ac', 274, 264),
	('2e75a9576f504190a856787aee6c0fdc', 'ac', 310, 386),
	('2e7ce96bdd43411694bdf04a1c5d3bca', 'ac', 351, 459),
	('2e8703682850462c9675a09e9c6f3192', 'pe', 338, 62),
	('2ead488ee031466ba73bf8df8e475a95', 'de', 387, 410),
	('2ec54fc3d9e54152979f0b616e3ad921', 'pe', 501, 176),
	('2ed20dd299214e76b99890f17724952f', 'de', 258, 46),
	('2ef1188bd7544472becacb1447752334', 'pe', 83, 236),
	('2f07af6d6fa049c28cd56456460ed0a7', 'de', 444, 217),
	('2f310bf781c9484ba1769da29a33a93e', 'de', 74, 507),
	('2fc06cf37cf14d078380231ad3f30fee', 'ac', 204, 217),
	('3008e4ad8cd24cd499f690b50b5a021d', 'pe', 54, 323),
	('30426ba2fc6144d79541580a81212860', 'ac', 267, 244),
	('30dfa6cf6da944e1aa80a3f57ab04f27', 'de', 217, 361),
	('30eff16b8dfd42a8aa2b03bfc4668909', 'de', 179, 246),
	('31564a7b057a4e63b8908fbcf14949a7', 'pe', 398, 237),
	('319872808e2c4d5ca1436040b4302aa0', 'ac', 113, 266),
	('31fbb59b63ed4fdfbdf8dbb336dff339', 'de', 307, 183),
	('3208b25e70354973b436ad5b16b7cab4', 'pe', 92, 116),
	('321e57dba8fd428ba17540229c9f53a7', 'ac', 346, 191),
	('32351f704c2c48aea937e96a93cbac20', 'pe', 488, 420),
	('326aa50143e14fa0a738d7c665b10c6f', 'pe', 344, 378),
	('329a0a6f242841a8a304f830a9bfa671', 'pe', 245, 17),
	('32b601393f6f40709f9f39eba09716fd', 'pe', 321, 303),
	('32c48ff6e3ae483ebd979e159cd627d2', 'de', 487, 29),
	('336c4f8a58964e318f8c8cc7294fe5a9', 'de', 24, 206),
	('337e568bb5694864b5fb4ad4cc9a96c1', 'ac', 12, 447),
	('33c085539686448f848b3185ecde9764', 'de', 55, 298),
	('3402247c71c24b6eb4f18427fa97c25e', 'de', 446, 256),
	('341c8b619edb4317921f54588a939164', 'pe', 432, 214),
	('345b4202f7ff441d9161eb30b3477b66', 'pe', 433, 299),
	('34683e5b6baa42d281118e39980ef0a4', 'pe', 406, 336),
	('34c9f1cdf8fb494eabf238674552ebd7', 'pe', 513, 54),
	('34d38976e06c4bc8b0d0e10732ea9982', 'pe', 332, 164),
	('34ff165688f44d779396b02e11464524', 'pe', 257, 259),
	('354e5c8608704c10845f3ede1b7c3cb0', 'ac', 426, 357),
	('357596f07a3d48beb9c7ef5366222203', 'pe', 378, 283),
	('35d49b111fcf4bfa8a5eab8d8f3b033e', 'pe', 307, 193),
	('35fd379db47044548879fcc1a1581e28', 'ac', 442, 229),
	('365b12b21e714f8f80d1c708ddf6228c', 'ac', 407, 210),
	('368419a20ed743d0a5e2cfe90d7e784b', 'pe', 509, 410),
	('36b1f4364b264afea25bfb7eb0bbf655', 'ac', 35, 441),
	('36c65cadda464afda1fbe7988249fd7c', 'pe', 281, 496),
	('36c6b6040d174af7a65a3fb17612cfa8', 'pe', 140, 436),
	('36dc060b98ed495a84de1cef561c3918', 'ac', 417, 291),
	('373df638934041529228916894f7d3ec', 'de', 299, 203),
	('375ec76557044c77a6ce0b61673a8c39', 'pe', 247, 32),
	('37883ca3d3d0475dbd60d2519b37516a', 'pe', 246, 304),
	('378d3253982249f7a6ce99478f0e6337', 'de', 388, 95),
	('379da943c63c4ac8a17afe0064084d11', 'de', 52, 238),
	('379ec2b6270146e89f81ffbc6dcd34ee', 'de', 301, 316),
	('37e217239f5341058923875e23800ad0', 'pe', 185, 172),
	('37e41522335f4a6aa7c70c6f4e5f06fb', 'ac', 194, 116),
	('37fa50db051d48a9aac13e27119d2867', 'de', 378, 124),
	('3803fc68781e4d81b02bab1496d1f8f9', 'pe', 259, 14),
	('381512dcd92547bea6f3e6690ae44cc8', 'de', 325, 21),
	('3819a3df81264b07b934dee06758a910', 'de', 515, 386),
	('3826223afdb34e1f907e765f344ed39f', 'de', 460, 252),
	('38722ea6814d4ec4b3520abd060fb544', 'ac', 154, 24),
	('3878f25b9c624e5ea4b9950625149e14', 'ac', 31, 28),
	('38796583c1444c23af9674b0f3169b33', 'pe', 165, 331),
	('389660b102164d27a72f5b2e98658e21', 'ac', 16, 364),
	('38f084f7ef3b40d3856bd1cb5e60f7c3', 'ac', 245, 393),
	('39295eee989e4efdaddc2a27a8747fbc', 'de', 351, 20),
	('3983840b6c4841f9bacc213df1d69aa8', 'ac', 263, 128),
	('39b863a39ab6485da828867ea8955805', 'pe', 122, 331),
	('39e26609942f425cb161256e3bf92948', 'pe', 296, 73),
	('39ee2e3f44c0493d867056fb9c286a4a', 'pe', 135, 397),
	('3a06607eee114051a84845ef84401695', 'ac', 477, 215),
	('3a355da982be4b448175500eb31a6e4e', 'pe', 244, 158),
	('3a69bb3fad334693a3e389c236553c95', 'ac', 85, 286),
	('3a6cf75292484bd0989c5b2b7a2c86e3', 'ac', 12, 499),
	('3aa137dedbf5414fa671eed82df9e392', 'de', 304, 262),
	('3ac8c414477144a482bbb59ee8ef8219', 'pe', 23, 310),
	('3b246f59d05d49d1af2294c4b26a4cef', 'ac', 398, 146),
	('3b3fcd8d59124b598c7d8e27a386f508', 'de', 494, 250),
	('3b43bc9a23034254bfd897e4244c5c6c', 'de', 219, 304),
	('3b70463b6b724175b464ba615dc32bf8', 'de', 86, 418),
	('3b7ca49cca894780a78b0251088374d4', 'ac', 328, 7),
	('3b8554d8cda14cee98045e7bb00adc71', 'de', 4, 456),
	('3b95903399684724b5c8d38b9e603d4b', 'ac', 214, 142),
	('3b977b7444d84a8fbf12113d15ccec6b', 'ac', 510, 309),
	('3bb36e40970645169ef18034789c10a7', 'ac', 237, 359),
	('3bd1f39f56f141e8afc682f89f5f85d7', 'ac', 181, 199),
	('3be1d929a809417aa383ba34924d9254', 'pe', 376, 337),
	('3c0ce2d48f654c4cb69de0a7a70fba93', 'de', 143, 251),
	('3c233a4b0bcc45fe869386ba79c83162', 'de', 412, 401),
	('3c468a4a14bd4fd093603f383e8f8168', 'de', 156, 438),
	('3c4b618044f94a4c88eab2ab63d1a11d', 'ac', 57, 337),
	('3c75b77141d947aeb2f4e1432f1edd60', 'ac', 45, 396),
	('3c7af3205f934c9086fe21943342b5df', 'pe', 438, 160),
	('3c91d03452c24d3b8749698a8469e019', 'de', 492, 32),
	('3c96c77e8ee349b1a89841d00a8b1808', 'ac', 64, 118),
	('3cb00cce4b3a46c18b3c3d01212ec07f', 'pe', 227, 254),
	('3cb532a38bdb40e8bd1c79e60f1338ee', 'pe', 178, 115),
	('3cba3ed02fd843449c06bfa1a4524fca', 'ac', 500, 255),
	('3cbd67ab4e2b467aa5d956ca9053ee44', 'pe', 488, 358),
	('3cc0da911c8d461f8ff1613ebcb33e56', 'ac', 306, 261),
	('3cc44dfd33ee4509ba782806478e96c5', 'pe', 188, 327),
	('3cda22a36aaa4d44a2830a22694d1aea', 'de', 504, 194),
	('3cdd91610f3246c3b5a308c83c4f9b01', 'ac', 432, 189),
	('3ce0496cc8c3435985947b60309433fb', 'pe', 276, 245),
	('3cf0aabbc32242caadb32e1697e0fe69', 'de', 378, 464),
	('3cf17e1edfbe402891299e706e46ae63', 'ac', 237, 91),
	('3cfff736c90c4843bc503aba336e42bd', 'ac', 450, 454),
	('3d1e7a717ec94b608b57fdce0bec764d', 'de', 478, 355),
	('3d24637933e44ef7a9be2757c09ec651', 'de', 239, 513),
	('3d555430f56246b5955037349973622f', 'pe', 470, 483),
	('3da3bbc055aa46cea65f5f9cff04e818', 'ac', 39, 164),
	('3db125cf211d48578dac94db2af5dda8', 'de', 322, 22),
	('3db2bf7b137f4ddba50089ceec75551e', 'pe', 469, 255),
	('3db8a202c13642f099fde46dec187766', 'pe', 72, 136),
	('3dbbbd7350b34636840e96d7456223aa', 'pe', 258, 106),
	('3dc2bed7252a4b2f9006188d18079354', 'ac', 510, 433),
	('3ddf0253c454458e98d669f9410f9fab', 'ac', 261, 505),
	('3de4e276fcef46b8ad01c8dca7d7576a', 'de', 405, 479),
	('3e165926eb6c4892bbcda24adf0f7f83', 'ac', 44, 6),
	('3e47112f6ea8461ca6231185d1e2474f', 'de', 10, 376),
	('3e5a9981c5924ba5aa8ab5e84add8f3c', 'ac', 360, 306),
	('3e842eea5b174681b1a2f06786bcef33', 'pe', 384, 51),
	('3e86fc39f12d46b589e2c1cc7b4c1356', 'de', 375, 121),
	('3e9f4736d45f412d9511ca6b30a28204', 'pe', 317, 451),
	('3eb811678f0b41e8a458f779c9a8239b', 'pe', 489, 225),
	('3eb9eb7f0e9d4eb0a32e5cfcdce2c728', 'de', 377, 239),
	('3ebc7b8397e046cbad675109e740b936', 'pe', 224, 22),
	('3ebe7214d19d40d09c4665dfb1a1aab2', 'de', 445, 138),
	('3ecb236f8f2a4459ba7b10c55c244885', 'ac', 370, 143),
	('3eccdc620a2a4ca58c1ae4a0c0639289', 'de', 419, 56),
	('3ed610f0a26e4652aa68bd1cca51ca9a', 'ac', 480, 128),
	('3efc79e953944cada4aca6f0a3986317', 'pe', 474, 103),
	('3f13aea29e9841f4bd5612b40699ee77', 'ac', 188, 318),
	('3f3ff5a2bbe1497d98d09af9f9c937a7', 'de', 184, 161),
	('3f562a844eab455497b7221c6d4fae48', 'ac', 201, 418),
	('3f57c7be33914c398035b7060f206bca', 'de', 122, 178),
	('3f9c4e2fe9b84f358bbd5754a8117ef1', 'de', 38, 146),
	('3fb5f791421942b49dd5e9eb13fa5667', 'de', 142, 518),
	('3fb6fe50b2e042acbac72c805d4c9845', 'de', 515, 148),
	('3fdf8fb47f9d4ca88c41f291c39fc1ab', 'de', 290, 122),
	('3ff064dd6ed44c149871bd6b6ce3335f', 'ac', 356, 36),
	('40251b9d5fee49efb8e6d4146e2eaea4', 'ac', 351, 38),
	('4040dc7e15804bc1a0a08dedb2f01800', 'ac', 132, 448),
	('406000a75c554241ad9b3cdf1cb65278', 'pe', 337, 273),
	('4085bb8bc0f24c1fa76a114f33629549', 'de', 138, 137),
	('40a3a56b66294ece8484c40946d051b6', 'pe', 9, 256),
	('40c0e433a39c48f8a99338d54c19a49b', 'pe', 22, 29),
	('40d4d0f2e536481985358a95030d79b4', 'de', 408, 128),
	('40e77d3dfd8a40cbb4435b24fc560b63', 'de', 166, 380),
	('40eb6b86e0f64cce8b89edc0e6cd8f52', 'pe', 10, 514),
	('410fb2b13a0e4b8eb68cab7712659567', 'pe', 425, 131),
	('415de1643e66418aaad1bf0737a04604', 'ac', 147, 86),
	('417e0ace6d64424d954eedf554ef52a8', 'de', 219, 475),
	('418034c5ade44a06b33960a1e70d7d88', 'ac', 464, 63),
	('4180589d8f1744c6bcc043f0608ff9c9', 'de', 368, 109),
	('41840f6c2ad24120aab5e11fbbe0235f', 'de', 357, 257),
	('41887770211f452da5760aeabc9abacb', 'pe', 413, 167),
	('419b90afe68f47efa65da45c80c2a1b0', 'pe', 379, 405),
	('41e05a2a5a7f439ba79806cbb64ea12b', 'de', 34, 226),
	('4219eec740b64c45ae86a5e6e93b2994', 'ac', 311, 473),
	('422060786a3747b3ae1b4a15dae9f622', 'de', 272, 403),
	('424f2db3a77a46abb25689c8f2ee3950', 'pe', 144, 76),
	('4268e92b588a4165bdc1aa6fb9d4786a', 'ac', 419, 377),
	('42ad6ff76d534988977e4328136546ad', 'de', 138, 478),
	('42b2f938067d4118a6b4496144b0159c', 'de', 432, 318),
	('42e7aa2e4352465f902d39cc51a641e1', 'ac', 131, 421),
	('430873a663904d189f4327b7a6a81252', 'de', 87, 450),
	('4357126f4e694b17b72acdb0b43fc46c', 'de', 440, 355),
	('437cf35ca2c14cf98efd1b602dbbf7c8', 'de', 11, 299),
	('43a1e7074aeb4543aa3129f4c57dc809', 'pe', 483, 399),
	('43c7298151014a90bc29952bc5a80996', 'ac', 12, 113),
	('44094fd3f0454bea9c004dbb9dd349c5', 'de', 513, 223),
	('441c3cc6392144b9bf4a360dbd5732da', 'pe', 46, 262),
	('442109ca4c2f4d35a6a33296abd37d69', 'de', 186, 34),
	('4436188e03c744d8916eb0d1b4a2e53a', 'ac', 34, 220),
	('44845fe1ad344080b72089c67881697a', 'pe', 402, 184),
	('448e0bfcaf644b3b8577d57ffb720f63', 'de', 469, 510),
	('44b4f5473b0143809f6fa8d3ed840b7e', 'de', 311, 372),
	('44ba6609ccc34f24bc0a6052382fbb82', 'ac', 507, 360),
	('44c13dba86914cca9e2b31ee8f06ef4c', 'ac', 262, 204),
	('44eb3237cb094707bc954de6f5c70d37', 'de', 470, 413),
	('44f65035cee04fdb8acef62b6f9591bd', 'de', 497, 277),
	('450cf017f43147f288bb34a0e0b90222', 'pe', 390, 396),
	('4543b262d8224c41a5d03f22e33bfa57', 'ac', 135, 30),
	('454e5831db24478da6d4bd0d8ffb5cfe', 'pe', 56, 55),
	('4550bc02ea9349d9bbf11fdf0f7cfe5b', 'ac', 483, 197),
	('45737c6a55e849f8aeca54e0bd502908', 'ac', 267, 447),
	('45a085e623b94687b5c15c6fd6c12cb0', 'pe', 60, 253),
	('45b2ac25c537452f9d4e0e007821346b', 'pe', 268, 281),
	('45d4bf19cd8e40b68764423e4a980a7f', 'ac', 489, 75),
	('45f71b7579194514af4885b6f1e86a6f', 'pe', 226, 426),
	('46017e367e214278b483a69cd001fb27', 'ac', 289, 443),
	('4626c54038f640cea02b93d8c96a88ee', 'de', 279, 53),
	('463e4e0116c14002b5e8531fe266bc9e', 'ac', 55, 282),
	('4658a51df95144e6abe5983423608107', 'ac', 62, 425),
	('469e6790d6c542a49fd2fabf88240845', 'ac', 215, 300),
	('46dae34a764f40f28179d8825eccc529', 'ac', 205, 492),
	('46e268b741e4419e9cfe1bf49e482c23', 'de', 186, 444),
	('46ffd83cafe345238178f0d8729154b4', 'de', 438, 390),
	('4836ace269a14fc886883ea386916b44', 'pe', 160, 173),
	('4854c304949e4a5fb62c1a40aef8d7fc', 'pe', 136, 198),
	('486bd018176b44ce922b76925848af2e', 'de', 28, 92),
	('4877b4e31c9c4c80a4f4ae006e271fb6', 'pe', 101, 318),
	('488f40f1e7994feca43d7bae559dcbc2', 'pe', 430, 421),
	('489a3b6fc205471cbcc7cd5561436cb0', 'de', 507, 489),
	('48a12358eb0946668d131983e1bbb90d', 'ac', 8, 75),
	('48b9f24a8278418bb5138321edbf4998', 'pe', 368, 113),
	('493d9fc8123247b2b3e9d6ccf5dfdf41', 'de', 70, 178),
	('49446470e7524694b824dc6b9c1ffb9b', 'ac', 429, 385),
	('494cdca87e1a443d94382857440c1376', 'pe', 49, 100),
	('495d2feb9a9449979e40f88dbc405bb5', 'de', 140, 3),
	('495e52ee0d0941db9541668767a10fa2', 'ac', 50, 33),
	('495ec7c0414344a0932067953fa20f37', 'de', 180, 261),
	('49731993257c4b4d8bcfcf2d52f4bd1f', 'pe', 274, 8),
	('49a7bd3d92594db696e504df63d1eb2b', 'pe', 33, 328),
	('49b67a7e5a0f4446a757cdab58115cb8', 'ac', 159, 389),
	('49bd8207b5274419ad04d483aaece822', 'de', 63, 42),
	('49cda7d01e304cf7bfcb47e56ab5ef59', 'pe', 337, 55),
	('49dcac5ce57e485bbe5a6079c836b354', 'pe', 16, 457),
	('4a0e18aad77b4a51a2642ffec6bfaa38', 'de', 392, 470),
	('4a7e61b70aea49a9bc2c9bf6d1be054d', 'pe', 84, 396),
	('4a964d403b714eed911172a2439223d1', 'ac', 147, 448),
	('4aa9e8d705d449a8a071da20e7688536', 'de', 117, 106),
	('4adb27e158c945ab97b906322046d821', 'pe', 278, 414),
	('4af6ec37e84b4f4bb9006c9c18dd4107', 'de', 89, 351),
	('4b3275a423c94a7b9ff3fae52c17505e', 'pe', 273, 196),
	('4b6cd10fb827480bafdd3fecda3405ee', 'pe', 270, 28),
	('4b7669a37a74408485a22f73335973b8', 'pe', 126, 319),
	('4ba48341b3ff4eb0821e23fbfc402409', 'ac', 431, 35),
	('4bafa332202742b7b16d5f8629fd4147', 'de', 323, 254),
	('4bed688b814c4457aebafd2754831615', 'pe', 198, 334),
	('4c361078a0ec4d028cbd4e2f8989cf93', 'pe', 77, 477),
	('4c601cd1b0444936918fa18c04c0f564', 'ac', 517, 352),
	('4c745dc53ad146878d1756665582f7de', 'ac', 57, 496),
	('4c8d64cb80b24e128d152ef3c04663f1', 'ac', 323, 467),
	('4ca6899ba81d497686f159bb40bfad36', 'ac', 219, 339),
	('4cd80e0cc1b04f1689004bffb7da9254', 'pe', 37, 470),
	('4ceee5fd7125441cac1a308808ed1618', 'de', 42, 472),
	('4d005fc2c70f49a7b93a55166fe1b127', 'ac', 374, 299),
	('4d2ddbc39ad74444aea0a79e15340c4b', 'ac', 18, 484),
	('4d737e0325ba4dd9990b6f663d406274', 'pe', 161, 243),
	('4d87785f025e48d7ae16ad1cdc2ee6fd', 'de', 402, 160),
	('4d8904f0fed84e27bfece4629d4c974b', 'ac', 64, 409),
	('4d8fb1890dd64ad995f2cbe5b59e60cc', 'pe', 156, 339),
	('4da668093a65422a8b2ca97f29ab681c', 'de', 466, 366),
	('4db2ad129d874ab28bc29c03e0e46186', 'ac', 176, 475),
	('4df848b456bf4802a361d86ef077a5a1', 'pe', 471, 17),
	('4dfc570e2da147b4afed75bbc7a254c4', 'ac', 307, 383),
	('4e17483f6be4439ca245224a6e6d1b14', 'de', 434, 270),
	('4e1aea52dc704be2ac35b639da3533b2', 'pe', 132, 22),
	('4e292a75127a43499d865fd94b9c718f', 'pe', 403, 55),
	('4e33e74b386a4c26b663febaa712cfd9', 'ac', 175, 154),
	('4e822abca1c84411ad5ca321cf302686', 'de', 325, 342),
	('4e84c6252dd84ae8bc093705896be6eb', 'pe', 25, 243),
	('4e85c8806d70492e85ac282d3762a48f', 'de', 274, 169),
	('4e9afe8db48b4659a3aecf26e9e9d860', 'ac', 1, 520),
	('4ea88413cac84aabb56cf678449edfc1', 'pe', 269, 45),
	('4ed57858ddeb49edad5912092c72df1a', 'ac', 196, 261),
	('4f2d73fd246f4905be895f3272b20c0d', 'pe', 332, 126),
	('4f41b50b71314077bfa6da3ea0f3deb9', 'de', 160, 97),
	('4f74f20312af4ac792a9be07196ac758', 'ac', 61, 102),
	('4fc0125dd0a34c5393d5bba0ed08f214', 'pe', 309, 167),
	('4fdc6afb9671405a95e6c5b74435b88f', 'de', 467, 343),
	('50378d2347784312992a59e64bcd6331', 'pe', 468, 427),
	('50a9a4241f524c4b8ab1df883f35ae0e', 'pe', 300, 508),
	('50c82402bf5547a381f5c05fddab642e', 'de', 314, 168),
	('50f2674ecf8b47a58718d6e2f4fed371', 'pe', 88, 26),
	('510d01230f994bc1821a5377f3109b9f', 'de', 215, 3),
	('5116de12c1f2458c81611d1a74e4d07f', 'ac', 12, 455),
	('514ce3c3241e4197b8d5baf1635cb3f4', 'de', 324, 486),
	('51795824d223441681b56b73c0b38e82', 'de', 356, 50),
	('51ad41ea30654bff841923b415053b52', 'pe', 498, 136),
	('51e0e1af122c460ca7c8561a4f4cda66', 'ac', 427, 74),
	('51f9eef3a2a846fa9b592a74de4fdc64', 'de', 84, 117),
	('522e8c8ca4bc472bb3a129077d22e5fa', 'de', 501, 322),
	('52365e9901d142f486904cd7891a09c8', 'de', 385, 99),
	('526850018b40417486c98af6224cde0a', 'de', 98, 178),
	('52c516bec32d4d8f9a8501960ffef507', 'ac', 37, 267),
	('52ddbd0f4d06459b96afd7017a9434b2', 'pe', 240, 501),
	('531ed966f23842538733cf9f3c86addd', 'ac', 34, 233),
	('5322de03564d4139b0e3befd60515a94', 'ac', 260, 320),
	('532af8ea5cce4b39921bae05c7e5f739', 'ac', 194, 134),
	('533788f6afba4369870de74daf2b0424', 'de', 29, 139),
	('539225be0d0d42d5978abad2019fe14a', 'ac', 54, 284),
	('53a15ec6cae2410f8eea8bc229b3c4de', 'ac', 485, 280),
	('53a4f0b122d84c7a934d40cad1645c08', 'de', 399, 357),
	('53c5763f3d204c3d86276c6f7b196db1', 'ac', 377, 140),
	('53ca8aa8ec184a30a9e0a1fe185b0e5f', 'pe', 9, 468),
	('53ceeb7cbfc64f978a88d98cdb071c2a', 'pe', 498, 375),
	('53f393f6e09a48eda8f208d0cf026312', 'pe', 222, 208),
	('543d57f612304e04b5ea1236cd0bef3c', 'pe', 50, 128),
	('544a2a2f32284b32935987ecabea9840', 'pe', 375, 59),
	('544b2e821157420e8419828e0fff785f', 'ac', 49, 393),
	('548fe98bc3da43cd8df86d6115a5486a', 'de', 495, 174),
	('54e07eb2c91c4ef7adb9f5b9548d4672', 'de', 405, 145),
	('54e37be8a3d645c8b2088d19ea4bd006', 'ac', 396, 29),
	('552a5cf4009b417181e436323c3928b6', 'ac', 360, 195),
	('5557c052021f4ddea3aaf5e0656b3b82', 'ac', 200, 450),
	('5562a7300c0d49e280bdd475a005c9c4', 'de', 245, 518),
	('55ad49226f9040aebfe15a6c26131194', 'pe', 78, 349),
	('55ca91610bee4a858c1b83a9fb6b2fe5', 'pe', 158, 421),
	('55dc674bcff14b58a9fde21dcb26f4a6', 'de', 204, 469),
	('55f1fa2f862e4f97b446732a662f1a0d', 'de', 430, 356),
	('55f456f4e8ed43799d5211acc9e38360', 'pe', 514, 154),
	('55f89c1f2eea44c7b23cc3c6b87922da', 'pe', 20, 159),
	('560dad2628f247729946f96c85cbe562', 'ac', 212, 306),
	('568dc42fff2e447eae00269173e83c77', 'de', 309, 442),
	('56a0c40fc53d4b15a1742f6c789a827e', 'de', 342, 458),
	('56aeb62637f3417c89753f9720be0dd6', 'de', 143, 507),
	('56c30519e15f4603a4c4e9a838bd14f3', 'de', 305, 189),
	('56c7c6ea92814308ae947b99a001c5ab', 'pe', 315, 198),
	('5717e89e4e704035a588e163b1e1d102', 'ac', 87, 90),
	('572e2ef6450c411097c7f22a03da587d', 'de', 63, 516),
	('57bc038cfe69463c887ddf462ff9f663', 'ac', 339, 119),
	('57dfcde2f9534bfbaa3250d76615c42a', 'de', 478, 487),
	('57f58a236c9e483dae05285056f0431c', 'pe', 157, 341),
	('581af607891443949c018fc46b4fa102', 'pe', 512, 498),
	('58392058cae54ebcb338fcb2f21e15c0', 'de', 441, 388),
	('58650f30678d4dae9797307ff9c9d94b', 'de', 388, 466),
	('588b591a49a948f6b90dba279a9975d0', 'ac', 132, 12),
	('5897f26332f44647bfb1eaa96d4ce405', 'pe', 272, 196),
	('5899cbaf9bab444b81312283a38256b3', 'ac', 305, 517),
	('58a84705522943bc970c67f9c3524311', 'de', 171, 199),
	('58e8d6e84cb249788e797bfa5cb006fd', 'de', 337, 171),
	('5920838332df429896d20ad89d8702d1', 'de', 463, 5),
	('596b6d5c55154f4d9f8e6e6c1a47c382', 'pe', 470, 20),
	('59b3b38e8b3d4011bdaefca8bdf26405', 'ac', 284, 230),
	('59c4b1e845e54583a47db79ba3a7c7f5', 'ac', 229, 247),
	('5a657c89e3574de6aac3cfb64c985dfc', 'ac', 289, 454),
	('5a8db66bf03c4fa2a577e66d3871217d', 'ac', 335, 139),
	('5a933535f9b845cb81c4c630e3186a8c', 'pe', 376, 486),
	('5aa106a169044906866c44993a577648', 'pe', 125, 159),
	('5abba01b71b04251ad9cc399ac1065b0', 'de', 424, 6),
	('5adb63e1a4d74346a8b2ac37527ae3d7', 'de', 7, 358),
	('5b20f289c0e842cb84a00d63c2ad6313', 'pe', 94, 152),
	('5b595a0ce6a3421cab923022e525dd95', 'de', 26, 2),
	('5b7adfd1c16c495d9c182f72d1386da1', 'pe', 196, 112),
	('5b9fdaaa3fd74f988a3310ae8c8116d7', 'pe', 13, 180),
	('5bae6a7ec3114f4e9d8f198584f36f70', 'de', 381, 53),
	('5bb2189bbf3a45e988b26adb2c2cb34e', 'pe', 439, 91),
	('5c0106207ded42a2b9f60e11b478fcfc', 'ac', 30, 419),
	('5c0af6bd2bf54026b49a3acc9f44ef19', 'pe', 211, 49),
	('5c4a825235f24a3a9ecacb4946dbd324', 'ac', 458, 499),
	('5c7cebaabb9b402a93d476b5be3c828f', 'ac', 47, 214),
	('5c90c6f972624b43a271d3ed46ba6e07', 'ac', 470, 156),
	('5ce571e6dec74f209ffcb127fca4ca4a', 'ac', 497, 31),
	('5cfa8caa4027488d8ad9dc3a9acff7f1', 'pe', 403, 249),
	('5d728745b7d44399bf331bef647ff374', 'de', 34, 208),
	('5d837bce38554168b55bfe48cd6215f2', 'pe', 108, 482),
	('5d9f166767ca41b6b35b272547951d4b', 'de', 462, 54),
	('5ddd36664ff04fdfbfd79d9bc8fb8282', 'ac', 515, 502),
	('5ddd417e2c814b4f8a77bd7bfa4d2518', 'pe', 27, 241),
	('5e5cad5d6f434712bcdbe4dbf6048e60', 'ac', 266, 60),
	('5ef26996e8ea4f70893fea623420b4f6', 'de', 65, 70),
	('5ef718ebc6c44abda2e4a4e762ef6bc7', 'pe', 29, 424),
	('5f20b3ffdcb84a55a1fafc0e3ebdc25b', 'pe', 365, 364),
	('5f20c09d87d2479e840debfdf5fe6f82', 'pe', 16, 5),
	('5f37381042ba4063841d09fdcbf799f5', 'de', 499, 283),
	('5f48676b1aa4425e9b8bd8abceeaebf3', 'de', 198, 101),
	('5f527a656dab43db9639474d0e4f41be', 'pe', 493, 169),
	('5f8ad5691b72453c97a8d4b1d938b537', 'ac', 305, 462),
	('5fa4c496810141b3b01dec7282ce7ff1', 'de', 224, 205),
	('5ff1634fa761480ebe09c1a8ec1c4710', 'de', 119, 209),
	('6016184d60934450824025321cdc1374', 'de', 26, 294),
	('601f0a48bf384cb8be02341e0d1da35a', 'de', 502, 317),
	('603e9faacc5b4f1dbcc5e6d4ea55c436', 'pe', 162, 210),
	('6044069a18ea493b9e56bbb62851cc54', 'de', 24, 496),
	('604a7c331bca4bb196b7c466054f302b', 'ac', 149, 461),
	('605737a1a85448579c250ea78e270fdc', 'pe', 404, 471),
	('6065b4342f404d42be256fe35d1ae30b', 'pe', 281, 155),
	('60b32440d8774164a3debac9564588f3', 'ac', 308, 90),
	('60c5076176be44d1b2a7fd0c607c6e13', 'ac', 52, 428),
	('60f67591fdc344bc8cc0b57f9db38e8f', 'ac', 356, 335),
	('617922870b59432bb11c351203af8bc1', 'pe', 17, 135),
	('617db811f1144c008a8fd358571fc8fd', 'ac', 351, 64),
	('61ac88c1e1d2444baaf3cc9b7a1625ec', 'de', 225, 384),
	('625448ce27ad4ce485fcb9956c57b8c6', 'ac', 491, 472),
	('62bcf9f9603f419db4c5a1865d4ffc35', 'ac', 196, 41),
	('62ca2bd948ec4fd8be4b944a29bef1a9', 'de', 356, 26),
	('630b846840904f71bc65117071b75398', 'pe', 287, 81),
	('6315d6e89be640eeacbf5b98c102d86b', 'ac', 465, 113),
	('631e6dad11594a379953d4c24d8d1912', 'de', 146, 335),
	('632f2282792e4773b0acdf05526685f7', 'ac', 501, 266),
	('636838b571e84069af62443217bca701', 'de', 344, 57),
	('636d01f86d314c8fb7cb3e35db34b1b5', 'ac', 82, 150),
	('6384d8a4e1df4302a6f8449bad6cbc8c', 'de', 250, 173),
	('639b7094d3e04b31accf3cfdd9f95ba4', 'ac', 316, 2),
	('63a88375ca0445519725eb5134327eb4', 'de', 231, 259),
	('63e07d5b2a1543ae9b1c0b0bd3d39a97', 'pe', 199, 200),
	('63e2ba0e2596433298c5805a22be0d6a', 'de', 370, 412),
	('63f11dab3b9545e0af8f074511bc2fa3', 'ac', 137, 424),
	('642469b858b44545a47de350ec3f9abc', 'de', 298, 78),
	('64346bfe43cd4706adc8686820b8864c', 'de', 100, 391),
	('6449a35436234d41aa669c621dd2c965', 'ac', 471, 132),
	('646236d4ef4c4355be4c5547f59be50a', 'ac', 428, 154),
	('64971564096e4bbea8cf28a70bf23465', 'ac', 295, 221),
	('64bdd7294a8d43f7bdd4210b36dd7f99', 'ac', 224, 460),
	('64e1a91004c94527bc8613be6279102e', 'ac', 323, 315),
	('64fe816cf37e4a31999c8d22c40a39f3', 'ac', 353, 503),
	('653ad4f9261a43c7864934287f2364e0', 'ac', 320, 435),
	('65578caa0d9543b0aab8909c19d32286', 'ac', 468, 112),
	('65dd6ce076684f2682ae90f81c9a596e', 'pe', 133, 391),
	('66085217d657428ab895c9a99633e9ed', 'de', 242, 107),
	('660a49b91eb1464293cb5fdb37935a6d', 'pe', 92, 366),
	('661aab19804e49b888f1f36569357b3c', 'de', 476, 473),
	('6644bd3fe0494ee3b0b88fcf77daebee', 'de', 43, 9),
	('66478b32da694e21bde2ed2d03944b6e', 'ac', 487, 165),
	('66819ea2c3054f2fa2af725c5646d750', 'ac', 493, 63),
	('67019d21f2a241cbb76d7b4aec4da3b9', 'ac', 63, 369),
	('6793fd955aee48dead6dc430aadefe06', 'pe', 159, 94),
	('67b64aae1b1d45fda4a9f4b98b9a6c39', 'de', 185, 39),
	('67e5adf7bbd34e458d6fdb7b203544c8', 'pe', 151, 21),
	('67f0ea6e9ebb4036b851141d0e4fc4a1', 'pe', 118, 126),
	('6806a2b977cb4a049a05eb973648b174', 'de', 332, 115),
	('6825c67f350846738fe5cf3707869798', 'ac', 452, 381),
	('6841a90fd56a45f499af5ea8619fccb8', 'pe', 2, 1),
	('68466b303adf4933b7d7c9a6cd2ef489', 'ac', 376, 312),
	('68564ed827ce4e2b981f983930c175be', 'pe', 487, 297),
	('6877eb02ba7d4e149aba7cefb2d83e8d', 'ac', 473, 214),
	('687c58289c874ef7a230669bc0676efa', 'de', 462, 86),
	('689c629bd7434ffab235352192110a38', 'ac', 433, 360),
	('68b229ef08774a3c9be3aadd52ed0964', 'ac', 78, 303),
	('68b9314000a640689cab6314150a939a', 'de', 377, 30),
	('68bfda451f7d461c99498bfac6ea41ee', 'de', 418, 200),
	('68c4a9f276bb4016a3273ccbb7404a06', 'de', 402, 40),
	('68e309516b6a4dc296fcf2208fd576be', 'pe', 328, 361),
	('68eb9319b79d43a2afdc579ad7f111d0', 'pe', 260, 50),
	('68f33c97f6b8416980ed38aad2b6b57f', 'pe', 468, 298),
	('692da160846a492499986ba2cf9b8c4a', 'pe', 57, 454),
	('693be71bbda14940bd94e37aabd03dcb', 'ac', 510, 58),
	('696e2c1dc14d4d7383546a88532e0bc2', 'pe', 231, 517),
	('698ebb9eff0c430da5eb311893e44da8', 'pe', 356, 146),
	('698eeda3dd3146409dcbbabcb6372c9d', 'ac', 213, 241),
	('69bdd99a35a44a47a931f2610f896ebe', 'pe', 222, 267),
	('6a13bc185a6546769041b9eaaf3df351', 'pe', 196, 24),
	('6a3b246da11a446d8740783769510e78', 'pe', 210, 419),
	('6a6363f05d3a4c599b7cfddae5483107', 'de', 235, 59),
	('6a96b1e09bc64eb0a63e35db88b3e904', 'ac', 198, 163),
	('6a9ddedc299c473ebdbd67f2ea04e706', 'pe', 11, 149),
	('6aa63b3b66cf42618cbc27abf2268764', 'de', 363, 238),
	('6ac0f200c73447b5825eccf342a7918d', 'pe', 154, 99),
	('6ac392d4a8354617b246ceb5eb1b50bb', 'pe', 205, 28),
	('6ac5f36112624b19a6b41bd06f0be871', 'de', 358, 223),
	('6af03cb3c8174c39b2d4174d41078386', 'de', 258, 295),
	('6b2889bf5db74fb4bae6541b030af435', 'de', 240, 151),
	('6b530eb552714275abd105bbcc06eb53', 'ac', 273, 385),
	('6b56bbc089be47948a8692fb41580ae7', 'ac', 506, 240),
	('6b6643db82ae4bfd8e14722449777a49', 'ac', 368, 498),
	('6b9349e85efb426986645f075479a912', 'pe', 466, 262),
	('6b953c8e17fa482c837d6fc5ad9dd5cf', 'pe', 254, 230),
	('6b966ab73bed4867a199d1fd3ed3b699', 'de', 321, 326),
	('6be5fda6821f49c085447e55049695de', 'de', 348, 6),
	('6c4f21939dcf44dfb4b716e52a29e791', 'ac', 132, 302),
	('6caa8c7fd6934b56b96ebd533285f19a', 'pe', 353, 72),
	('6cb2b5406d4741eb93dca37c25bfa930', 'ac', 324, 72),
	('6d7ef47c69c0431496999231b7b057a6', 'de', 38, 165),
	('6d82d216bd674eb7b826e288c94c9bef', 'pe', 489, 211),
	('6db6721ef0904e5fa09e124c2f9edbe6', 'ac', 38, 345),
	('6dbafcc58a064809a42531530c70d7e0', 'pe', 91, 61),
	('6dfabcbdf4074e10b51635fb70b12e0f', 'pe', 271, 211),
	('6e1c2c5239f3419584ffb1ed0a34f023', 'pe', 113, 123),
	('6e52b1346d2445e7b6c199b82d55d1aa', 'pe', 518, 163),
	('6e58a431d2294281a7b7de61617cdb0a', 'pe', 262, 274),
	('6e8848352b564783bfa5eab231d74007', 'de', 481, 59),
	('6e898ef9daee4f828297da275f23e05f', 'ac', 370, 184),
	('6ec27c511fad4eb3929628086f9336d9', 'de', 172, 85),
	('6ed933919ced40a49efb112c822b7779', 'pe', 100, 194),
	('6edf05dca3a649bd8265403f30beeb87', 'ac', 478, 449),
	('6f5bdff261154b04aa3d460c8f6e6566', 'ac', 476, 17),
	('6fb9e26ead1342adadcf27e7a2ca3b7e', 'pe', 162, 478),
	('701611d4befd4fcca9f971ed7519d406', 'de', 415, 39),
	('7066287b25064df3bcf795f1432cef15', 'de', 331, 361),
	('70700760fdba4f95a94e1c14cd1abc5a', 'pe', 37, 220),
	('70e154307b9d48119c6c00e4c487993f', 'ac', 222, 341),
	('70eb47e80609440ab92835b0104c6ba6', 'pe', 429, 231),
	('711171bd9dd34b0f8f3058f95d03d6ba', 'ac', 36, 368),
	('7112a92d34014e998b42f9251670d179', 'ac', 417, 81),
	('7138f14ae6bd431984ae31b0855706ce', 'pe', 188, 202),
	('71417256456747df959f9e39c7aa9b16', 'pe', 66, 180),
	('7174e21a8bbb451a81562159fcae4718', 'pe', 422, 341),
	('717f75c557364b7f919ce8b8ecffd07e', 'pe', 76, 492),
	('7181602d74294d5abb6a5dd412b3a065', 'de', 255, 378),
	('71b8c4ce10164180a8f4c25746778d41', 'pe', 421, 380),
	('71e4dc149ba64f2f8397d4ec39cb6b55', 'ac', 92, 379),
	('71fa2c2a05cd458f8e5e1767b0b34508', 'pe', 268, 308),
	('723868ac39a543f2bdc02a67344574e9', 'pe', 410, 195),
	('724dfe60e90549129190a25ccdfa3a5b', 'pe', 477, 169),
	('7257e420c7174027b64df22546d765e9', 'pe', 443, 508),
	('7264b15596b443ec94dd075170a1ebab', 'pe', 99, 125),
	('72848d061d0949e6a9dc21b7782f1afe', 'de', 83, 211),
	('72a8a80ce7d347d8a53a7da171536f8d', 'pe', 170, 80),
	('72cbc36d0d6345f6b054f77d6c773c0e', 'pe', 102, 51),
	('72d3191dab454b31925df33c103ae89f', 'de', 481, 379),
	('73166226a5fc4feb8407a551bc519342', 'pe', 420, 59),
	('7318986313f64800a1b6bd524b6f10fa', 'pe', 380, 65),
	('7319c34e0b334e29b1880469fe6a833c', 'de', 352, 9),
	('73436c2efd7741a18443978f85df62f0', 'pe', 78, 103),
	('734fc41a2fbe4657bfa0b291a807036a', 'ac', 279, 152),
	('73610b5d741248e7bc8a2414b710a44a', 'ac', 415, 515),
	('73a7765855564f878a1bf190fd65cfe5', 'ac', 86, 163),
	('73b1bf79ccff46f1b6c7f1f5e8fc64e0', 'ac', 277, 84),
	('73b1c677cf2f43a6acca5814c640a1f6', 'pe', 162, 504),
	('73b2e94bca024a3baeeb6beaf9116e4f', 'de', 389, 232),
	('73bc914e269249b3ab9ce9a609c7cef2', 'pe', 128, 89),
	('73fa233a7412410ea792bdca30fc008b', 'pe', 475, 97),
	('743e0dad02d24d678613264007277448', 'de', 253, 344),
	('744b59be0eea445da7b8ced6b853da92', 'de', 169, 152),
	('746fb7a5429841bbafcb2a3ba5092c51', 'pe', 71, 110),
	('748c09143a9c4118b38ceaec988ca2ab', 'ac', 500, 425),
	('7497740ba5d64a91910f2928cebccba1', 'pe', 286, 206),
	('74b160d5624e44e89169522752970e96', 'pe', 239, 472),
	('74b74bece51a41708c1073639b27a8d5', 'pe', 266, 331),
	('74ca878128e646f59c3e3adeed2227c7', 'pe', 335, 113),
	('74dce2bd23fd4d8cb57b57cde941bd17', 'ac', 222, 137),
	('75188b05d6bd49a588c4741faece840f', 'pe', 299, 16),
	('7538949396d94fe1aa5d889bff098ccb', 'de', 176, 68),
	('7539eff64b064945b3f1e52d95fbe98c', 'de', 295, 247),
	('754438642db7463a9bb6aeaf3d58cd73', 'pe', 339, 504),
	('7586c2b772b9418aa3257b3bd7efec17', 'pe', 448, 257),
	('75a7756c4b974111bdb7f12a76cd1368', 'ac', 163, 440),
	('75aec7d559054ffabea11c778a955483', 'pe', 258, 490),
	('75c0f7a8a0824a7fa8e5a853aac73969', 'de', 7, 438),
	('75f74bc0962b45f0b24624f17200caf7', 'de', 86, 222),
	('75fe601a95da4167af472cb70225f337', 'de', 444, 408),
	('762b62058a304a89ba8210a52b8a5f86', 'de', 403, 166),
	('766edfb6954847e2a9a39f39d1bb572c', 'ac', 4, 124),
	('76803097443845c3920614e94f698169', 'ac', 393, 332),
	('7692aaae759e4398880382c3e29435b1', 'ac', 367, 132),
	('769bda49add14e5f9405e1e3aae1a287', 'pe', 514, 117),
	('769db702148d4fbabb6a9e4bc6e49502', 'pe', 191, 436),
	('76b45ad8acd142d2bee6378a948f377a', 'de', 189, 499),
	('76ecf29fa82f418a9f47594c2ed04ce2', 'de', 131, 69),
	('772b8d001e9e4dfa8db5d909844b16fd', 'ac', 301, 219),
	('7736280797e3451fa7cc13b5f4039fbd', 'pe', 411, 42),
	('77510998de534ab593502e678f3f729c', 'pe', 280, 179),
	('7772f8835c5d49ba83cdb5608d3c15ee', 'de', 69, 185),
	('7774d8e7a6b749c296f953be659614a2', 'pe', 80, 379),
	('777c07dd5bf64e5ab3654319283adeeb', 'ac', 196, 312),
	('77845f7ed8044b3b8a1f0dcc8ae1afc0', 'de', 426, 63),
	('77a8c7b6f5fc40efa0c926e710acf8f5', 'ac', 433, 410),
	('77f320d60680444296161934435ff151', 'pe', 86, 351),
	('78524d2d6b254bdd905a721d20e7a6ab', 'de', 254, 190),
	('7894599dce98487dbff0650e887ee1c9', 'de', 305, 246),
	('7930f8f0c04e4b25b546e1724689d1b5', 'pe', 239, 46),
	('7933c9a84e224952bd7a33d4da27e94e', 'pe', 466, 300),
	('7938cb27e49b474391c9775fbd7781f5', 'pe', 74, 180),
	('795d51faca1c4b4393b6d53ad669a758', 'ac', 516, 49),
	('79a76aed77a141f88a87bc11d8635f02', 'de', 137, 253),
	('7a0a8a1c9a2b4ee18af4e516acc50a18', 'pe', 11, 79),
	('7a5944bfdbec4b2daaaf413ab71af7f5', 'ac', 411, 235),
	('7a6b881a697e409e8bbe975b8d54608b', 'de', 253, 36),
	('7a9e27c81f864d1899b5c3a54ac4ee8e', 'pe', 12, 502),
	('7abda5e5ef7948868b0b9fda44665120', 'pe', 469, 296),
	('7b09cb54927444dbab26b878309745c8', 'pe', 482, 477),
	('7b1b725f4a464defb15e0e2441ac1f15', 'pe', 118, 435),
	('7b5c62376d2246d6bfc91da62ca23a45', 'ac', 440, 213),
	('7b725f15ef3b437bacacaad4c23bb2d6', 'ac', 50, 355),
	('7b9622f0dfbc4c52bd30d2501912376f', 'pe', 314, 424),
	('7baf86d4373746f6b08467119033eb4f', 'pe', 271, 412),
	('7bb04eb63d1f45ab8dcdff32b5813f55', 'de', 29, 127),
	('7bc0d0fdf3054cef9cd6bf3877f41506', 'ac', 506, 24),
	('7bcb31c709be41a9a585c4a5e990e875', 'pe', 372, 12),
	('7c1044ca19a74292849b3d6e0803117c', 'de', 125, 124),
	('7c1e1d7422a14e77b3c38a12b757cdf1', 'pe', 266, 219),
	('7c229c3b00114c81911819139751bb48', 'pe', 77, 312),
	('7c24a93211ec472eaa17308e50400962', 'ac', 33, 433),
	('7c53cdc6b2554400951dfa5db2aa7f07', 'pe', 256, 459),
	('7c5807eee5f449e1869dc70ea9f0fa57', 'de', 310, 473),
	('7c58e5e699ec4764869ecd070eceac42', 'ac', 435, 25),
	('7ca9c02ed21e4d14b83ddb60987e1ef6', 'ac', 198, 93),
	('7cb1c3421b1544daaa9aa54cbe86f8b1', 'pe', 365, 358),
	('7cb6d958ef7f48fd9441a7e23720d130', 'ac', 216, 60),
	('7cbee1ba7ae44cf9bc5075f506d66c07', 'pe', 210, 260),
	('7cc45164268c4dae82d6a149cff8adcd', 'pe', 272, 29),
	('7cd979f099414614ac5e25f69268c6d8', 'pe', 254, 121),
	('7d1192d46e204c7286f0f23d682377b5', 'de', 251, 71),
	('7d1cde61a2a44b8fbb387cf41fcfd301', 'pe', 207, 54),
	('7d402eeb93b4496e9606154c8e69bac9', 'pe', 141, 52),
	('7d56b9bce2bd419cbb296a9e16b968af', 'ac', 426, 53),
	('7d5f854dccb0430899727e9679e4e864', 'pe', 513, 426),
	('7de9c931666c40ae97514635b2a1aab4', 'pe', 221, 474),
	('7dec52b2183846efb0fb599515615ac9', 'de', 235, 446),
	('7e3f4a61b74447a9b623b2f93e93df62', 'pe', 390, 230),
	('7e62128b291f4e73b70f694ad4e487c7', 'de', 173, 363),
	('7e83e83a6ebe4badae2ed850c286adcf', 'pe', 479, 478),
	('7e91af14e4aa42bca5bc2040b0c4ec0e', 'pe', 461, 306),
	('7ebe5f6e23ce4b2eb1ccf432931df486', 'pe', 370, 182),
	('7ebe9e402697497e8a5b1f991403eb16', 'de', 21, 305),
	('7ee4d277f5ed40ac9d16a59b77859b16', 'ac', 131, 342),
	('7efdc8b73c8f445089020dd6f0860530', 'ac', 326, 356),
	('7f242d91aac144c1aaa544c60717ca83', 'de', 60, 344),
	('7f2eb156266d4aef97ccf50f7cd5c6b8', 'pe', 434, 281),
	('7f33a6008b8f4672b13bea1b4f9153c2', 'ac', 314, 266),
	('7f39f4507c544b82b074c579505ef811', 'de', 418, 4),
	('7f7ab80522214b4da65d5356fec02b84', 'pe', 114, 155),
	('7f831cbc9bc74f20abfcf13fa7c9a19e', 'ac', 162, 442),
	('7f88f2be66f74af2b6f9110f72393d6e', 'pe', 426, 329),
	('7fc6127602d840c98d772092ab4fff30', 'pe', 405, 442),
	('8014a5326ca24953b453d43343f8266e', 'ac', 128, 509),
	('8075fc29a5da4bb08fb94bd2717b7a63', 'de', 407, 224),
	('80ab486803514d848e9e82d5d09e9f1e', 'ac', 365, 292),
	('80b7e12510534f95a62114615ff87221', 'de', 330, 391),
	('80f0aec89b71471a9687391516c1ca84', 'pe', 204, 4),
	('81044f37e3c94dc2bae1a842d2200da2', 'pe', 333, 430),
	('8125edfb3cef40aa8cf89b32efecdb82', 'ac', 74, 325),
	('814b6ec686a84d50bf37302b720a6158', 'ac', 505, 253),
	('81953eb665694cc59c2cb7399703ffc4', 'ac', 223, 405),
	('81a54cea58084c1d96d73de711a6cac4', 'de', 315, 317),
	('81a7fcf327cf47ceafd2561a08ed825a', 'de', 58, 315),
	('8233a577c3d047eb9088d7701daca859', 'pe', 479, 217),
	('8238ec41f6ef43a9a55795733118cb1a', 'pe', 308, 174),
	('829eb14c3b7743c2983a221da6c029e9', 'pe', 23, 392),
	('829fdfc75ba94e43b1bf00790a417171', 'ac', 285, 142),
	('82c40012294e4edfb71d00f1be6ca7b6', 'ac', 125, 360),
	('8330af5986e54701a4313caa9335e00b', 'de', 217, 350),
	('8367ca48732b41b59efa3bd2d6dc7097', 'de', 157, 485),
	('836c5871062f4ecea762b581f7b56cc9', 'ac', 67, 342),
	('8391b90014cc4400a764b422544cf9ab', 'de', 204, 326),
	('83dba97d80a04100ae0a052b34910491', 'pe', 463, 494),
	('8485faad1fba486dbf0c45cf5305c81a', 'pe', 105, 216),
	('8488b9abfe34402ba6b31d54850d51ec', 'pe', 246, 48),
	('84a85867f99a420e980a7070314b8d47', 'ac', 320, 350),
	('84d3681296304ce3a7b2ebfead06c851', 'pe', 11, 347),
	('84e41f30721c4e21b3c95748d843bb03', 'de', 502, 357),
	('8595648200a44d4080801c5eb7fe9c04', 'pe', 415, 403),
	('85b2246692334dcd97da33ffd42eebab', 'ac', 76, 84),
	('85b6e2c0914a42028ab94cf7c05cd46c', 'pe', 311, 433),
	('85c7bdf985d84e9bb7475e2b505f85b7', 'ac', 153, 228),
	('85d70337409e405f8bfc5f66f4463294', 'ac', 508, 114),
	('864432035e5b44148ae65b597579f39b', 'pe', 499, 176),
	('865c82a7256a4df0bc1b766661d111a0', 'ac', 234, 209),
	('86a5c662d15d4226b1b881a4411a9b5a', 'de', 485, 230),
	('870e67264b714a31aad2dca14f3a7039', 'pe', 261, 483),
	('872e89d622a7468fb9b9fce7a7eee3bf', 'de', 373, 415),
	('87606967bf2249a7810ddfd7e13c2006', 'ac', 472, 260),
	('87d069a242104fc29be8acf2a0e66a02', 'de', 464, 375),
	('87da868e5f2f429792863fbffc54b3a0', 'pe', 141, 469),
	('87ecb7e330294f52a78864063d18affa', 'pe', 229, 162),
	('87f2c49d3a2446bcae1b3cc132dff8c6', 'ac', 73, 305),
	('8856eef7600c4427bd01afca071db916', 'pe', 353, 433),
	('885d91a1e10e4a22a940c0c741444cbe', 'de', 347, 95),
	('887f3911132e44b0ae30f35ba813f2fb', 'de', 495, 236),
	('889e46d00d3642ddb65a59a1eb755b08', 'de', 361, 129),
	('88efe8599a8446e38335f05e15986abf', 'ac', 203, 186),
	('890dd31743634291afbc9b9224eda3b9', 'pe', 172, 496),
	('8930d66e4a01419bb37282de9167f21c', 'pe', 13, 45),
	('8932ab47971046059d80330e70bc5e78', 'pe', 121, 291),
	('893babf7d69c46e69b9ca8b4d3f1eaee', 'de', 250, 182),
	('893d589d76ae418e9e9c292a103daa68', 'de', 355, 416),
	('894e1878a9314426af1b265b65f21646', 'pe', 11, 240),
	('8967b3f55e374ad08ace39ae9016abfd', 'de', 315, 467),
	('89c16253d15b469e9d33b22e020b80a1', 'pe', 506, 473),
	('89cc34799cb44837ae4eb67681df5b08', 'de', 110, 61),
	('8a2483e95df5420c9fed2e2526e8890d', 'ac', 121, 276),
	('8a4c1d944650427086e4a7d5aa3c1c06', 'de', 374, 247),
	('8a5c918d932a4a0ba71a6d66bd3644df', 'ac', 494, 438),
	('8a60078c7f284943a0827e2e547806f8', 'de', 349, 130),
	('8af9b836afb74f7192923b0341c7042d', 'de', 144, 203),
	('8afc072005f041688819793930304652', 'pe', 72, 439),
	('8b29e9cdc27d4151a6bd5a2b6f2c24de', 'de', 30, 57),
	('8b2f762ee22349369b3ef57211cc969b', 'ac', 228, 285),
	('8b7e6664daf64dfe9f801f74ad63d61f', 'de', 433, 19),
	('8b8f866c14294d679ee376c5277ad316', 'pe', 329, 183),
	('8bd7f6b8f82e40799c5e4fa6fd56908c', 'de', 434, 104),
	('8bf0c3025327409d9812e59f60078f74', 'de', 145, 94),
	('8bfcc6d95b9c4963ad6c11581dc0dc65', 'de', 307, 380),
	('8c1619f600fb4040af2535c1e5fb96d9', 'pe', 301, 229),
	('8c504d9f2082468f9c224bcdd374bdf0', 'pe', 484, 41),
	('8c5abf12f6a8442781308ad13e62598d', 'pe', 183, 467),
	('8c71836d50134783bfe807fd104dc071', 'de', 193, 336),
	('8caa910f4ea94273bf018043ba63f344', 'pe', 177, 8),
	('8cc77d4dae9941f4911a0e434af97145', 'pe', 345, 252),
	('8d150bd63ae34c64a27ccc35cca4068e', 'ac', 348, 402),
	('8d39c34134f94cfb889403b61f7663ee', 'de', 507, 470),
	('8d43cbfbe481440bab5b737d7f47fd3b', 'ac', 175, 340),
	('8d5c98e373ec46488842222c760e7f6f', 'de', 450, 52),
	('8d811a5fa3534f5f9f30cc7ecff463f4', 'de', 215, 174),
	('8db3334f8eba43fea5dd3de7336fbf54', 'pe', 376, 389),
	('8df7a5c330584381973b8a43aa03076b', 'pe', 370, 167),
	('8e0f9c2e9a2542f388c1e87253bb1654', 'pe', 176, 467),
	('8e339ce61afd489db3ebf0c50ada589e', 'ac', 319, 134),
	('8e5549022aae41c8a18e0ddd9397e02c', 'ac', 379, 302),
	('8e593dab617a41c8b6c65b56f979bb63', 'de', 386, 16),
	('8e71c3904b6946109c0712eaef457b1d', 'pe', 444, 161),
	('8e7b9be6f451472d9d58c108cc7c1291', 'pe', 67, 408),
	('8e8092ef8c6344edb2c849d623452fbe', 'de', 339, 96),
	('8ea9a6a8023a4080ad0696fd9a98ed86', 'pe', 467, 311),
	('8ed1d59df02341e8ab8cd553da3ad36b', 'de', 142, 399),
	('8edc6a620c2d4defb23e8525686fb53e', 'de', 18, 489),
	('8eef38186149497992dde8a8bbf50d35', 'pe', 67, 277),
	('8f32798166964d6e8fe2340d22575d16', 'pe', 2, 517),
	('8f5a5d654325448c8db639af42993c24', 'de', 442, 285),
	('8f7476c6a59247c5b54f889302b4b7dc', 'pe', 15, 181),
	('8f800a2fe82c42de8b16cd6d51b7e61b', 'de', 112, 514),
	('8f81c59ff68947508f77fb94d7cd9bff', 'de', 367, 82),
	('8f8fb6a86c49433e8a5982c2508bd2cb', 'pe', 422, 122),
	('8fc8599b066040bbbe40e48d42a4e744', 'ac', 490, 25),
	('8fcf5cb3a4114464a96656f417860569', 'pe', 182, 279),
	('8fe34f8c6dc345b59e588957ca7b91e1', 'pe', 212, 71),
	('90131a882743484591253de2fca23c40', 'pe', 398, 239),
	('9016f290b3444cd795666583c22f176d', 'pe', 281, 25),
	('9027b81f1ee04e7e9cf31c4ee7f180df', 'de', 251, 391),
	('9085c56d151149759002f5edac032ae3', 'pe', 413, 464),
	('90c2ef9695434cc58f6470b3fa318b85', 'ac', 144, 133),
	('90fd3795231f4de6b50437f9e3d22be4', 'ac', 269, 289),
	('9109f30ef1dc4fb3b4d8b2e2cd52b068', 'ac', 111, 9),
	('9119f5ac305a45e687dfba86aabe5be1', 'ac', 277, 437),
	('919afe7cb3c64ded8fb156fe45bc02c6', 'pe', 224, 173),
	('91a0884da79f444d96cc9e4a130acb60', 'ac', 218, 441),
	('91af626ca08341b5bab345c488a54689', 'de', 305, 410),
	('91bfbd4b269e47ad9badc8b4e0e09451', 'pe', 117, 55),
	('91e5528f0210428f9e6f0a0bc10089a6', 'ac', 257, 226),
	('92155842e6e846f3bc8553c9b6c16baa', 'ac', 141, 348),
	('921cc811e44941c2bda32deebf7951e8', 'pe', 98, 31),
	('92367550bde74bc9b87d9ed8446de15a', 'pe', 12, 195),
	('9239fe36ea8246809b88c3df90a146a0', 'ac', 264, 115),
	('924fe55a940848a28217438719c69f98', 'pe', 261, 452),
	('925001dc937f43da8079e5b56154e29a', 'ac', 147, 187),
	('927044fe02664ec2998fe6962a4a79a1', 'pe', 227, 355),
	('92e3ccd46adf483a8259e64f5746f43f', 'de', 271, 203),
	('92fb9c8b43f04eb58dcde1e13cbc57aa', 'ac', 41, 211),
	('93319dd8b3fb4bf6bca84d0e07a1a2a8', 'ac', 516, 242),
	('93806d68cb654c6ba3d4b4a7e0316792', 'pe', 304, 365),
	('939c96dcbf7c4c64bcaec061e6cc1f41', 'ac', 119, 166),
	('93dcb454f8a1469d8a782d1a019ff3db', 'de', 30, 466),
	('93f6259622bc4365879ac2576d6bb179', 'pe', 182, 105),
	('94167e86eb8445f1a1c9aead30719955', 'de', 431, 289),
	('9491e2efb6304f1d85bf12ed03f07727', 'pe', 42, 447),
	('94cd56eff84c456d9e559b1485f16627', 'pe', 158, 254),
	('94e71c26bfb14516a8dcb92fe80598ec', 'pe', 48, 106),
	('95054a73dafb418b9cbbbd7584b87eaa', 'ac', 474, 45),
	('955f52882a2f4f1dab28d7d69a03d4e0', 'de', 148, 29),
	('965bd7ea079647c6bc3c8f9551bb008f', 'pe', 293, 230),
	('969a659bfd15494e99bd0f449ab42e6d', 'ac', 479, 362),
	('96b01a8e788444da8f09ef02540ff56b', 'pe', 379, 218),
	('96c57ac7b5b34a968a82ccc69ee5b6a1', 'pe', 309, 150),
	('96d0dea68c194fcdad0ccd99eb11f940', 'de', 290, 420),
	('96db9e40eddf46478246efb1e6ff983d', 'de', 450, 205),
	('96f9c222e10448b1b2dc2ca9265f6a48', 'pe', 267, 507),
	('9725b27155244dc7b8e1b949b5a93dd9', 'ac', 82, 423),
	('972c991c64af4726997d76195f4838fb', 'de', 192, 90),
	('973a968408024b18850f5560221492e1', 'ac', 135, 381),
	('973b5c04088e418a877524f7a8756b2a', 'ac', 267, 13),
	('97621600ca754528b5592c0ba5ada801', 'de', 167, 139),
	('9783f9cf2d02493482803d22a0db8c47', 'ac', 240, 194),
	('978b988ebcd8439c81b63455234ecbae', 'de', 111, 199),
	('97a3c23300774bb092d0595f1f7e5dc8', 'ac', 407, 384),
	('97c61032607446beb94d9aaf7004446a', 'ac', 23, 11),
	('97d504a06fb14e11ae772d27e702eb9b', 'pe', 140, 73),
	('9803f4addd4f47ed94ba5f1fa8c7cae0', 'pe', 423, 352),
	('984e23bdf95d4d9b8395d71aa66a223f', 'ac', 431, 36),
	('9850c498e9284b04870b995ce7272942', 'pe', 161, 490),
	('988084828f864b84a354476c06a9fd05', 'ac', 396, 275),
	('98c57d696eff403198cff90d7ff21132', 'de', 198, 224),
	('98d58dddcd114595a4e23023c34e101c', 'ac', 208, 409),
	('98e5d8c1ba354717949939c2eb53ed11', 'ac', 504, 39),
	('9908881d56e74a0caefbc81b0aa138f9', 'de', 373, 401),
	('992c2937d8ee4bfdb57ba3c07ea9a271', 'pe', 329, 251),
	('99969949d5c44aeeb6ddb668dacaf0dc', 'ac', 346, 205),
	('999d9b242525410d93a60cf4f6eb28f3', 'de', 484, 423),
	('9a007fbb965f4502a50a73548e86b728', 'pe', 102, 287),
	('9a033607e8074ba18c91d1da5b7931f7', 'ac', 222, 64),
	('9a61ecdfe36d4fa2b45fa7d1f3a68740', 'ac', 362, 69),
	('9a6253964bf74702ac87616c00601c87', 'pe', 344, 63),
	('9ae3079234b3401eb68d4f5ba1ba0ca0', 'de', 411, 394),
	('9aea0663972943f2aa89443ea6b0d509', 'pe', 349, 2),
	('9afa198a417b4748956576c6d1921b14', 'pe', 448, 429),
	('9b0088c906c742f5bbeda3d78669828c', 'pe', 223, 506),
	('9b0143bdbefc47a783977cc9b68e6f1c', 'de', 419, 90),
	('9b3217babf3649948a15b12c43b90107', 'pe', 413, 216),
	('9b426136f2364df9847be050b5293e74', 'ac', 480, 249),
	('9b632b4d911e4b8992a218663c53bce0', 'de', 342, 43),
	('9b85c041a6d84da7866576597e67acbc', 'ac', 9, 2),
	('9b8c659aa80f447dad8328af07dc9ff8', 'pe', 261, 285),
	('9be57b0bfbd046969a9e1264c6c5ce13', 'pe', 512, 274),
	('9bef0df002024553b6d729ea5eb7b913', 'pe', 220, 512),
	('9bf00c1521c245628628ecfe5e3d93b9', 'ac', 212, 92),
	('9bfcf99e81b94e1eaecbe5654afbe94b', 'ac', 435, 416),
	('9c01f2c6f4b34ba1ad1047cad1e291e1', 'ac', 448, 101),
	('9c65a121018f4fea836c46d0fe075652', 'de', 379, 237),
	('9cf5408da44c498aae8c5693767e3fa9', 'ac', 23, 152),
	('9cff1702db784532a5c58cabd345209d', 'ac', 416, 110),
	('9d0ac0221e7949818bf278a9beffb39c', 'de', 281, 273),
	('9d3873a55ace429cad6e3f2fe152a618', 'ac', 472, 445),
	('9d3a52ff9ce3499f93a6a0341ce7c7d2', 'ac', 409, 209),
	('9d7be887fee14351b4ee0d33b637e573', 'pe', 370, 61),
	('9d8c0625ec7c4e8481f8c841b32a6807', 'de', 205, 325),
	('9d92dbd4b87c4173b2865b0ede09a3ba', 'ac', 297, 15),
	('9d942f4748d44208822181aa7cb469da', 'ac', 267, 498),
	('9d9bbbc7b04d4209a4729d0b946a3309', 'pe', 213, 474),
	('9d9f5cb1462a4ddfaba5f39407cf3595', 'de', 355, 80),
	('9da396462520435c89ceced01cf65e52', 'de', 225, 64),
	('9e065a07b078457c87770b2721dd236d', 'de', 130, 212),
	('9e759696e8044fa0873f758fdf13eb51', 'pe', 80, 222),
	('9ee4cd8381d945e396f7846c854d69bd', 'ac', 343, 233),
	('9f033c2c7e7f4a0baa69c64f2d53865f', 'de', 295, 127),
	('9f7e0902e9ea4b909cf8ff511be06003', 'pe', 100, 290),
	('9f9953f24d8045dcb602d56c83b15d2e', 'de', 434, 85),
	('9fc40b41d6c84f4796208d78e3635140', 'pe', 345, 356),
	('9fdcf834a0554ccd96cc9a2d4f22eff9', 'pe', 413, 47),
	('9fe14480af78443e9ec8c70744f488a0', 'de', 162, 328),
	('a00144aceece47d6924cdad3f53b65e8', 'ac', 499, 463),
	('a003ea9813e24edcb5ae101cac6129e3', 'pe', 344, 93),
	('a01a75532df7404f86b60f87f96b7249', 'pe', 446, 477),
	('a02d05c7acb54c0d88807225b1b12dbe', 'de', 500, 199),
	('a0522489345449aea61257c0f62c2ed3', 'ac', 90, 322),
	('a0795b426e1b4c80b6d4d500a978af95', 'de', 405, 489),
	('a098e49b960c45efae35e06d753a22fe', 'de', 70, 76),
	('a0bc52ca25b042ca8cb5e6d0435f98c0', 'ac', 225, 118),
	('a12159dd57914227b767b8497a45c5fa', 'de', 339, 207),
	('a127fcc676664d39aaad5ef311e8f794', 'ac', 4, 287),
	('a12845e7efa54bde999066719dc15192', 'ac', 482, 147),
	('a1659ded7e0949809246d383ea078060', 'de', 65, 72),
	('a16c3118f568463c84f9de0e08bfe34c', 'ac', 78, 301),
	('a1ae8a003886423fb94b028225e0d6ad', 'de', 109, 275),
	('a1b63fe308494f65844352657d206006', 'de', 101, 498),
	('a1b8579e4c224009b99592a27756b198', 'de', 454, 265),
	('a1c164f34e1d4ab9a4d534e51a6abe25', 'pe', 472, 209),
	('a1dd14fa27ea4aafba5bbece9f6ff55d', 'pe', 167, 289),
	('a1de1a60a20f483b80374d548afba9a2', 'ac', 384, 465),
	('a214026255ea41abbdc90a4260dadcc6', 'pe', 512, 86),
	('a2149d6838da4b32ba0c0d2043c10625', 'pe', 19, 158),
	('a234acbf836b44a9bb7be0114cc16733', 'ac', 67, 191),
	('a251b4d49cf54016b9158ff70e393400', 'pe', 308, 59),
	('a25d67f9821e4f50b649a94437eb1c9a', 'ac', 110, 182),
	('a281fd0a6374487da7add2fef4534f10', 'ac', 283, 452),
	('a2cf470ae2d143039ab60ce4dfced45e', 'pe', 187, 264),
	('a2d0295e276f4332af953d434431d40a', 'ac', 463, 132),
	('a2d203c1fc484b75a5fb17973fdfa5c4', 'pe', 150, 344),
	('a3238fd72d1042baad5f0b3d175b2aba', 'ac', 313, 299),
	('a3267f20dac348fe86409c86d885df99', 'ac', 46, 82),
	('a39ee1df36f44ef484a2c595ceac2b53', 'ac', 289, 221),
	('a3b8afbbae304b2682f3b6e5c42217f6', 'pe', 142, 293),
	('a3e9842ddd364b8d809dcd405fb4f202', 'de', 116, 279),
	('a43b14ec51c8466f8b120e4ab3992a8e', 'de', 32, 398),
	('a458259ef6034043ac4b72aeb89cc3ef', 'de', 252, 23),
	('a46f163d10e5416597dc41a9438c3d59', 'de', 338, 138),
	('a4735446d5e94006a46e9f108d8eb362', 'ac', 462, 51),
	('a485d6f06db446dd9fee7cab0610d7a2', 'pe', 83, 458),
	('a4bd4a10978a42a9b5afa1870fb2230e', 'ac', 292, 70),
	('a4cf751fee8648c69c1b3dadb12192e2', 'de', 269, 279),
	('a4ef1f28cd2047248ff2487571d45d3d', 'de', 474, 81),
	('a54c7988f1f1430d89fbc5fa87d230e7', 'ac', 438, 457),
	('a5626b66bec84de28c42c205c9424e65', 'ac', 174, 202),
	('a5641b3ad541401992ba59ddc468311d', 'de', 472, 129),
	('a57bf4c6c0fb4dafa55ae2ef4a010e72', 'ac', 16, 189),
	('a585d1c13f3a4a7781c9f40485d92ee8', 'ac', 149, 437),
	('a5c0966c09914d759a2e805cc642ef7f', 'pe', 498, 353),
	('a5c5ecab9c3243a19177af2e33d69038', 'de', 129, 45),
	('a60667b48659456a9ec3155e097daac0', 'pe', 343, 130),
	('a621de94428d4c6f990d03e47d2446f8', 'ac', 108, 365),
	('a63b2cf059494dc4bfef3f6d173a679a', 'pe', 486, 109),
	('a664c9bcbe5e48cbb978a67dffe9148b', 'de', 395, 326),
	('a674f6ac4f3d4ed3a8eed5f34088289e', 'de', 375, 177),
	('a6b41303e5404ff1b192aa5e506811e7', 'pe', 479, 225),
	('a7931e80a6bd4b5286b0e3d63e7ca8fc', 'pe', 391, 73),
	('a79e640cd0314c7f823aae70e6abdd3e', 'de', 256, 97),
	('a7a4953159d040f6b4e491d5835ddc5c', 'pe', 337, 48),
	('a7f36c95286a47cbbb119e42c3100886', 'ac', 87, 174),
	('a822de1bb3864ad9ad6b7fac9d906749', 'ac', 73, 426),
	('a82dcada39454106a0cd5642a5112d65', 'ac', 270, 317),
	('a838813b6afe4f8395d7ee4994fbcf73', 'ac', 204, 308),
	('a83ab4cfb665445a979d0cd6c7cb1056', 'ac', 322, 204),
	('a84dcb81227e497598cbd8cce583648d', 'pe', 332, 386),
	('a8b2867b509d44e0b39937419a236368', 'pe', 93, 395),
	('a8d63d3763424a91afc4dd26ba094ca1', 'de', 236, 177),
	('a8dd0f688ed4498f94f3ae5e55fe97ef', 'pe', 156, 295),
	('a8e1d8bbaa884bd8adbbfcf524415c95', 'ac', 131, 341),
	('a8e78074682245a0a011bdc521168b7a', 'de', 378, 27),
	('a92fb04847064959aa98b7ed1cf95abd', 'pe', 347, 129),
	('a9b5af7f966e4a57b50af999e9e0b8cf', 'pe', 27, 224),
	('a9dadb2b697145418262eaf1c064dd15', 'ac', 252, 330),
	('a9f4423b186547699403083a2210c23c', 'ac', 60, 422),
	('aa209795465746af91a74a1d56f8e716', 'de', 39, 340),
	('aa4618f7393e4303a90b9d346afccb16', 'pe', 53, 434),
	('aa467e884b114315b9b602a00120bb3b', 'de', 374, 38),
	('aa5a617124ac47c691623f6444e8c692', 'pe', 272, 107),
	('aa70bfe4d673452d957d411c875b5986', 'de', 499, 96),
	('aab0d3fdf815481eb4771295a9ae7e43', 'pe', 323, 326),
	('aab998b311d64a0b9ab30573d661005b', 'pe', 324, 14),
	('ab18b19a84504bb4a749827275a3d33b', 'de', 191, 124),
	('ab54305072de4d66820790c363718e8d', 'ac', 414, 509),
	('ab5ac062ca754d3da7842e549ac1087b', 'ac', 231, 326),
	('aba2a8b5e5c842e6ad27ca3f430c3613', 'de', 427, 146),
	('aba889731cc7485b846921b78af417ae', 'ac', 349, 118),
	('abb210f7b9684c2ba8d345d6603b989b', 'de', 225, 330),
	('abc2a9459d2c43fea806904bc4690b84', 'pe', 452, 321),
	('ac5d8e9875c4461790ec2fffcca43c00', 'pe', 479, 321),
	('ac8869667047410f97f5cc17a4d57cfb', 'de', 367, 475),
	('ac8dbc8f30b64348bb9cca4865df32ae', 'pe', 181, 435),
	('acce25cc8d9f4e9ea6450258ed81fadd', 'de', 108, 92),
	('acd1dc18361b438ab63868576fd59297', 'de', 511, 99),
	('ace363b2e524439ca1cdbed5ae247246', 'de', 99, 437),
	('aceff39cc95341d2b20af158170d2d12', 'de', 464, 108),
	('ada1bb30d60b40958bcf7057f841d42e', 'ac', 300, 205),
	('adf46472c7724a24a8c3401b003634d0', 'ac', 510, 18),
	('adfba9ecb0794fbd80471cbc77f32dac', 'pe', 88, 504),
	('ae2bc9ecede24d2bb9c09ffeb768d522', 'ac', 223, 491),
	('ae3515a0fdf54ec4aef3f387dcc23419', 'pe', 303, 57),
	('ae3ce900bba4424c862456e5921056fd', 'pe', 349, 74),
	('ae716a01484b48df93c41b9dbcf2094a', 'ac', 422, 455),
	('ae91043a74e042a5be71cf67e011c03c', 'de', 205, 441),
	('aee288789f594c88a6287063deb03239', 'ac', 81, 75),
	('af92e75152cb4aa2931ba3820447d8ff', 'de', 378, 196),
	('af99a8e7106a44dd9afbf37e06ebf2c4', 'de', 185, 183),
	('afd731bfad0b4cd486ee32542e11191b', 'pe', 260, 121),
	('afdefcffd42246eb94174bf6f1a7d9d9', 'de', 424, 89),
	('b0050428c32045a881bf5c476506da76', 'pe', 296, 415),
	('b027e0e95c30431ebcfbc173d78dec9d', 'de', 57, 43),
	('b03fcbff0d59457fb7b7160b21d7ba98', 'pe', 424, 102),
	('b0609743c65544b38e16cf6eb24709eb', 'pe', 62, 313),
	('b065d4009d44491288f4c3275c17d8e2', 'ac', 407, 87),
	('b08c06a73a064d46940b09a031c449bb', 'pe', 281, 316),
	('b0a3411f2fdf4429928deb19dcc33e74', 'pe', 147, 373),
	('b0b8f0a6d0b64582a5dcbc24c4737339', 'pe', 79, 195),
	('b0c689b6dd2d464197d0372c790e38b0', 'pe', 386, 480),
	('b0eeabd02bac440d96dd7430af45b253', 'ac', 506, 458),
	('b0f01a97a8764c5dbfe54b473b216f20', 'pe', 420, 99),
	('b118fadc1d48480da12a94f1055e54d4', 'de', 150, 513),
	('b12b060e5e4d43a9b154787de88dcbb8', 'pe', 156, 385),
	('b1317e528b2046fe9f33aca0df8edb86', 'de', 277, 427),
	('b1671175930a40c094395e58d9fb589a', 'pe', 316, 63),
	('b1725c9d6f814e07b2a704e7caa50c40', 'de', 59, 180),
	('b1c42ef927bd4a41b7be7fc5d7721ace', 'ac', 446, 475),
	('b1ff9a2bd4f54055acebbc9253e60171', 'ac', 8, 511),
	('b24423718d424ffc83ece7a766af7fdc', 'de', 268, 23),
	('b259ead8b5164b1abdd07b8bb0d9dccd', 'pe', 122, 376),
	('b36ee43c0af0436b9f0277ac4febe202', 'de', 152, 360),
	('b3780c99a4114bebba96b8ebb885fece', 'ac', 304, 171),
	('b3aca99f65924d17bfad612a9d060f1f', 'pe', 486, 423),
	('b3b2b7dfa809463abf1da0d45200d487', 'ac', 414, 371),
	('b4106bcda19f4036bd358851921083c8', 'pe', 130, 485),
	('b41ffb8a493a448fac8c0bbf288de1f5', 'ac', 340, 157),
	('b43383517e5a4024aac30b0f801c6de4', 'pe', 166, 468),
	('b4839b4e44444b6286723433194bb7a2', 'de', 49, 93),
	('b4882808938d4e7680eb99157b82c282', 'ac', 247, 93),
	('b4cabb6767064c05bec5636d1269276f', 'pe', 166, 24),
	('b4d503ee947b4a2aaba1e53358178e1d', 'ac', 314, 421),
	('b4fbf9f63e564279a516b6b4afeca1ae', 'de', 132, 443),
	('b56821b8bed34c83890308e3ff58b37b', 'de', 402, 117),
	('b599460cfbb44279a49be3d33fb46e5d', 'ac', 133, 61),
	('b5a16a09901f4e1aa5cf812f7d8f5c43', 'de', 34, 143),
	('b5c714f470e649e393b946832c00130e', 'pe', 452, 403),
	('b5ec391555aa47de8a0d0ee783f9b5d9', 'de', 25, 150),
	('b5fcdfc4341f4a59b598294b06093e65', 'de', 305, 270),
	('b604ba3ae3424fc29435809b7cf8aca4', 'ac', 101, 71),
	('b6098f23e11b4002be842de06bc4fffd', 'pe', 322, 210),
	('b61614e37840402f875761157b1c7ea8', 'de', 163, 388),
	('b640c1e7c835480fb6e9b8a3acc6e84c', 'ac', 411, 203),
	('b66a2a6151e9445ba51dd8d962e35980', 'pe', 96, 425),
	('b6a4c6d1de4f4483a926e4e6bbe6b9a0', 'de', 270, 14),
	('b6c38cbdfd1a4949accd380ff0fef73e', 'pe', 392, 517),
	('b6d54acf2b29492ea514ce5a76ef4b00', 'de', 266, 8),
	('b7270f0195fe40b29be34856772b5a3d', 'ac', 429, 297),
	('b78432a2b71d42ef95b644c63d742094', 'pe', 285, 363),
	('b78bf041a78247eab6e63277be6e1df0', 'pe', 166, 219),
	('b7ac2ddec79c4a9b94832272aed72734', 'pe', 338, 88),
	('b7d7e61f14424518ae9a1fb1b65e6de4', 'de', 166, 30),
	('b7e00a1509ec4ff5a71f6608206f6d3b', 'ac', 248, 141),
	('b7e85c35745b4fb0b83f18b1d511210c', 'pe', 235, 294),
	('b7f29a37c8e8469c822a87940970c513', 'ac', 44, 313),
	('b883f5cd145042c6bed21bdcb4ef0ac3', 'de', 414, 142),
	('b89c2bddb4d247dea03ac5a68ac62bf0', 'de', 337, 186),
	('b8f6c4fcde844422b3e54aa1f1c51265', 'de', 133, 404),
	('b90171f27a734332b65d978a0d8f2bce', 'de', 80, 352),
	('b931974eeb1e45fab3ce0f0187d5c690', 'ac', 147, 320),
	('b938510cd3d54b718da1984d30bf0f85', 'pe', 122, 20),
	('b9763f5298914bb582697f4551f17812', 'de', 91, 147),
	('b984a35b04a34e8b9cea56bc9c6522a2', 'de', 389, 207),
	('b98b0a45f9f3480fab3c1295d6d7e1ae', 'pe', 216, 307),
	('b98d355449be4498b51fccfc905d0364', 'de', 231, 144),
	('b99217b6d0554b9d91c58470d983fdd7', 'de', 14, 440),
	('b9a7e396d597419e806db6397186149f', 'ac', 433, 202),
	('b9a8afad5c174437bd00e61ee02780bf', 'ac', 429, 312),
	('b9bb568aea5349918b2b6077272324fc', 'ac', 130, 476),
	('b9d699f5095047dfa8d7b89beffddacc', 'de', 281, 225),
	('b9d8c48215254d379dec0a72b808d6dc', 'ac', 102, 272),
	('ba0436e1fa524f87b7f3513345aef252', 'pe', 446, 400),
	('ba1655a04ed743b2baa64ea687fd45a3', 'pe', 261, 31),
	('ba1c7c4667794628b8e0ec81b8076cfd', 'pe', 478, 284),
	('baacfaab322f4149b82b3522663f0a47', 'pe', 454, 71),
	('bab98f7ec76a4de297de5c03c2b874db', 'pe', 206, 71),
	('bad39a7a27144e27a28d917e3220ddac', 'de', 11, 459),
	('bad8604fc9b9427ba59e569ff33355cf', 'ac', 331, 474),
	('baeffca10db44d55831802af7960fd3a', 'ac', 255, 4),
	('baf02bceaa80425e994f6f36618ad9ef', 'pe', 117, 316),
	('bb0c77f8e9024e39927d35d35379bca4', 'de', 405, 46),
	('bb2f88719d194f74b84c2948e3d7679b', 'pe', 158, 379),
	('bb3f40a9f3e54010b038cf97fbce2a89', 'ac', 76, 445),
	('bb6a5ab4d9bd4955ba5dd7a0930f1360', 'de', 328, 389),
	('bb74fdad84784b84802747da0aae6706', 'pe', 502, 484),
	('bb95114838284e969859d8ff9a41a3f8', 'pe', 421, 415),
	('bbaf840b005344fc88fab927fb76fc0e', 'de', 246, 138),
	('bbc4381928a143d4a6eb9471a86dfa14', 'pe', 103, 299),
	('bbd33ac688894407b76414d59d3c4d1a', 'de', 291, 501),
	('bc06c09aba3b4660bc573d59dda347e9', 'pe', 230, 307),
	('bc2ae5b33e724cbfa7d363e6786b4eec', 'de', 68, 76),
	('bc331eb7c33340cb9bd073b69d0da239', 'ac', 516, 458),
	('bc87b7f999c348439cd0ab88e150d38e', 'pe', 214, 276),
	('bc8ccaef527e4e168e5c8000d786ba76', 'ac', 25, 276),
	('bcf4cdcebfc8478e95e4f5dcd0167177', 'de', 42, 224),
	('bd0e12454bea42b0acbc4217afc969c5', 'de', 92, 385),
	('bd145d9d7e7f4cb38cea4007ad5c0ee4', 'pe', 21, 44),
	('bd27f61f9ba14c239d731907a9527ce5', 'de', 254, 345),
	('bd5e034a6d1546e091f587e59c9e74e7', 'pe', 515, 102),
	('bd775264176341d0880b4215a1219e82', 'de', 66, 374),
	('bdaffe708a8c4644bf010f8174ea49e1', 'ac', 298, 297),
	('bddc8727e9294909a3cb22238386d3d5', 'de', 377, 394),
	('be6e89fae8634bcca51fc8182a294af4', 'pe', 190, 406),
	('bedf9a4fb1fb4491a17eb416ea309b7c', 'de', 141, 145),
	('bef353cf2db14125bf755551027ad76e', 'pe', 499, 372),
	('bf2ecd4028244eab85e29d1b94b5ef85', 'ac', 485, 148),
	('bf6bad8cddfb45ae922fb8a6038bc9f5', 'de', 451, 232),
	('bf86b7862b61433b8a3a0274213575b7', 'de', 401, 452),
	('bf8cb1721583486f9f380aded569e7ea', 'pe', 171, 430),
	('bfd0d386ea8e42e58ae5e9239163ad83', 'de', 172, 219),
	('bfdc4cd23143477dbd3e9600143e481b', 'pe', 260, 515),
	('bfdef1b845a34c658e7ee72389d30ead', 'de', 486, 204),
	('bfed6399085e493db82b9d5f63c41001', 'de', 278, 323),
	('c02a92d300714337b2a65f1694ea3e5f', 'de', 267, 388),
	('c02dbc02af2c419589c10d65ff0f2234', 'ac', 460, 303),
	('c037d6550d0b4cf18b3a2304fb0b4662', 'de', 298, 350),
	('c08d2a929db7460b9050155cba5426cc', 'ac', 42, 457),
	('c0c7884a217b4fb78fe37c0cc07856ea', 'ac', 395, 310),
	('c0cb72a9f73748b2947bb664708010c8', 'ac', 385, 378),
	('c0dd03df0d25427d8e1e87c7aef97113', 'pe', 193, 493),
	('c0f29aa139704f3fa78dc8b4d4aaac58', 'de', 145, 191),
	('c135355ea04145698f800165f286e1d7', 'ac', 30, 490),
	('c1386aaebc864018ba1a9a13a8667cff', 'de', 96, 333),
	('c172a03f0d3c4b96a4e04f5a3e95d617', 'de', 281, 22),
	('c17eba0ab12e43dfba55deb14bdf1e7e', 'ac', 274, 432),
	('c181a17c8c164f7ca78fdf7740e06f32', 'de', 235, 226),
	('c1b62e4b03154d1984d3851a3a833e21', 'de', 444, 244),
	('c1c154ff848847199a9a32f7ff05038b', 'pe', 112, 258),
	('c1d1fb85d5994962b98bac099c5c3be9', 'de', 227, 444),
	('c1d598d1c0e94783bff2234d048433af', 'de', 272, 37),
	('c1e974617e914506a31df0b3a41bcd7a', 'pe', 470, 346),
	('c1eb5f22577242d9868f740be99115f7', 'de', 166, 398),
	('c1f7b1b626ee47dcad2b4222a50cf5ad', 'ac', 324, 34),
	('c208da27287e41b6bd7ff91de0b20988', 'ac', 450, 215),
	('c21cdfbcb1a04beb839fdf13347184ee', 'de', 373, 359),
	('c226ffc3a0884bb3bd17912f90a19de5', 'pe', 362, 223),
	('c23c588b6d9c4339a3dfa60852ca566e', 'de', 393, 164),
	('c2657a37b6ac4c23816e260d8e65bef1', 'ac', 18, 102),
	('c2ca02cff9e64ce387b0a7c2565e096b', 'de', 446, 5),
	('c2e08b7c948a4c85a97b8fe78e79f32b', 'de', 435, 494),
	('c2f151dfcb1f48c08963d5565a7e1f48', 'de', 347, 77),
	('c318093efcee4daab748f4b10ac3a8a9', 'ac', 207, 355),
	('c32e4d7c3a9d4711910916b41bcbe5d5', 'pe', 42, 492),
	('c34300100af14d9ca3da9bd742a6d679', 'de', 387, 238),
	('c35691b1e0a2496298be578c21552761', 'de', 496, 353),
	('c3813b9ebcd74ccab828cb37fd7acecd', 'ac', 387, 58),
	('c39a33a7cf574dcd8f4e58f92810355b', 'de', 216, 157),
	('c3fb61063b804611a2aba36f762615e2', 'ac', 127, 254),
	('c43955769e2d4e669df7632edc3ef8e5', 'de', 281, 370),
	('c44cd0022a7843dea5f0dbd891455e26', 'pe', 109, 514),
	('c47c3d82c7184899a2983578f552f460', 'pe', 438, 264),
	('c48563f047b44fff95d4db5700d6a207', 'ac', 255, 327),
	('c491346ee16f48449e25df880f7a0780', 'ac', 24, 159),
	('c4bd9f0797cb49d8bc44b51c18a4c452', 'pe', 399, 507),
	('c4d9acba55254821b54e65d3a653142b', 'de', 52, 100),
	('c5295c0621b3450ab9344bf19763c65e', 'pe', 210, 149),
	('c5310e063a434c65b54caeb29067885d', 'de', 407, 73),
	('c568e42488234ff2b66897ebec0bbff8', 'de', 430, 378),
	('c57f308296b9443abdecce3abc642cb6', 'de', 7, 22),
	('c58598543fe14a4d95b34149978895f1', 'pe', 505, 116),
	('c5aac89f8ed2440aa1f93985a2d154c0', 'pe', 12, 115),
	('c5b7d5bf8ed5424c981a7b029850f999', 'de', 227, 378),
	('c5bb7f00d4064a87a92a4e9b5b2e1046', 'de', 15, 476),
	('c5dc5b8a8391432ebc6412f440990f41', 'de', 352, 399),
	('c5fc747030f541f48b0232ed15491ddf', 'de', 229, 157),
	('c61b0c2241414549830227a49f682b88', 'pe', 500, 407),
	('c625df0d95524a8388b283b9763eed36', 'ac', 23, 291),
	('c628f53c549b48e5845d11393e065c7b', 'de', 492, 422),
	('c643a6b923804ea7b5dfdfc3c6337b6e', 'de', 493, 295),
	('c6448aeffebc4bba87a7d7b9a09d4038', 'ac', 16, 47),
	('c6803680a24d4bbaa6dfb8b34724be42', 'pe', 260, 475),
	('c69403287ed34c729a91862bb4de0770', 'pe', 15, 278),
	('c69ba6881c0144a7a0f1d2f02875136e', 'de', 283, 193),
	('c6b52c5e0bda447f8ec92de0704d1399', 'pe', 242, 135),
	('c6bf421953974c8987263cc57aa110e7', 'ac', 350, 488),
	('c6c2709678b046a9a72833a90cc04741', 'ac', 168, 31),
	('c70764492a944c0dbd53e27222f49a68', 'pe', 384, 409),
	('c7261693e6fd4ba9a578c878809cc21f', 'de', 484, 504),
	('c79c63070b1f47a292320a29b99164c1', 'ac', 139, 414),
	('c7a6ec5530a0428db819a779acd317af', 'pe', 458, 190),
	('c7a7baaad16d4eafb2060fea38f11f0b', 'de', 224, 433),
	('c7ad85098d624325836c9a8cf18844fb', 'de', 308, 351),
	('c815d4a8fa7f461ea3cef35d737ec324', 'pe', 278, 11),
	('c8b386169ba740af82be718ae8100b16', 'pe', 184, 42),
	('c91c91f22a1d4059a20fb78fb8b4b1c3', 'pe', 131, 246),
	('c94101202e1e408784dfc81824059822', 'ac', 450, 428),
	('c9a37010fa4b43bcaa24a02ba5616706', 'de', 187, 426),
	('c9c99d3f84df44b2a7339d357c51ed4a', 'de', 179, 117),
	('c9cf7d41d0214065bec39852f86fbdc5', 'ac', 226, 273),
	('c9d8c5fd19e348a392fd80d9ec05d3fc', 'de', 192, 483),
	('c9efc4c58e0442358d49557b41fa9186', 'de', 184, 187),
	('ca50d8a3747c449499452b0871020485', 'pe', 204, 392),
	('ca52e8f4bf524128b157687fceeaca89', 'ac', 30, 133),
	('ca7cb1d9729247aeba145a218989d47f', 'de', 286, 406),
	('cab6c327245b4cafb3f6acf72c4701f3', 'pe', 139, 13),
	('cae8ebba0a1a499fbfab7b3d20e496c3', 'ac', 222, 114),
	('cb037c7d2d6d43819e20cea2acfbcbcd', 'pe', 415, 503),
	('cb164a91c0ed40a88bba9763e22f0d5d', 'pe', 448, 351),
	('cb8161169fdc4659ad1f5bee01152214', 'pe', 410, 308),
	('cba4bbbb7b7844c3b0f04ac247ac3a35', 'de', 14, 116),
	('cc0a19cc722345f98ace930777c36ff7', 'ac', 514, 447),
	('ccd271efb7e7496a804982f6e6dc5f44', 'pe', 353, 158),
	('cce0859a2de94b98b484a7d2525ff021', 'ac', 231, 189),
	('cd2cfd3ec3244f789dfafade1ebc1708', 'de', 240, 288),
	('cd2d359e312f49c192554f2e6c6f867b', 'ac', 83, 362),
	('cd7539dbbbfe48139b757c0a308788e9', 'de', 20, 434),
	('cd9478074df24af3ba2d5727459e5561', 'ac', 209, 139),
	('ce0113e8d70b4cc99335a18fee7c8b3d', 'ac', 178, 111),
	('ce0fd832a26247a9bac90d6fce2cf6a5', 'ac', 426, 384),
	('ce111110915e44a5ba18f678fdc1fed3', 'de', 163, 182),
	('ce136eeced88498194d02c371590de12', 'de', 111, 267),
	('ce26f7a40f6a4cdf83cef56d73afac01', 'de', 68, 329),
	('ce4744a598b74bb7a2fde736da90a706', 'de', 175, 120),
	('ce4a8b4c809340d9a84d457e1a9592c2', 'pe', 348, 369),
	('ce67e8652c69461cb9a591d5946fea69', 'pe', 76, 227),
	('ce94ed8a03b64644ada7537ff79c59d4', 'de', 29, 83),
	('cec07da7e2d54808be9828ca19e68252', 'ac', 36, 60),
	('cece88efc30f49f1a6d859ef356a650b', 'ac', 39, 87),
	('cedd1404f6db4277910aaf5bcd9e6792', 'pe', 203, 83),
	('cf52c5bfe8a74d46ad01fdea53ec6595', 'de', 118, 504),
	('cf784c6228eb420dab7f4b1543a76979', 'pe', 86, 109),
	('cfa647492e3d41e9b7b703d777e8bc28', 'de', 377, 453),
	('cfaa076f18b44f8db8cc258c31f10105', 'de', 422, 515),
	('cfe275e0e9804c7db4cabc1fc8286808', 'pe', 331, 512),
	('cffe51b6379f4419a3cc1b473c6e77bd', 'pe', 362, 109),
	('d02a6708ae6b40b296ac2b45cc8ed932', 'ac', 461, 279),
	('d0355c0c06864fec8668c626ebe3614e', 'de', 359, 303),
	('d039e78ab2704e94a2e19466b18ffb66', 'de', 168, 470),
	('d0427b887e8941bca545f055191cbe47', 'ac', 478, 122),
	('d04de144cc284512a321855c20096245', 'pe', 416, 111),
	('d05e3d1fae4f4a378029f831a1f91e15', 'ac', 13, 364),
	('d06ca5ad99f949ef9cafa6bb99c77e98', 'pe', 518, 397),
	('d07b46316ddc4dae809f548036d1c55a', 'pe', 88, 14),
	('d0898acde2b748d3bc1914e9f20f8e6b', 'pe', 128, 396),
	('d089e291589f4a879bd3f97c6f1e0cca', 'de', 290, 461),
	('d08c96e3d13846dab90d876f14282fe9', 'ac', 434, 399),
	('d0bade67ef74425f8cd3bcbd3c5217c3', 'pe', 14, 350),
	('d0d14d0ee0c944abb9bb812b4b46ba60', 'ac', 372, 367),
	('d0db0a0c96b0410884bdf8434afab28d', 'pe', 364, 18),
	('d0e3865b8af74fd0a7b2c16a74b1191e', 'ac', 78, 386),
	('d180ec5bdabf4529a4d0d9264bb8b457', 'de', 379, 69),
	('d1c09cb08fa940a1a8fa132c8b1d8a67', 'pe', 418, 18),
	('d1dcee2c6b244400a33649590c459a1f', 'pe', 487, 467),
	('d1e3b65b327148ffbf13f3a8cf87fa75', 'pe', 111, 274),
	('d20081aeecf34c528539a6cd397edfb1', 'ac', 236, 79),
	('d2412d1991cf440aa62703e11073552b', 'de', 374, 382),
	('d24c02f46b1548c0ae67dc1379e8ef85', 'ac', 427, 37),
	('d25a69e873ed4db087bc6ad8d4b31ef3', 'ac', 138, 420),
	('d2787af404bc442399420793022e01b9', 'de', 435, 322),
	('d28a2834df2242f2afdd6616d880b165', 'pe', 452, 388),
	('d2dc49996e6148558b5814c60d1bc9c8', 'ac', 387, 262),
	('d2df71066dde45c6ba55151243201577', 'ac', 238, 462),
	('d2ff33f4c77640288bc6d7abdd158288', 'pe', 490, 473),
	('d34933dd3a624d61b2c25b39152711d3', 'de', 339, 384),
	('d35ac8eecc4342d082be1a4a50d7fef9', 'de', 231, 192),
	('d35b4e9b60fb420f87ee1fc4e441eaaf', 'pe', 44, 422),
	('d37bcc6e35114de38995de3dbd2926a3', 'de', 14, 279),
	('d3869bdcc25a4d899d0928c45d34e9c1', 'ac', 362, 210),
	('d39e45c437054932a70172fbf588298b', 'de', 406, 481),
	('d3a1721feea6482796e2ff85668b944d', 'de', 25, 242),
	('d3d669dfd98d4224b9565c88083f3df5', 'de', 192, 271),
	('d3fd34d6608c43fdadf3166ac4f27ed0', 'ac', 205, 486),
	('d40244953bc1457f9d301727012725f8', 'pe', 456, 437),
	('d4052850618d423aa8fa226608779788', 'ac', 327, 241),
	('d40a389a1edf49d198a1d73a0589b2b3', 'pe', 434, 191),
	('d4418a02fe8d440f88a8d094ffcb784d', 'ac', 454, 395),
	('d445f7a47f014e618ef67828e745a32a', 'de', 23, 387),
	('d46d21c1466e4891b176f56d5a58795e', 'de', 467, 202),
	('d47c33ace6b044ab9e75db36d6419d78', 'de', 376, 172),
	('d47ea2cd62ad4b5bbac6cea6c73c3842', 'ac', 298, 61),
	('d488a68231be49ba9a9f9077c7856445', 'ac', 73, 516),
	('d4b0eb6c73094a628b409bf4541d676d', 'pe', 496, 93),
	('d4be7b686b1f463cb42f8b658471c190', 'pe', 66, 415),
	('d4f5aa5f04ae4ac287a1a60d4c8e6440', 'ac', 429, 257),
	('d51391435c904be1a04706273bc345cc', 'de', 352, 498),
	('d53172204b4d434ab10e0a27e247e282', 'de', 429, 194),
	('d53c8852afc64d7c8ba073277ac2e917', 'ac', 466, 450),
	('d55aa4162b304c1597ab5e1a2d1d35cb', 'de', 72, 112),
	('d5a4012e74e046c191721a9a72ff3d6c', 'pe', 360, 451),
	('d5bc4e9f76f44ced9bd4d8071702ae62', 'de', 462, 188),
	('d5c0ad94ad1f4affb4f5093af0599eb9', 'de', 212, 516),
	('d609211e468149cb904d0f08588d2df5', 'de', 107, 123),
	('d6495be728914e39bf2ebbe85a9b4ebc', 'pe', 515, 168),
	('d652455597804c80845cb3f619487caf', 'de', 276, 190),
	('d694564092464aad8bac8d26ec2658df', 'ac', 101, 185),
	('d69c9e7c87784f3789e33b6123c80c7c', 'de', 221, 135),
	('d6a17c3455f7438dbb8e5cb7c646e00d', 'pe', 49, 500),
	('d6e3fcf03e3b4d718e193f39c3b662b1', 'ac', 29, 67),
	('d6f7fb3da19c449f981a791bd5077713', 'de', 342, 506),
	('d75942d91bbe4f7988a53cfe2be8ea66', 'ac', 478, 62),
	('d7ad2abd431b4d979c1ff986de5e4789', 'ac', 480, 309),
	('d802a3b37bf24e8ab414d8d6d6c5bd8a', 'ac', 370, 422),
	('d8446b7439594d009bef910dc88a4c59', 'de', 210, 155),
	('d8ad482d64504d738eb18bbb159bc664', 'de', 155, 125),
	('d8d8be76fda845d1ae991e44d815f369', 'ac', 20, 269),
	('d958374201c944d19deaf32481418088', 'de', 251, 56),
	('d97bc3318c32449383c30f93eb8ae614', 'pe', 93, 122),
	('d9a6c042b8344b338a950803e39a831e', 'pe', 282, 50),
	('d9c9795ca0cc4718be91e6f8c1f05c24', 'ac', 96, 312),
	('d9ee0221d60b45d9b8cd7b578eb9f644', 'ac', 144, 482),
	('d9f4cff4bedd4b589e5c169eea6e90b2', 'de', 415, 371),
	('d9f4ec4994124f3fafa5f5a3b343d80d', 'pe', 263, 452),
	('da0cde3506564796a909dd6d740d301a', 'de', 463, 329),
	('da211f09803c40f08d129d69880eb8fb', 'ac', 254, 98),
	('da4b8179e4594d6b9905b4549be199a6', 'de', 338, 5),
	('da755d50b2e8451a86fc0f0d8ec92381', 'de', 244, 111),
	('da9ad774eacd4429b93e1c1c0854aea5', 'de', 391, 505),
	('daa7a3b193344e31b899a46ab571afe7', 'pe', 256, 497),
	('dacd1fe8185b47588e1ea98c8d767c49', 'de', 87, 243),
	('db02d7091a4a4e7eb4c999e4d768608e', 'de', 122, 273),
	('db2d85199b8542ef905620eedbbf7960', 'pe', 153, 311),
	('db9319fe72434af296e49f16a893eb48', 'de', 474, 424),
	('db93bdc0651646f4bcd2e604dca37712', 'de', 428, 56),
	('dbb528076d194886a5813fb0be75ab34', 'ac', 283, 491),
	('dbfa711f8f8540b9aaa1e69dbd4f0dd7', 'de', 368, 130),
	('dc00c76002d34080b09af773d91591dd', 'ac', 323, 450),
	('dc21146f9dec45e49e06e8488050b1e7', 'ac', 335, 469),
	('dc3dd487c43a4b859cd5c2e20def7f4f', 'de', 54, 461),
	('dc7234a5906541538e84763165a7cfec', 'ac', 379, 220),
	('dc7e74713af8431b90829de26a527a2b', 'ac', 281, 342),
	('dcbf317d002f47b285cf8dd8d31ca457', 'de', 325, 40),
	('dceb550dae2545789d9b82ba7396855b', 'pe', 75, 24),
	('dd24916f217e4fa6bd2e6121e877d742', 'ac', 343, 366),
	('dd305018bd124726877cdeabccb33ed4', 'ac', 384, 324),
	('dd6e581250c34596afe7b329ae0ddc0c', 'ac', 58, 83),
	('dd6f145b906843bd9635d2b6258a4dd5', 'de', 68, 352),
	('dd820ac207884eb0a3d54510da7dfa78', 'de', 470, 153),
	('ddcdeb0ac53144b695b912a39c3f06a9', 'pe', 37, 3),
	('ddcf20a71ab74683a1c55201f5f36bd8', 'ac', 240, 500),
	('ddf6823befd747a59494edbff6a88a9c', 'de', 8, 280),
	('ddfbc19b45864897b59445fced7684e7', 'de', 239, 139),
	('de18b70ae7ba4a378a645bd5b2799b93', 'pe', 383, 503),
	('de323e0512bd47e09d962a71dbfccfd3', 'pe', 293, 51),
	('de4c5c03cf264e95b530c31cf87207f8', 'ac', 175, 456),
	('de590cba6bb7449e94c3d0bc29ac39ef', 'de', 356, 255),
	('de62fb88147e47c8993122a36cbd52ed', 'de', 23, 170),
	('de6feca361dd4d40aee93b532fe6dc31', 'de', 375, 40),
	('de7f5d7b7b044791adbe78e4cb99c904', 'pe', 473, 55),
	('dea10e85a64747fdb5f20421e81a7575', 'pe', 95, 184),
	('dea26d0050df4f8481bd68041e4c01b7', 'pe', 139, 3),
	('dec1d6397b8b45fc96a217a70621b63b', 'pe', 357, 364),
	('ded94a2ea5b5421bb43d100799c73550', 'pe', 63, 255),
	('defec9baca6a4455bbc3cdcea5ace44d', 'pe', 392, 180),
	('df2a13694ca4495a9c314a93920606d9', 'ac', 420, 225),
	('df417000737d4422b53cc370abbdb2d1', 'de', 498, 331),
	('df58a3c9cf274dcba5b1530ad27d1870', 'de', 351, 43),
	('df893e981c47457585f8e7bb290ab686', 'ac', 214, 67),
	('dfa8d88db0894a9db8efbe00f5a6a822', 'ac', 439, 7),
	('dfab23395b8e4ffd928d0de616f1b37a', 'pe', 174, 268),
	('dfb76c100dc14872ac4f11a05a19aa53', 'ac', 110, 196),
	('dfbcf2c15b4643f2a5a8553020c807dc', 'pe', 207, 476),
	('dfcf4e1fcc3543f6997f4a5039a64cfa', 'de', 252, 94),
	('e00e47a0d1c74f7abf5cd83cb5bc5510', 'ac', 362, 208),
	('e01ef276372d4636bb73a4e11d3e4e48', 'pe', 54, 103),
	('e0340a64bd4742b58f7944631e6b5dc4', 'ac', 74, 76),
	('e052436ac2014cc292b3b27b3b1f7c71', 'pe', 39, 344),
	('e05662d4cb144a9ebe2de33e76defa6e', 'pe', 435, 145),
	('e07634759adc4414ab389ba5b229c2eb', 'de', 127, 281),
	('e0864ccc34484d4890e9ee1c1cfca620', 'de', 60, 302),
	('e0a1a743d60b49938e0a6cffdd5a7c3c', 'de', 452, 414),
	('e0a9013a32964803a2e2c097fc2ab393', 'de', 225, 453),
	('e101b9cdd81741f982569ee0e7ea14c6', 'de', 446, 321),
	('e10e4f788d454c399ce8d8943d31a9ac', 'ac', 435, 234),
	('e12c70a06df345288a70e4d73d617eed', 'pe', 507, 459),
	('e160078690794030a0abc9f6329aa420', 'pe', 82, 515),
	('e163f67fc4a846b6802a1d9c98382f0c', 'de', 349, 189),
	('e18f0670295f4c09ac7b17561be1ecda', 'de', 252, 292),
	('e1edc8189fd5400a804ee8e9552ad9af', 'ac', 42, 101),
	('e20c7f60f21a450f8da47d58b3679922', 'pe', 518, 26),
	('e249fcd6a84a4d08aa7828c15131f2e2', 'ac', 70, 174),
	('e2545d5c9d964ee7907d5dd9b5a0483d', 'de', 146, 374),
	('e25d48890ddf4c5a931bcad6a017d791', 'de', 247, 489),
	('e26c8a31e68246ee9935a4dea13b6a14', 'pe', 388, 147),
	('e2a9e7858e4149d59d63b712e94619b6', 'ac', 389, 352),
	('e30bff5c401b47a0a9bfc06625b78cf6', 'de', 308, 495),
	('e32a0377cba14b7e91c1e4508b049414', 'pe', 419, 271),
	('e32d2f6af8874b5aa5cb4b9141b61ba2', 'ac', 385, 141),
	('e35a17e75405423ea3d8e9ad097ef486', 'ac', 226, 68),
	('e39c5252d1c1425fa91d58c9197efaad', 'de', 415, 376),
	('e3d4f465c8894be2a39a3893c62112cd', 'pe', 231, 154),
	('e3e2087a363f45dca42a9fbd52da3a7f', 'pe', 324, 381),
	('e3e2f220ea2d498a912662d7576d852b', 'pe', 375, 250),
	('e3e30bc59be5465589c2689674443d3f', 'de', 497, 5),
	('e3f4402f464f4103a5a89464843d7a6a', 'ac', 258, 407),
	('e4a0ac86a43d493581160f16e83ca97d', 'ac', 466, 47),
	('e4cca960e87b465298a96cbdfaf3d10e', 'pe', 186, 324),
	('e4dca25dd83c42b8a9f72169890d6829', 'de', 270, 327),
	('e4f3bb30fea14528a51d2822bb8048a0', 'pe', 498, 27),
	('e509a18bfc894d48878f02cf00c6e349', 'ac', 293, 493),
	('e548bdd531c54578985367fac97638e0', 'de', 344, 450),
	('e550880d69a94b4da0ceaa9c5976106a', 'pe', 340, 292),
	('e5608813f3504e768714e15148785188', 'ac', 152, 477),
	('e663c2110058462493b2e3e7acb11d95', 'de', 227, 205),
	('e6711a1e19f24fd7a107c6e095164bf3', 'ac', 431, 234),
	('e679ea99aea54d91a9ff30a1bbc24fc5', 'de', 87, 337),
	('e6982713960b4cedb1dadb450b699a97', 'pe', 190, 508),
	('e6a6dcc0183245f8a37a71819fa47540', 'de', 322, 4),
	('e6b00e9fe31b41b2a9530061d572bd33', 'pe', 217, 365),
	('e6d594d05c6d42b79ce331fc7ef6aa57', 'pe', 458, 348),
	('e719481b263e4bb6a148e0c6ea77dd4d', 'pe', 443, 397),
	('e723c62114a24eb3a3bf1ded66b9a41d', 'de', 151, 92),
	('e72c0f88666240bbafb4389b75501239', 'ac', 507, 208),
	('e7e86d1598004a08aec24108362e7bd4', 'de', 438, 316),
	('e7fd6fb220bd423cbad830b14689b4f8', 'de', 22, 124),
	('e8201d8e853d4b06b7b846e72bf8849d', 'de', 303, 483),
	('e82092f330f44691b4aa5512520137f3', 'de', 29, 462),
	('e83881ebe6914ab6b75943a5735f1d33', 'ac', 235, 329),
	('e8537a98c8fc4c818e667979a2222c44', 'ac', 61, 264),
	('e8a278855477496d966fed948b7b7877', 'ac', 146, 175),
	('e8cd57f137b045b1927bd93d40ca89ae', 'ac', 232, 113),
	('e8e983f010b74529988ceef1222131d7', 'pe', 230, 51),
	('e92dbc157cf145eabfce2559460fdb71', 'de', 16, 311),
	('e93654ce7b0646388b0e0d2179534355', 'de', 308, 287),
	('e93e3710389540e597fa6c614432ff20', 'de', 163, 58),
	('e969e263d47b43ceb472033075efd4c0', 'de', 467, 417),
	('e9789d05d59c44ec863b57ca4f5a072e', 'de', 141, 428),
	('e9dd87cb6a884f73a16806dcdf155920', 'de', 292, 82),
	('ea1466a723114974b2ef6898802d38a6', 'pe', 266, 365),
	('ea1b27a8ecd346e7bfe001c031bb356b', 'ac', 131, 394),
	('ea461cfb56c9407481f2b6e12a699f01', 'de', 84, 94),
	('eac84e19f3d34ead8f8747f9176d9c15', 'de', 276, 159),
	('eac9cc3626094e92bd9ae22434a6f874', 'de', 307, 50),
	('eaefd17c548d47169f1b463869efd886', 'pe', 8, 155),
	('eb05c546bad44d99b9864ddd49e2baca', 'pe', 100, 256),
	('eb19e591d82c456ea0347c77dec50951', 'pe', 19, 131),
	('eb271032bd5c442aa8b5de921d70943b', 'ac', 102, 477),
	('eb2a3f61748641ea80ad6712bdc78ff2', 'ac', 265, 439),
	('eb2de88d2ecb4955906a8980bd220d13', 'de', 462, 280),
	('eb3fb8396327432a86955e90fa3bd67b', 'pe', 332, 103),
	('eb5aa13b97944734a491689e3c6fbaa8', 'ac', 457, 150),
	('eb9f01203e6a4f93badf6feddf46eea8', 'de', 442, 385),
	('ebb35293c01d47dd8843c25121e1c23f', 'de', 291, 333),
	('ec3b8b31bb87414dadfc73efd48c1a8d', 'pe', 65, 463),
	('ec468e9218e644438420462c6f1b7307', 'pe', 219, 242),
	('ec4dffda742a4f72b81a9dba3a98a78e', 'pe', 324, 280),
	('ec591549a3724dc584277856470fbe37', 'pe', 414, 85),
	('ec88e2048a134cee94b99d2896d20207', 'pe', 83, 42),
	('ec9849f4e2304dfa93e57c7d2f64a351', 'ac', 18, 431),
	('ed13f43f6b864117b6750f101f17e660', 'ac', 499, 105),
	('ed3c0d2d3c354dea9af83dd400bb7e88', 'de', 456, 213),
	('ed447380641348fcb340685265ea61f9', 'de', 257, 511),
	('edb7660ec1a84b5785d69331992e5def', 'ac', 337, 508),
	('edd4141e78a946a688def804e360a0e1', 'de', 406, 307),
	('ede680b85dd44e38a7de764e03ea7c4e', 'de', 334, 104),
	('edf54c804ada477db90ec6ed03daa8db', 'pe', 467, 329),
	('ee2255429cc14c37b310431234aaef52', 'ac', 434, 264),
	('ee334771db084006a946fa1e255cac75', 'ac', 320, 483),
	('ee41245ba7624230899140252087b4ff', 'de', 406, 20),
	('ee8339d1cb314e8aa37e8f2cc105a07f', 'de', 500, 91),
	('eed38e3dfb814e6385d1ff033d0db166', 'de', 340, 15),
	('eed4a483d30448efb76da4297d4e984c', 'pe', 12, 383),
	('eee5654b505b40c7b0610d2d7110307b', 'pe', 268, 448),
	('eef2026b32c74c48aa337b72219f8706', 'de', 353, 491),
	('ef026689679b4012845915062ec4b014', 'de', 188, 500),
	('ef303dfe3f024dca83de7826c1e9fb4b', 'pe', 433, 368),
	('ef6d2a2ed9e64c988933af0f0fd095f4', 'pe', 206, 249),
	('f00c266845e04a32bb1f160f01ec9eb0', 'ac', 106, 337),
	('f03360c6bc424e6791011480b962bac4', 'de', 96, 490),
	('f048910b02864431b84077ebfabb5865', 'pe', 247, 465),
	('f0dad36de16546e0b27489e8d4c1f06f', 'ac', 345, 491),
	('f0e403e2aff94552aec71325f2d39540', 'pe', 211, 346),
	('f0e517962d7a4d20a09d101adf82aa9e', 'pe', 192, 513),
	('f10af4b2186c41b0b19f172f6dbd3380', 'ac', 102, 43),
	('f13d0aa4d65c4d8ea278c14b4e552b0a', 'de', 299, 186),
	('f148e7be4adf4ad5ae7ad4856d5901bf', 'ac', 383, 413),
	('f14c656283434758a53f6dab2e67937a', 'pe', 505, 156),
	('f15247e1486944d6b72ff2082de368a0', 'pe', 153, 481),
	('f1b19683da744142b446e56dcd256cdd', 'de', 44, 81),
	('f1d2edf3a11f44599e9ff2196180f1f7', 'de', 26, 97),
	('f211f2f5a7fd4c4f9a1497ba7301060c', 'de', 16, 158),
	('f22ac2c66ed54bc68b133a609a134f44', 'ac', 191, 342),
	('f27880893ac943f8875548c85f01a09c', 'ac', 354, 335),
	('f29ddd48c16a4f18b4c29d5c2e45511d', 'ac', 301, 99),
	('f29f2e053206491380eac139abae1dca', 'de', 486, 166),
	('f2a259691b40457a947bc34f5f51131e', 'de', 311, 202),
	('f2d15e862af043bfaa15b090e2ea066b', 'de', 381, 321),
	('f2d78d22e44c435aaf686461f37cd3ca', 'pe', 124, 384),
	('f2e1029d56864631b876fed8f3cadd88', 'ac', 266, 16),
	('f2e1f5cc1baa4bf0a4a99d6e101fc27b', 'pe', 409, 7),
	('f2e468f6af6f4b0abad6f9660fc27057', 'ac', 446, 367),
	('f332d3c32a96474ca025ab93d47eba54', 'ac', 139, 338),
	('f354b407d45346d5b6200f151fec8bbc', 'ac', 433, 104),
	('f38256ae8f9c45f68341153926ed42bb', 'pe', 84, 343),
	('f40667faf4bf465a9949a02d89b95b95', 'pe', 269, 144),
	('f41a1901662141e487be7851d31def3d', 'pe', 140, 398),
	('f44430d14ea24cef85473f5694cefa31', 'ac', 106, 240),
	('f49fd982d61d49bcbd1d9b7ca4029716', 'ac', 286, 240),
	('f4a23d35987c4dbf98dd2e6c03d47805', 'ac', 413, 277),
	('f4bdd0934a8c47958566d8991b104ccd', 'de', 434, 88),
	('f4dd463cef91462c87b94f81edb184a3', 'de', 309, 340),
	('f5352a1706414e20a87004631a838953', 'de', 423, 242),
	('f54bbde1c8d0490281251aaeaebb2529', 'ac', 173, 38),
	('f55cb1a1f470489a8da4e51d5df3d859', 'pe', 341, 167),
	('f59300b3658e4072b937d89adf03003c', 'ac', 332, 83),
	('f5cba0a56d33408488d34d2281f7ed9f', 'de', 361, 269),
	('f5d8aff163184805943a68902a0afb44', 'de', 337, 389),
	('f5f8cca610f546b8b46bc2627142592b', 'de', 437, 332),
	('f65ed4deb1c34381a4dc6e60019649e8', 'pe', 210, 474),
	('f667d63a43534a87a58f35ed1ba8da8d', 'ac', 328, 67),
	('f68ebb488262410891a3c979b629c453', 'de', 91, 347),
	('f6dbece27a6d42829a748bfef5ac7480', 'pe', 149, 449),
	('f6e2d31192864b7ca8b6eb749c9b242d', 'de', 420, 311),
	('f7543c103a3f456696a781a0ba4efdf4', 'ac', 460, 280),
	('f7681fce91b6486bb6d57690672f511d', 'de', 130, 26),
	('f77b8bd912f34d68b17e64ac66ade1d5', 'de', 250, 217),
	('f788cb3d0b7c458dab96d24bd0456559', 'de', 511, 380),
	('f78b8bef69e44743acfbc26eafdab7a4', 'ac', 197, 52),
	('f7989c544a654ec6b5250b499447e55e', 'pe', 461, 313),
	('f79d2257bd9c4d11959a06ad282eec5e', 'ac', 243, 130),
	('f7c40834840745f181d60a445a45804e', 'ac', 51, 140),
	('f7ccef23920b443ba795051612415983', 'ac', 492, 325),
	('f7d3509ab3c648e3be8fc12231715eb3', 'de', 326, 284),
	('f7f340b528e44d0088583935c5bbc123', 'ac', 34, 177),
	('f865bd0b154b4e9386541e320a4fc517', 'pe', 59, 171),
	('f8685a7ac09b467eb88e2e1bda11e81d', 'de', 381, 45),
	('f868686756a0483e81939f50623fd8c8', 'ac', 154, 52),
	('f87cd77e87534e86aca36c0210a2e602', 'de', 456, 229),
	('f882048f46d24dc0a9bc2d13a6b2c4d3', 'pe', 367, 332),
	('f8a96438324549d780ae64243d16a505', 'pe', 324, 137),
	('f8cde6839cd0470dbcf36b4d8db90678', 'ac', 421, 297),
	('f8df502bec3c4bafab193017036eb3d4', 'pe', 468, 271),
	('f903359627a74d0994cd7649f8303623', 'pe', 188, 417),
	('f91e6265891c4e3cb4c0ad8f8f84825e', 'pe', 464, 480),
	('f9246d2470a545a6865ce610eb076089', 'pe', 292, 190),
	('f95c9f1effb14adaa7e14abf61b43547', 'ac', 266, 317),
	('f9682e38e3aa423cb42e176744860416', 'pe', 336, 382),
	('f97fa3fde9be467fa4b1a05e278cba0f', 'ac', 504, 324),
	('f9999c8bd770415bb6a9947913c71102', 'pe', 142, 30),
	('f9d5e921e0be444280e93429634f7dcd', 'ac', 15, 42),
	('f9ef2a29c91e41e2bb58349b50ac50ea', 'pe', 272, 275),
	('fa5b2f0a823c4490b942a165109aa7ed', 'ac', 250, 272),
	('fa69a849beb142138cc44751f0e6ab6b', 'de', 378, 400),
	('faa7048139f14271bd8a281289373631', 'de', 262, 270),
	('fac20971706146c49f82e585c6841ca1', 'de', 341, 424),
	('fb01f9685c254c4cb1b1c4799567f470', 'de', 281, 206),
	('fb2f474b66ee4d978ad692d48cbf561d', 'pe', 102, 244),
	('fb3987503cf3480e9118a7193eb94675', 'pe', 496, 9),
	('fb3a7a518dd84a22b1cae8978d5165a4', 'pe', 482, 142),
	('fb4d0b04d0824767a7d8121b47dc1a17', 'pe', 179, 129),
	('fb955902ecbf4d22b7a346e1fbfee1dc', 'pe', 487, 359),
	('fbbf559819de4982a6e1ac1b911ffd43', 'de', 366, 209),
	('fbebb4553d524903b1acec3a5938a68a', 'de', 122, 340),
	('fc06af35fe4041699390a894974f8973', 'ac', 399, 333),
	('fc127e1048ea4ed19b2672143966118d', 'de', 342, 374),
	('fc1735248bf048c795ae25ecaa5caee4', 'pe', 310, 426),
	('fc1cb861ff0940bab3e3ace550c25908', 'pe', 151, 325),
	('fc267b04fdba4395b75efd360dba6b06', 'pe', 400, 259),
	('fc28e042b99d447b84d8401cabd4e449', 'pe', 438, 163),
	('fc33a13c3d2042a5b22212fa08b523e9', 'ac', 185, 141),
	('fce03c8a47ff4385b80d37d41559170f', 'pe', 54, 282),
	('fce807a4ed5d4b29b9c24400008a35e9', 'de', 314, 403),
	('fd352b1212934bb79619f45868b452a6', 'de', 447, 347),
	('fd9ddbb716ea4be88308b94e915386da', 'ac', 330, 197),
	('fdabd068444145d696ed2cdbbf25d631', 'ac', 105, 287),
	('fdf43fa37609409da42eb554b04f1459', 'de', 421, 10),
	('fdf6083c161a4120865b7f9ced580a94', 'de', 156, 417),
	('fe21eb8fd76a458184a8f07ef1d6928d', 'de', 316, 130),
	('fe33fd76ba4e46e780dd64f96b800f1f', 'pe', 170, 156),
	('fe3a8a07366a448fa4a4621fef812067', 'de', 376, 381),
	('fe3c5bb3171b4d29affe12e5c5605bff', 'de', 330, 322),
	('fe485cb3b1f546539da0eda9a5d77119', 'de', 481, 515),
	('fe69eb7d45f74d1b9c33b5093e2d8d1c', 'pe', 267, 308),
	('fea5ff063b8c4509bfe425c193470f53', 'ac', 451, 100),
	('feb53d00cfee4248ac58550f73bb278f', 'pe', 340, 314),
	('febc5baae16847c3ba4e42b076476a4a', 'pe', 471, 451),
	('ff10397041804c01b3e669bae1471144', 'ac', 395, 276),
	('ff221173f18d4d859b6f792ac83e74ae', 'de', 154, 211),
	('ff2eb44840354f5ba52da15ce436c25c', 'de', 111, 224),
	('ff3e3e9a75c6401a9e67ce2af62c16d7', 'de', 448, 505),
	('ff45661d158d4440a40296cd5c8bcad1', 'pe', 70, 436),
	('ff4860882b3a4db7be647fdf7e54a87a', 'de', 420, 287),
	('ff4c8419c4e445c8820c5d3a8873a447', 'de', 328, 160),
	('ff573b09025f44fbb198a3a84ac6a9ab', 'pe', 133, 462),
	('ff65c07a5ff34905b19747a8abb1d4b1', 'de', 240, 298),
	('ffa77357cec448c0ba8fad1731bce67d', 'pe', 109, 509);
/*!40000 ALTER TABLE `web_friendship` ENABLE KEYS */;

-- Volcando estructura para tabla gamers.web_game
CREATE TABLE IF NOT EXISTS `web_game` (
  `id` char(32) NOT NULL,
  `game_name` varchar(3) NOT NULL,
  `competitive` tinyint(1) NOT NULL,
  PRIMARY KEY (`id`)
) ENGINE=InnoDB DEFAULT CHARSET=utf8mb4 COLLATE=utf8mb4_0900_ai_ci;

-- Volcando datos para la tabla gamers.web_game: ~7 rows (aproximadamente)
DELETE FROM `web_game`;
/*!40000 ALTER TABLE `web_game` DISABLE KEYS */;
INSERT INTO `web_game` (`id`, `game_name`, `competitive`) VALUES
	('0769c7fce824469f87bd67f72ba6d908', 'RLE', 1),
	('130e7b97ef774f2e8bcead05111b22b8', 'FIF', 0),
	('76be62989290436086ee4fd0d95eceef', 'CSG', 1),
	('91e7daf572674e0f9b46e3a4ced706f9', 'VAL', 1),
	('d673395bc4ec4ab4b8aed5524e55797d', 'WOW', 0),
	('f20eee7b30f34f12b8d081a9cb885286', 'FOR', 0),
	('f4c47e11fe934078b9759ced5fe63fd5', 'LOL', 1);
/*!40000 ALTER TABLE `web_game` ENABLE KEYS */;

-- Volcando estructura para tabla gamers.web_gamer
CREATE TABLE IF NOT EXISTS `web_gamer` (
  `user_id` bigint NOT NULL,
  `discord` varchar(30) DEFAULT NULL,
  `steam` varchar(30) DEFAULT NULL,
  `epic_games` varchar(30) DEFAULT NULL,
  `riot_games` varchar(30) DEFAULT NULL,
  `clan_id` char(32) DEFAULT NULL,
  PRIMARY KEY (`user_id`),
  KEY `web_gamer_clan_id_1827d820_fk_web_clan_id` (`clan_id`),
  CONSTRAINT `web_gamer_clan_id_1827d820_fk_web_clan_id` FOREIGN KEY (`clan_id`) REFERENCES `web_clan` (`id`),
  CONSTRAINT `web_gamer_user_id_c63a9c6a_fk_web_user_id` FOREIGN KEY (`user_id`) REFERENCES `web_user` (`id`)
) ENGINE=InnoDB DEFAULT CHARSET=utf8mb4 COLLATE=utf8mb4_0900_ai_ci;

-- Volcando datos para la tabla gamers.web_gamer: ~517 rows (aproximadamente)
DELETE FROM `web_gamer`;
/*!40000 ALTER TABLE `web_gamer` DISABLE KEYS */;
INSERT INTO `web_gamer` (`user_id`, `discord`, `steam`, `epic_games`, `riot_games`, `clan_id`) VALUES
	(1, NULL, NULL, NULL, NULL, '153d50ac01584bc3ad6306bd7b34d83a'),
	(2, 'kimberlyzavala', NULL, 'jzimmerman', NULL, '2d18c79d090f4c5094cdfd60626b3585'),
	(3, 'mcgeematthew', 'xhenderson', NULL, 'zking', '54906cbac25a4a4fb970fbf4dfbc4ad5'),
	(4, 'jeremy94', 'hflores', NULL, NULL, 'c38b86e0f0b5481ba85ecc80cf022ce0'),
	(5, 'michael87', NULL, NULL, 'jlopez', '836af90d7ef0400797c8b31a39ed2ee5'),
	(6, 'swalker', NULL, NULL, 'geraldwillis', NULL),
	(7, 'michaelmitchell', NULL, 'brittany17', 'christineconway', '153d50ac01584bc3ad6306bd7b34d83a'),
	(8, 'romansteve', 'victoriajackson', NULL, 'kimberly93', '9e477e7829254bc584d48a5e8781c18f'),
	(9, 'michaelmeghan', NULL, 'haroldpadilla', 'jessica68', '153d50ac01584bc3ad6306bd7b34d83a'),
	(10, 'schneiderjamie', 'terri45', NULL, NULL, '153d50ac01584bc3ad6306bd7b34d83a'),
	(11, 'powelljane', NULL, NULL, NULL, 'ec3fdbc174404c34b86fe68cc8327cca'),
	(12, 'jaimeedwards', NULL, NULL, 'debra31', NULL),
	(13, 'hsimmons', NULL, NULL, NULL, '187caa0d24e744fcb1bac6a3917710a4'),
	(14, 'watkinsandrew', 'stephen61', 'fisherfred', 'ronald54', 'c38b86e0f0b5481ba85ecc80cf022ce0'),
	(15, 'christophercook', 'michellefreeman', 'elizabeth82', NULL, '153d50ac01584bc3ad6306bd7b34d83a'),
	(16, 'brandon63', 'brooksdustin', 'robert63', 'joneskelly', '187caa0d24e744fcb1bac6a3917710a4'),
	(17, 'kingpeter', NULL, 'caleb24', NULL, '54906cbac25a4a4fb970fbf4dfbc4ad5'),
	(18, 'jennifer83', 'psmith', NULL, NULL, 'ec3fdbc174404c34b86fe68cc8327cca'),
	(19, 'masonjason', NULL, NULL, NULL, '9e477e7829254bc584d48a5e8781c18f'),
	(20, 'cunninghamsara', 'david31', NULL, NULL, 'ec3fdbc174404c34b86fe68cc8327cca'),
	(21, 'erin35', NULL, NULL, NULL, '9e477e7829254bc584d48a5e8781c18f'),
	(22, 'jason87', 'samantha40', NULL, NULL, '54906cbac25a4a4fb970fbf4dfbc4ad5'),
	(23, 'moorejason', NULL, NULL, 'brownkelly', '06ff59e0ed09419dbd4276b4cccddb95'),
	(24, 'joshuasmith', 'leonardbeverly', NULL, NULL, '153d50ac01584bc3ad6306bd7b34d83a'),
	(25, 'glamb', 'melinda47', 'balvarez', 'icarlson', '9e477e7829254bc584d48a5e8781c18f'),
	(26, 'xburns', NULL, 'jsullivan', NULL, '187caa0d24e744fcb1bac6a3917710a4'),
	(27, 'jtaylor', 'daniel55', 'daniel84', 'tfrazier', 'c38b86e0f0b5481ba85ecc80cf022ce0'),
	(28, 'nicholas25', 'zkidd', 'griffinolivia', 'montgomerynancy', 'ec3fdbc174404c34b86fe68cc8327cca'),
	(29, 'william43', NULL, 'wsnow', NULL, '153d50ac01584bc3ad6306bd7b34d83a'),
	(30, 'laura85', NULL, NULL, 'oatkins', '153d50ac01584bc3ad6306bd7b34d83a'),
	(31, 'daniel23', NULL, NULL, 'monique52', '836af90d7ef0400797c8b31a39ed2ee5'),
	(32, 'michael28', 'ortegaamanda', NULL, 'rivasnathan', '187caa0d24e744fcb1bac6a3917710a4'),
	(33, 'williamssummer', NULL, NULL, 'susan95', '2d18c79d090f4c5094cdfd60626b3585'),
	(34, 'russellchase', 'vrichmond', NULL, NULL, '153d50ac01584bc3ad6306bd7b34d83a'),
	(35, 'bstein', 'melissadonovan', 'larry88', 'lewiskelly', '836af90d7ef0400797c8b31a39ed2ee5'),
	(36, 'kennedynathan', NULL, NULL, NULL, '2d18c79d090f4c5094cdfd60626b3585'),
	(37, 'vfowler', NULL, NULL, 'barnestanya', '54906cbac25a4a4fb970fbf4dfbc4ad5'),
	(38, 'kennethkramer', 'rodriguezmarcia', NULL, 'kylelewis', 'ec3fdbc174404c34b86fe68cc8327cca'),
	(39, 'mccormickmichael', 'wreynolds', NULL, NULL, '06ff59e0ed09419dbd4276b4cccddb95'),
	(40, 'steven68', NULL, 'equinn', NULL, '06ff59e0ed09419dbd4276b4cccddb95'),
	(41, 'dennisfarmer', NULL, NULL, NULL, 'c38b86e0f0b5481ba85ecc80cf022ce0'),
	(42, 'dorseymorgan', NULL, NULL, 'shannonjohnson', 'c38b86e0f0b5481ba85ecc80cf022ce0'),
	(43, 'ariana05', 'christopherpatterson', NULL, NULL, '153d50ac01584bc3ad6306bd7b34d83a'),
	(44, 'sarahweber', NULL, 'amber21', 'holdermark', '153d50ac01584bc3ad6306bd7b34d83a'),
	(45, 'joshua70', NULL, NULL, 'alexander91', 'ec3fdbc174404c34b86fe68cc8327cca'),
	(46, 'ysmith', 'khumphrey', NULL, NULL, '153d50ac01584bc3ad6306bd7b34d83a'),
	(47, 'bhess', NULL, 'parsonscarol', 'hoffmanscott', '54906cbac25a4a4fb970fbf4dfbc4ad5'),
	(48, 'qkeller', NULL, NULL, 'dylanmiller', '9e477e7829254bc584d48a5e8781c18f'),
	(49, 'callahanemily', 'stephanie15', NULL, 'ngilmore', '187caa0d24e744fcb1bac6a3917710a4'),
	(50, 'bhodges', NULL, 'sharonbooth', 'thomaslam', '9e477e7829254bc584d48a5e8781c18f'),
	(51, 'zaustin', 'marshallkimberly', NULL, NULL, '2d18c79d090f4c5094cdfd60626b3585'),
	(52, 'ibarrajessica', 'johncampbell', NULL, NULL, '836af90d7ef0400797c8b31a39ed2ee5'),
	(53, 'browncynthia', NULL, 'sprice', 'berrychristine', '2d18c79d090f4c5094cdfd60626b3585'),
	(54, 'paigeortega', NULL, 'aprilmartin', NULL, '06ff59e0ed09419dbd4276b4cccddb95'),
	(55, 'andrewrodgers', NULL, 'wendymolina', NULL, '9e477e7829254bc584d48a5e8781c18f'),
	(56, 'josebowers', 'nicholas21', NULL, 'sancheztravis', '153d50ac01584bc3ad6306bd7b34d83a'),
	(57, 'utucker', NULL, 'owood', NULL, '9e477e7829254bc584d48a5e8781c18f'),
	(58, 'vargaskeith', NULL, 'elizabeth50', NULL, '06ff59e0ed09419dbd4276b4cccddb95'),
	(59, 'thomas78', 'robert42', NULL, NULL, '9e477e7829254bc584d48a5e8781c18f'),
	(60, 'edwardsteele', NULL, NULL, NULL, 'ec3fdbc174404c34b86fe68cc8327cca'),
	(61, 'charleswilson', 'vsummers', NULL, 'webbgrace', '54906cbac25a4a4fb970fbf4dfbc4ad5'),
	(62, 'david19', 'mariahunter', 'raymond09', NULL, '54906cbac25a4a4fb970fbf4dfbc4ad5'),
	(63, 'wbrown', NULL, 'jlewis', NULL, '153d50ac01584bc3ad6306bd7b34d83a'),
	(64, 'benjaminwilliams', NULL, 'barry53', NULL, '187caa0d24e744fcb1bac6a3917710a4'),
	(65, 'qsparks', NULL, NULL, 'manuel64', '187caa0d24e744fcb1bac6a3917710a4'),
	(66, 'ecollins', 'mullinsjennifer', NULL, 'jonathankrause', '9e477e7829254bc584d48a5e8781c18f'),
	(67, 'jerry00', NULL, NULL, 'cartersheila', '54906cbac25a4a4fb970fbf4dfbc4ad5'),
	(68, 'yblack', NULL, NULL, 'richardcollins', '54906cbac25a4a4fb970fbf4dfbc4ad5'),
	(69, 'scottlowery', 'frederickscott', 'millerjeffrey', 'brittany66', 'c38b86e0f0b5481ba85ecc80cf022ce0'),
	(70, 'james87', NULL, NULL, 'hgonzalez', '06ff59e0ed09419dbd4276b4cccddb95'),
	(71, 'castrotracie', 'crystalortiz', 'nicolepena', NULL, '187caa0d24e744fcb1bac6a3917710a4'),
	(72, 'kelsey63', 'kathyandrews', NULL, 'bergmichael', 'ec3fdbc174404c34b86fe68cc8327cca'),
	(73, 'cherylwilliams', 'elliskaren', 'amejia', NULL, '54906cbac25a4a4fb970fbf4dfbc4ad5'),
	(74, 'brentmills', 'blackdavid', 'nicolegrant', NULL, '06ff59e0ed09419dbd4276b4cccddb95'),
	(75, 'maureenlopez', 'oliverlori', NULL, 'sjones', '836af90d7ef0400797c8b31a39ed2ee5'),
	(76, 'rjohnson', NULL, NULL, 'michael79', 'ec3fdbc174404c34b86fe68cc8327cca'),
	(77, 'yorkvernon', 'shelley17', NULL, 'peter39', '2d18c79d090f4c5094cdfd60626b3585'),
	(78, 'luke15', 'hallmichael', 'michellecox', 'christopherwilcox', '153d50ac01584bc3ad6306bd7b34d83a'),
	(79, 'pamelayoung', NULL, NULL, 'mjackson', '06ff59e0ed09419dbd4276b4cccddb95'),
	(80, 'krios', NULL, NULL, 'jennifer67', '54906cbac25a4a4fb970fbf4dfbc4ad5'),
	(81, 'mason48', NULL, 'martinlopez', NULL, '187caa0d24e744fcb1bac6a3917710a4'),
	(82, 'william74', 'larrywhite', 'tgomez', 'danielleperez', 'c38b86e0f0b5481ba85ecc80cf022ce0'),
	(83, 'uwatson', 'robbinschristine', NULL, NULL, '2d18c79d090f4c5094cdfd60626b3585'),
	(84, 'roseriggs', 'jenniferanderson', 'fowlerdiane', NULL, '836af90d7ef0400797c8b31a39ed2ee5'),
	(85, 'victoriajohnson', 'marcussteele', NULL, 'bstanley', 'c38b86e0f0b5481ba85ecc80cf022ce0'),
	(86, 'ylarson', NULL, 'claudia96', NULL, '06ff59e0ed09419dbd4276b4cccddb95'),
	(87, 'melissa49', 'mathewwilson', 'kimberlycook', 'michael63', '153d50ac01584bc3ad6306bd7b34d83a'),
	(88, 'gandrews', NULL, 'troy72', NULL, 'ec3fdbc174404c34b86fe68cc8327cca'),
	(89, 'jenniferpollard', NULL, NULL, 'sabrinaevans', '153d50ac01584bc3ad6306bd7b34d83a'),
	(90, 'blakehayden', NULL, 'boyleapril', 'keithbooth', '54906cbac25a4a4fb970fbf4dfbc4ad5'),
	(91, 'gonzalezcasey', NULL, NULL, NULL, '187caa0d24e744fcb1bac6a3917710a4'),
	(92, 'whebert', NULL, NULL, NULL, 'ec3fdbc174404c34b86fe68cc8327cca'),
	(93, 'johngonzalez', 'rebeccahowell', 'joseph18', NULL, '2d18c79d090f4c5094cdfd60626b3585'),
	(94, 'obrienkirsten', 'theresadouglas', 'nguyenjoshua', 'jay38', '2d18c79d090f4c5094cdfd60626b3585'),
	(95, 'cookekimberly', NULL, NULL, 'melaniesolomon', '54906cbac25a4a4fb970fbf4dfbc4ad5'),
	(96, 'john68', 'allison71', 'michael71', 'vjohnson', 'ec3fdbc174404c34b86fe68cc8327cca'),
	(97, 'warrenchristopher', NULL, 'chavezjessica', 'brandonharris', '06ff59e0ed09419dbd4276b4cccddb95'),
	(98, 'jameswilliams', NULL, NULL, 'gutierrezphillip', '153d50ac01584bc3ad6306bd7b34d83a'),
	(99, 'clarkelizabeth', NULL, 'carterangela', NULL, 'c38b86e0f0b5481ba85ecc80cf022ce0'),
	(100, 'geraldkline', NULL, 'romerodylan', NULL, '06ff59e0ed09419dbd4276b4cccddb95'),
	(101, 'williamsclayton', 'garywood', 'kristinestrada', NULL, 'ec3fdbc174404c34b86fe68cc8327cca'),
	(102, 'scott01', NULL, 'lisa71', NULL, 'ec3fdbc174404c34b86fe68cc8327cca'),
	(103, 'madisonacosta', 'richardmoore', 'janetwilliams', NULL, '9e477e7829254bc584d48a5e8781c18f'),
	(104, 'kbryant', 'shelly29', NULL, NULL, '06ff59e0ed09419dbd4276b4cccddb95'),
	(105, 'desiree08', NULL, 'william11', NULL, '54906cbac25a4a4fb970fbf4dfbc4ad5'),
	(106, 'rdelgado', 'gmontgomery', NULL, NULL, '9e477e7829254bc584d48a5e8781c18f'),
	(107, 'cheryl48', NULL, NULL, 'nicholas77', '836af90d7ef0400797c8b31a39ed2ee5'),
	(108, 'alexanderandrea', NULL, 'smithbrian', NULL, '153d50ac01584bc3ad6306bd7b34d83a'),
	(109, 'jonathan41', 'itorres', NULL, 'wendybaker', '836af90d7ef0400797c8b31a39ed2ee5'),
	(110, 'ijohnson', 'swansonjulie', 'raymond23', 'terri64', '836af90d7ef0400797c8b31a39ed2ee5'),
	(111, 'chogan', 'colleenturner', 'joelbrandt', 'zwoods', 'ec3fdbc174404c34b86fe68cc8327cca'),
	(112, 'codycochran', NULL, 'martinezelizabeth', 'ronaldkim', 'c38b86e0f0b5481ba85ecc80cf022ce0'),
	(113, 'matthewsmichelle', 'anne82', 'christinabecker', 'ryanhill', 'ec3fdbc174404c34b86fe68cc8327cca'),
	(114, 'ortizjason', 'villarrealpatrick', 'debbieramos', 'holmeskevin', '54906cbac25a4a4fb970fbf4dfbc4ad5'),
	(115, 'devinjones', 'jmathis', NULL, NULL, 'c38b86e0f0b5481ba85ecc80cf022ce0'),
	(116, 'gallowayjohn', 'wmartinez', 'xparker', NULL, '54906cbac25a4a4fb970fbf4dfbc4ad5'),
	(117, 'cynthiahall', NULL, 'allenanna', NULL, '2d18c79d090f4c5094cdfd60626b3585'),
	(118, 'timothy48', NULL, NULL, NULL, 'ec3fdbc174404c34b86fe68cc8327cca'),
	(119, 'reeseamanda', 'nancy81', NULL, NULL, '9e477e7829254bc584d48a5e8781c18f'),
	(120, 'kwilkinson', NULL, 'epotter', 'sarasalazar', '06ff59e0ed09419dbd4276b4cccddb95'),
	(121, 'johnstephenson', 'amanda34', NULL, 'harringtonjennifer', '187caa0d24e744fcb1bac6a3917710a4'),
	(122, 'wbrowning', NULL, 'morrisjulie', 'steven01', '54906cbac25a4a4fb970fbf4dfbc4ad5'),
	(123, 'foxhenry', NULL, NULL, 'daniel08', '9e477e7829254bc584d48a5e8781c18f'),
	(124, 'amyburke', NULL, NULL, NULL, 'ec3fdbc174404c34b86fe68cc8327cca'),
	(125, 'idiaz', NULL, 'xhansen', 'shannon76', 'ec3fdbc174404c34b86fe68cc8327cca'),
	(126, 'edwardday', 'kdeleon', NULL, NULL, 'ec3fdbc174404c34b86fe68cc8327cca'),
	(127, 'patricia67', 'robert29', 'melissaobrien', 'megan85', 'c38b86e0f0b5481ba85ecc80cf022ce0'),
	(128, 'ngriffith', NULL, NULL, 'margaret22', '836af90d7ef0400797c8b31a39ed2ee5'),
	(129, 'matthewmartin', 'jacob95', NULL, NULL, '2d18c79d090f4c5094cdfd60626b3585'),
	(130, 'adam20', 'dianefreeman', NULL, NULL, '54906cbac25a4a4fb970fbf4dfbc4ad5'),
	(131, 'jeffersondaniel', NULL, NULL, 'paulmorgan', '187caa0d24e744fcb1bac6a3917710a4'),
	(132, 'dgalvan', NULL, 'michael98', 'brownallen', '54906cbac25a4a4fb970fbf4dfbc4ad5'),
	(133, 'briana89', NULL, NULL, NULL, '9e477e7829254bc584d48a5e8781c18f'),
	(134, 'yolandathornton', NULL, NULL, 'snyderjoseph', 'c38b86e0f0b5481ba85ecc80cf022ce0'),
	(135, 'rsampson', NULL, 'michael37', NULL, '06ff59e0ed09419dbd4276b4cccddb95'),
	(136, 'wilsoncrystal', 'stephen43', NULL, NULL, '836af90d7ef0400797c8b31a39ed2ee5'),
	(137, 'lisa11', NULL, NULL, 'timothywagner', '187caa0d24e744fcb1bac6a3917710a4'),
	(138, 'christopher28', NULL, NULL, 'vanessa60', 'ec3fdbc174404c34b86fe68cc8327cca'),
	(139, 'halejamie', NULL, NULL, 'jenniferjohnson', 'ec3fdbc174404c34b86fe68cc8327cca'),
	(140, 'kellyvelazquez', NULL, 'romanthomas', 'ashley76', '153d50ac01584bc3ad6306bd7b34d83a'),
	(141, 'wadekelly', NULL, NULL, 'heather89', '54906cbac25a4a4fb970fbf4dfbc4ad5'),
	(142, 'mkeller', 'anorton', NULL, NULL, '836af90d7ef0400797c8b31a39ed2ee5'),
	(143, 'georgeheather', NULL, NULL, 'ugray', '153d50ac01584bc3ad6306bd7b34d83a'),
	(144, 'hortiz', NULL, 'grimesderrick', 'pglover', '2d18c79d090f4c5094cdfd60626b3585'),
	(145, 'bassvalerie', NULL, 'gary91', NULL, '2d18c79d090f4c5094cdfd60626b3585'),
	(146, 'leechristine', 'erikchang', NULL, 'jonathanlewis', '54906cbac25a4a4fb970fbf4dfbc4ad5'),
	(147, 'thomas55', 'blairdanielle', NULL, 'gcurry', '153d50ac01584bc3ad6306bd7b34d83a'),
	(148, 'gail91', 'dhunter', NULL, NULL, 'ec3fdbc174404c34b86fe68cc8327cca'),
	(149, 'morriswesley', NULL, 'mcneilanthony', NULL, '187caa0d24e744fcb1bac6a3917710a4'),
	(150, 'saunderselizabeth', NULL, 'stephaniemoran', NULL, 'ec3fdbc174404c34b86fe68cc8327cca'),
	(151, 'sherry76', 'lauriepace', 'vazquezrobert', NULL, '9e477e7829254bc584d48a5e8781c18f'),
	(152, 'zchapman', NULL, 'jjones', 'sheltonbryan', '9e477e7829254bc584d48a5e8781c18f'),
	(153, 'branchbrittany', NULL, 'jamessnyder', NULL, '187caa0d24e744fcb1bac6a3917710a4'),
	(154, 'jesusgarcia', NULL, 'webbjohn', 'wfriedman', '187caa0d24e744fcb1bac6a3917710a4'),
	(155, 'mccartydaniel', NULL, NULL, 'ihall', '187caa0d24e744fcb1bac6a3917710a4'),
	(156, 'sgarcia', NULL, 'wrobinson', NULL, '54906cbac25a4a4fb970fbf4dfbc4ad5'),
	(157, 'jasmine28', NULL, 'thorntonjulie', 'meadowslaura', 'c38b86e0f0b5481ba85ecc80cf022ce0'),
	(158, 'sue44', 'austin37', 'chadblake', 'zlewis', '153d50ac01584bc3ad6306bd7b34d83a'),
	(159, 'taylorpatricia', NULL, 'lthompson', NULL, '153d50ac01584bc3ad6306bd7b34d83a'),
	(160, 'pamelanunez', NULL, 'patrick18', 'sherri09', '54906cbac25a4a4fb970fbf4dfbc4ad5'),
	(161, 'jerome83', NULL, NULL, 'millermichael', '187caa0d24e744fcb1bac6a3917710a4'),
	(162, 'craig93', 'aaron40', NULL, NULL, '06ff59e0ed09419dbd4276b4cccddb95'),
	(163, 'krista83', 'christy81', NULL, NULL, 'ec3fdbc174404c34b86fe68cc8327cca'),
	(164, 'russellsalinas', NULL, NULL, NULL, 'c38b86e0f0b5481ba85ecc80cf022ce0'),
	(165, 'mark23', 'ryan98', 'crystalluna', NULL, 'ec3fdbc174404c34b86fe68cc8327cca'),
	(166, 'taracollier', 'jorge15', NULL, NULL, '9e477e7829254bc584d48a5e8781c18f'),
	(167, 'zarnold', 'corey34', 'shampton', NULL, '06ff59e0ed09419dbd4276b4cccddb95'),
	(168, 'amber42', 'thomas82', 'singletonjesse', NULL, '2d18c79d090f4c5094cdfd60626b3585'),
	(169, 'simmonswhitney', NULL, 'robinsonamy', NULL, '9e477e7829254bc584d48a5e8781c18f'),
	(170, 'ryaneverett', 'wlopez', 'hernandeznicholas', NULL, '187caa0d24e744fcb1bac6a3917710a4'),
	(171, 'danielgilbert', 'bowersrandy', 'garciascott', 'yallen', '9e477e7829254bc584d48a5e8781c18f'),
	(172, 'gomezjoan', 'john16', 'shannonlee', 'natalie12', '836af90d7ef0400797c8b31a39ed2ee5'),
	(173, 'johnsonkelly', 'joshuagarcia', 'shane29', NULL, '54906cbac25a4a4fb970fbf4dfbc4ad5'),
	(174, 'colemanlindsay', 'courtney43', 'nashcharles', 'charles70', 'ec3fdbc174404c34b86fe68cc8327cca'),
	(175, 'amyscott', NULL, NULL, 'erikamartin', '2d18c79d090f4c5094cdfd60626b3585'),
	(176, 'steven64', NULL, NULL, 'patricia05', '836af90d7ef0400797c8b31a39ed2ee5'),
	(177, 'oliviamorgan', NULL, NULL, NULL, '836af90d7ef0400797c8b31a39ed2ee5'),
	(178, 'heather28', 'hendersondaniel', NULL, NULL, '153d50ac01584bc3ad6306bd7b34d83a'),
	(179, 'woodardchristopher', 'meredithpham', 'sherrimejia', 'rickyfreeman', '06ff59e0ed09419dbd4276b4cccddb95'),
	(180, 'stephendavis', NULL, 'hartmanmichelle', NULL, 'c38b86e0f0b5481ba85ecc80cf022ce0'),
	(181, 'albert37', 'danielmccarthy', 'lindsey52', 'douglas40', '836af90d7ef0400797c8b31a39ed2ee5'),
	(182, 'leewilliam', NULL, NULL, 'rblair', '836af90d7ef0400797c8b31a39ed2ee5'),
	(183, 'vrivas', NULL, NULL, NULL, '9e477e7829254bc584d48a5e8781c18f'),
	(184, 'mackeric', 'fostereric', NULL, 'umaddox', 'c38b86e0f0b5481ba85ecc80cf022ce0'),
	(185, 'jefferyroberts', 'keithmaldonado', NULL, NULL, '836af90d7ef0400797c8b31a39ed2ee5'),
	(186, 'harrismanuel', NULL, NULL, 'vjohnson', '836af90d7ef0400797c8b31a39ed2ee5'),
	(187, 'fnewton', NULL, NULL, 'istanley', '06ff59e0ed09419dbd4276b4cccddb95'),
	(188, 'clarkbrett', NULL, 'darren86', NULL, '2d18c79d090f4c5094cdfd60626b3585'),
	(189, 'jackiejones', 'allisonsharon', 'devinriley', 'tlynch', '187caa0d24e744fcb1bac6a3917710a4'),
	(190, 'margaret85', 'samanthathomas', NULL, 'qwright', '836af90d7ef0400797c8b31a39ed2ee5'),
	(191, 'taylor61', NULL, NULL, 'romanangela', '9e477e7829254bc584d48a5e8781c18f'),
	(192, 'jennifer43', NULL, 'wadams', NULL, '06ff59e0ed09419dbd4276b4cccddb95'),
	(193, 'jennifer62', 'juandavis', NULL, NULL, 'ec3fdbc174404c34b86fe68cc8327cca'),
	(194, 'george65', NULL, NULL, 'davisthomas', 'ec3fdbc174404c34b86fe68cc8327cca'),
	(195, 'bdowns', NULL, 'derrick53', 'kristinesmith', '153d50ac01584bc3ad6306bd7b34d83a'),
	(196, 'bpugh', 'kevingallegos', 'cwilson', 'joneschristopher', 'ec3fdbc174404c34b86fe68cc8327cca'),
	(197, 'hallryan', 'brian01', 'tina17', NULL, '9e477e7829254bc584d48a5e8781c18f'),
	(198, 'elliottstephanie', NULL, NULL, NULL, 'c38b86e0f0b5481ba85ecc80cf022ce0'),
	(199, 'rhodesanna', NULL, 'murphyvanessa', 'rpark', '187caa0d24e744fcb1bac6a3917710a4'),
	(200, 'paigedawson', 'james02', NULL, NULL, 'ec3fdbc174404c34b86fe68cc8327cca'),
	(201, 'katherine51', 'zcoleman', NULL, NULL, '836af90d7ef0400797c8b31a39ed2ee5'),
	(202, 'denise95', NULL, 'reidanna', NULL, '836af90d7ef0400797c8b31a39ed2ee5'),
	(203, 'weberemily', 'hannahbrown', NULL, NULL, '06ff59e0ed09419dbd4276b4cccddb95'),
	(204, 'christophergordon', NULL, NULL, 'eileenadams', '2d18c79d090f4c5094cdfd60626b3585'),
	(205, 'crossjoseph', NULL, NULL, NULL, '153d50ac01584bc3ad6306bd7b34d83a'),
	(206, 'sthomas', 'yschneider', NULL, 'mark28', '54906cbac25a4a4fb970fbf4dfbc4ad5'),
	(207, 'abuchanan', NULL, 'erikastrong', 'elizabethbyrd', '153d50ac01584bc3ad6306bd7b34d83a'),
	(208, 'shannonpayne', NULL, NULL, NULL, '153d50ac01584bc3ad6306bd7b34d83a'),
	(209, 'robert54', NULL, 'gregorymarcus', NULL, 'c38b86e0f0b5481ba85ecc80cf022ce0'),
	(210, 'dawn64', NULL, 'guerrerojason', 'frandall', 'c38b86e0f0b5481ba85ecc80cf022ce0'),
	(211, 'bgregory', NULL, NULL, NULL, 'ec3fdbc174404c34b86fe68cc8327cca'),
	(212, 'alewis', 'josephphillips', NULL, NULL, '836af90d7ef0400797c8b31a39ed2ee5'),
	(213, 'richard20', 'welchsteven', NULL, NULL, 'c38b86e0f0b5481ba85ecc80cf022ce0'),
	(214, 'masonashley', 'jonmanning', 'deborah28', NULL, 'c38b86e0f0b5481ba85ecc80cf022ce0'),
	(215, 'yyang', NULL, 'mstephens', NULL, '2d18c79d090f4c5094cdfd60626b3585'),
	(216, 'zachary51', 'connor70', 'wmendez', NULL, '836af90d7ef0400797c8b31a39ed2ee5'),
	(217, 'debbie84', 'webstertaylor', 'hhorton', NULL, 'c38b86e0f0b5481ba85ecc80cf022ce0'),
	(218, 'corteztammy', NULL, NULL, NULL, '836af90d7ef0400797c8b31a39ed2ee5'),
	(219, 'georgehull', NULL, 'kelly55', 'anthonytaylor', '153d50ac01584bc3ad6306bd7b34d83a'),
	(220, 'michelemckenzie', NULL, 'barbara16', NULL, '06ff59e0ed09419dbd4276b4cccddb95'),
	(221, 'gravesbarbara', 'barbaraedwards', NULL, 'pstewart', '2d18c79d090f4c5094cdfd60626b3585'),
	(222, 'sarareed', NULL, 'ycooley', NULL, '2d18c79d090f4c5094cdfd60626b3585'),
	(223, 'trujillosamuel', 'fisherchristina', NULL, 'zclark', '836af90d7ef0400797c8b31a39ed2ee5'),
	(224, 'rsharp', 'hmartinez', NULL, 'ksantiago', '06ff59e0ed09419dbd4276b4cccddb95'),
	(225, 'matthew68', NULL, NULL, 'kathleenwoods', '836af90d7ef0400797c8b31a39ed2ee5'),
	(226, 'rbass', NULL, NULL, 'umartin', '9e477e7829254bc584d48a5e8781c18f'),
	(227, 'krose', NULL, NULL, 'kellymercado', '187caa0d24e744fcb1bac6a3917710a4'),
	(228, 'sandra13', 'sabrinabryant', 'brandonsnyder', NULL, '54906cbac25a4a4fb970fbf4dfbc4ad5'),
	(229, 'allenjustin', 'jfoster', 'rachelchoi', 'thompsonjustin', '2d18c79d090f4c5094cdfd60626b3585'),
	(230, 'zacharyzuniga', 'crystalhernandez', NULL, NULL, '153d50ac01584bc3ad6306bd7b34d83a'),
	(231, 'hgarza', 'samantha38', 'xfoster', NULL, 'ec3fdbc174404c34b86fe68cc8327cca'),
	(232, 'jacquelinemyers', 'wagnerrichard', 'gloverethan', 'julie98', 'ec3fdbc174404c34b86fe68cc8327cca'),
	(233, 'eweber', NULL, 'robert24', NULL, '9e477e7829254bc584d48a5e8781c18f'),
	(234, 'ccarlson', 'keydaniel', NULL, 'seth96', '187caa0d24e744fcb1bac6a3917710a4'),
	(235, 'andrewjohnson', 'renee91', NULL, 'samanthasimon', '54906cbac25a4a4fb970fbf4dfbc4ad5'),
	(236, 'dalexander', NULL, NULL, 'victor34', '54906cbac25a4a4fb970fbf4dfbc4ad5'),
	(237, 'vjones', NULL, NULL, 'jessicawatkins', '06ff59e0ed09419dbd4276b4cccddb95'),
	(238, 'spencer64', NULL, 'tgonzalez', 'kfigueroa', '06ff59e0ed09419dbd4276b4cccddb95'),
	(239, 'moniquefoley', NULL, NULL, NULL, '187caa0d24e744fcb1bac6a3917710a4'),
	(240, 'flawson', NULL, 'danielturner', 'qmendoza', '54906cbac25a4a4fb970fbf4dfbc4ad5'),
	(241, 'greensarah', NULL, NULL, 'qsmith', '2d18c79d090f4c5094cdfd60626b3585'),
	(242, 'michaelmaxwell', NULL, 'odomheather', 'kgonzalez', '54906cbac25a4a4fb970fbf4dfbc4ad5'),
	(243, 'conniepeterson', NULL, 'gcarroll', NULL, '06ff59e0ed09419dbd4276b4cccddb95'),
	(244, 'brandysanchez', NULL, NULL, NULL, '187caa0d24e744fcb1bac6a3917710a4'),
	(245, 'shanna', NULL, NULL, 'richard51', 'c38b86e0f0b5481ba85ecc80cf022ce0'),
	(246, 'martinezfrancisco', NULL, 'garrett95', 'scottbeck', '9e477e7829254bc584d48a5e8781c18f'),
	(247, 'ncarter', 'charleswalker', NULL, NULL, '9e477e7829254bc584d48a5e8781c18f'),
	(248, 'anthonyriley', 'dillonhicks', 'nicole48', NULL, '153d50ac01584bc3ad6306bd7b34d83a'),
	(249, 'piercenicholas', NULL, NULL, NULL, 'ec3fdbc174404c34b86fe68cc8327cca'),
	(250, 'bcarroll', NULL, 'rileydavid', 'smithmichelle', 'c38b86e0f0b5481ba85ecc80cf022ce0'),
	(251, 'fjohnson', 'xlynch', 'allenjessica', NULL, '836af90d7ef0400797c8b31a39ed2ee5'),
	(252, 'mariaphillips', 'xgarza', 'kylebarnes', NULL, '2d18c79d090f4c5094cdfd60626b3585'),
	(253, 'aaron43', NULL, 'rodgersrichard', 'caitlyn37', '06ff59e0ed09419dbd4276b4cccddb95'),
	(254, 'william59', NULL, 'millerjames', NULL, '9e477e7829254bc584d48a5e8781c18f'),
	(255, 'sharon23', NULL, NULL, NULL, '153d50ac01584bc3ad6306bd7b34d83a'),
	(256, 'huntermaxwell', NULL, 'brojas', NULL, '187caa0d24e744fcb1bac6a3917710a4'),
	(257, 'sethrollins', 'pmoore', NULL, NULL, 'ec3fdbc174404c34b86fe68cc8327cca'),
	(258, 'danielbailey', NULL, 'johnsonjonathan', NULL, '54906cbac25a4a4fb970fbf4dfbc4ad5'),
	(259, 'daystephen', NULL, NULL, NULL, '836af90d7ef0400797c8b31a39ed2ee5'),
	(260, 'ojames', 'rosscaleb', NULL, NULL, '836af90d7ef0400797c8b31a39ed2ee5'),
	(261, 'jennifer50', NULL, 'angela59', 'alyssa77', '153d50ac01584bc3ad6306bd7b34d83a'),
	(262, 'alexanderthomas', NULL, NULL, NULL, '2d18c79d090f4c5094cdfd60626b3585'),
	(263, 'hnelson', NULL, 'rochabrian', NULL, 'ec3fdbc174404c34b86fe68cc8327cca'),
	(264, 'grayashley', NULL, NULL, 'martinamanda', '06ff59e0ed09419dbd4276b4cccddb95'),
	(265, 'morgan60', NULL, NULL, 'michellesims', 'ec3fdbc174404c34b86fe68cc8327cca'),
	(266, 'iharper', NULL, 'hubermaria', 'laurenharvey', '9e477e7829254bc584d48a5e8781c18f'),
	(267, 'david09', NULL, 'barbara60', NULL, 'c38b86e0f0b5481ba85ecc80cf022ce0'),
	(268, 'james26', NULL, NULL, 'ellisholly', '9e477e7829254bc584d48a5e8781c18f'),
	(269, 'todd69', NULL, 'ryancurtis', 'pbenson', 'c38b86e0f0b5481ba85ecc80cf022ce0'),
	(270, 'steven21', 'vwilson', 'michael43', 'osbornefelicia', '187caa0d24e744fcb1bac6a3917710a4'),
	(271, 'lewisjoshua', 'scottfranco', 'vwilliams', 'johnnycraig', 'c38b86e0f0b5481ba85ecc80cf022ce0'),
	(272, 'taylortammy', NULL, 'andersonmelissa', 'kempmisty', '187caa0d24e744fcb1bac6a3917710a4'),
	(273, 'parkerteresa', 'mstone', NULL, NULL, '06ff59e0ed09419dbd4276b4cccddb95'),
	(274, 'fmatthews', NULL, NULL, NULL, 'c38b86e0f0b5481ba85ecc80cf022ce0'),
	(275, 'smithmegan', NULL, 'vincent01', NULL, '836af90d7ef0400797c8b31a39ed2ee5'),
	(276, 'ysanchez', NULL, NULL, 'hughesann', '06ff59e0ed09419dbd4276b4cccddb95'),
	(277, 'daviserika', NULL, NULL, NULL, 'ec3fdbc174404c34b86fe68cc8327cca'),
	(278, 'shannon50', 'jonessteven', 'kimberly17', NULL, 'c38b86e0f0b5481ba85ecc80cf022ce0'),
	(279, 'kimberlywhite', NULL, NULL, 'sean53', '54906cbac25a4a4fb970fbf4dfbc4ad5'),
	(280, 'rjones', 'austincraig', NULL, NULL, '06ff59e0ed09419dbd4276b4cccddb95'),
	(281, 'hendersonlori', 'wilsonwhitney', 'annehiggins', 'natalieyoung', '54906cbac25a4a4fb970fbf4dfbc4ad5'),
	(282, 'ldouglas', NULL, 'qstuart', 'mooretimothy', 'ec3fdbc174404c34b86fe68cc8327cca'),
	(283, 'karen82', NULL, NULL, NULL, '836af90d7ef0400797c8b31a39ed2ee5'),
	(284, 'markmontgomery', NULL, NULL, NULL, '2d18c79d090f4c5094cdfd60626b3585'),
	(285, 'iclark', 'maria31', 'nicolehaynes', NULL, '06ff59e0ed09419dbd4276b4cccddb95'),
	(286, 'reginamcintosh', 'kgutierrez', NULL, NULL, '153d50ac01584bc3ad6306bd7b34d83a'),
	(287, 'jeremybarton', NULL, 'jason29', 'scottcarla', '54906cbac25a4a4fb970fbf4dfbc4ad5'),
	(288, 'mcneilphillip', 'tlopez', 'conniemccarthy', NULL, 'c38b86e0f0b5481ba85ecc80cf022ce0'),
	(289, 'collinmontoya', NULL, NULL, NULL, '06ff59e0ed09419dbd4276b4cccddb95'),
	(290, 'hreese', 'smithjames', NULL, 'qrios', '06ff59e0ed09419dbd4276b4cccddb95'),
	(291, 'dhayes', NULL, NULL, NULL, 'ec3fdbc174404c34b86fe68cc8327cca'),
	(292, 'patrick02', 'hmartin', 'eric47', 'pattonjames', '153d50ac01584bc3ad6306bd7b34d83a'),
	(293, 'vanessachen', NULL, 'danielmichael', 'jeremywalters', 'ec3fdbc174404c34b86fe68cc8327cca'),
	(294, 'irice', NULL, 'omartinez', NULL, 'c38b86e0f0b5481ba85ecc80cf022ce0'),
	(295, 'armstrongdanielle', 'clawrence', NULL, 'elizabeth47', '9e477e7829254bc584d48a5e8781c18f'),
	(296, 'ustevens', 'toddsmith', NULL, 'greenangela', '187caa0d24e744fcb1bac6a3917710a4'),
	(297, 'bradyhannah', NULL, 'wernerchristopher', NULL, '2d18c79d090f4c5094cdfd60626b3585'),
	(298, 'anitawilson', NULL, NULL, NULL, '9e477e7829254bc584d48a5e8781c18f'),
	(299, 'watsonjesse', 'michellefreeman', 'ewilliams', 'gavinperry', 'c38b86e0f0b5481ba85ecc80cf022ce0'),
	(300, 'thompsonamanda', NULL, 'williamsrandy', 'racheljackson', '187caa0d24e744fcb1bac6a3917710a4'),
	(301, 'tamiyoung', 'schneiderryan', NULL, NULL, '153d50ac01584bc3ad6306bd7b34d83a'),
	(302, 'ivansmith', 'brianwilson', 'christinadelgado', 'brownricardo', 'c38b86e0f0b5481ba85ecc80cf022ce0'),
	(303, 'mistyjenkins', 'michael04', NULL, 'ftorres', '836af90d7ef0400797c8b31a39ed2ee5'),
	(304, 'tinabutler', NULL, 'katherine63', 'wallacemorgan', '06ff59e0ed09419dbd4276b4cccddb95'),
	(305, 'angela72', NULL, NULL, 'gonzalezcory', '2d18c79d090f4c5094cdfd60626b3585'),
	(306, 'ftorres', NULL, 'nmcdonald', 'haustin', 'c38b86e0f0b5481ba85ecc80cf022ce0'),
	(307, 'clarksarah', 'jessicahuber', 'garciajeremy', NULL, '54906cbac25a4a4fb970fbf4dfbc4ad5'),
	(308, 'irodriguez', 'thompsonlisa', 'kelly72', NULL, '153d50ac01584bc3ad6306bd7b34d83a'),
	(309, 'hmitchell', NULL, 'sbarry', NULL, 'c38b86e0f0b5481ba85ecc80cf022ce0'),
	(310, 'imanning', NULL, 'fuenteschristopher', NULL, '54906cbac25a4a4fb970fbf4dfbc4ad5'),
	(311, 'maureen06', 'wjohnson', NULL, 'halljill', '9e477e7829254bc584d48a5e8781c18f'),
	(312, 'matthewsmith', 'angela01', 'jorgeandrade', NULL, 'ec3fdbc174404c34b86fe68cc8327cca'),
	(313, 'claudiawilliams', 'qjohnson', 'ericgates', NULL, '9e477e7829254bc584d48a5e8781c18f'),
	(314, 'plowe', 'vegageorge', 'amy95', 'garciachristine', '187caa0d24e744fcb1bac6a3917710a4'),
	(315, 'simsjason', NULL, NULL, 'nguyenjeremy', 'c38b86e0f0b5481ba85ecc80cf022ce0'),
	(316, 'bethany68', NULL, NULL, 'jpark', 'ec3fdbc174404c34b86fe68cc8327cca'),
	(317, 'durhamangie', 'elizabethellis', NULL, NULL, 'c38b86e0f0b5481ba85ecc80cf022ce0'),
	(318, 'fklein', 'lisa32', 'stacey57', NULL, '2d18c79d090f4c5094cdfd60626b3585'),
	(319, 'jenna42', 'tonya45', NULL, 'danielle73', 'ec3fdbc174404c34b86fe68cc8327cca'),
	(320, 'joshuagreen', 'amy90', 'vhorn', 'jfernandez', '187caa0d24e744fcb1bac6a3917710a4'),
	(321, 'palvarado', NULL, NULL, 'gregory95', '836af90d7ef0400797c8b31a39ed2ee5'),
	(322, 'williamslarry', NULL, NULL, 'nwilliams', 'c38b86e0f0b5481ba85ecc80cf022ce0'),
	(323, 'denise14', 'xdavis', 'linda12', 'loripearson', '153d50ac01584bc3ad6306bd7b34d83a'),
	(324, 'cmartinez', NULL, 'rcarter', 'scottdenise', '836af90d7ef0400797c8b31a39ed2ee5'),
	(325, 'sarah36', NULL, 'murrayjeffrey', 'lisa82', '2d18c79d090f4c5094cdfd60626b3585'),
	(326, 'gomezscott', NULL, NULL, 'rosscastaneda', '54906cbac25a4a4fb970fbf4dfbc4ad5'),
	(327, 'ldixon', NULL, NULL, 'steven23', '54906cbac25a4a4fb970fbf4dfbc4ad5'),
	(328, 'ericastevenson', NULL, NULL, 'dennisowens', '06ff59e0ed09419dbd4276b4cccddb95'),
	(329, 'marcus86', NULL, NULL, NULL, '187caa0d24e744fcb1bac6a3917710a4'),
	(330, 'maciasrandall', 'mirandarebecca', NULL, NULL, '2d18c79d090f4c5094cdfd60626b3585'),
	(331, 'scottkrystal', NULL, NULL, 'qcunningham', '54906cbac25a4a4fb970fbf4dfbc4ad5'),
	(332, 'stanleyjessica', 'gkane', 'dferrell', NULL, '836af90d7ef0400797c8b31a39ed2ee5'),
	(333, 'david07', 'ayalarichard', 'jacob65', 'vwilliams', '06ff59e0ed09419dbd4276b4cccddb95'),
	(334, 'travisjohnson', 'amberanderson', 'megangibson', NULL, '9e477e7829254bc584d48a5e8781c18f'),
	(335, 'zacharyclark', 'shannon45', 'marie07', 'vanessathomas', '2d18c79d090f4c5094cdfd60626b3585'),
	(336, 'mary35', NULL, NULL, 'qhenry', '06ff59e0ed09419dbd4276b4cccddb95'),
	(337, 'amberchavez', 'hilljared', 'idavis', 'travisevans', '153d50ac01584bc3ad6306bd7b34d83a'),
	(338, 'traceythompson', 'melinda12', NULL, NULL, 'ec3fdbc174404c34b86fe68cc8327cca'),
	(339, 'rickyryan', 'andersonsandra', NULL, NULL, '153d50ac01584bc3ad6306bd7b34d83a'),
	(340, 'andrew64', 'iwagner', NULL, NULL, 'c38b86e0f0b5481ba85ecc80cf022ce0'),
	(341, 'jeremiahbarrera', 'lindsay73', NULL, NULL, 'c38b86e0f0b5481ba85ecc80cf022ce0'),
	(342, 'christophermay', 'alexandra95', 'xthomas', NULL, '836af90d7ef0400797c8b31a39ed2ee5'),
	(343, 'lisamitchell', NULL, 'katherinekeller', 'matthewschase', '9e477e7829254bc584d48a5e8781c18f'),
	(344, 'wromero', 'ashley22', NULL, 'smithkevin', '54906cbac25a4a4fb970fbf4dfbc4ad5'),
	(345, 'nrodriguez', NULL, NULL, 'hbuck', '54906cbac25a4a4fb970fbf4dfbc4ad5'),
	(346, 'michellehenry', NULL, 'stephanieyates', NULL, '06ff59e0ed09419dbd4276b4cccddb95'),
	(347, 'jason96', NULL, 'john24', NULL, '2d18c79d090f4c5094cdfd60626b3585'),
	(348, 'aaron72', NULL, NULL, NULL, '836af90d7ef0400797c8b31a39ed2ee5'),
	(349, 'vgraham', NULL, 'sdurham', 'kathryn08', '54906cbac25a4a4fb970fbf4dfbc4ad5'),
	(350, 'wellsdevon', NULL, NULL, NULL, '187caa0d24e744fcb1bac6a3917710a4'),
	(351, 'zhawkins', 'jocelynandrews', NULL, 'caitlinhart', '9e477e7829254bc584d48a5e8781c18f'),
	(352, 'bmartinez', NULL, NULL, NULL, '836af90d7ef0400797c8b31a39ed2ee5'),
	(353, 'parkerjeremy', 'hallshannon', NULL, NULL, 'c38b86e0f0b5481ba85ecc80cf022ce0'),
	(354, 'erinpadilla', 'ellismaureen', NULL, NULL, '187caa0d24e744fcb1bac6a3917710a4'),
	(355, 'rcunningham', 'lopezamanda', 'lopeznatalie', NULL, '153d50ac01584bc3ad6306bd7b34d83a'),
	(356, 'keithandrea', NULL, NULL, NULL, '187caa0d24e744fcb1bac6a3917710a4'),
	(357, 'shari17', 'victoriariley', 'wcarter', NULL, '153d50ac01584bc3ad6306bd7b34d83a'),
	(358, 'duane83', NULL, NULL, NULL, '54906cbac25a4a4fb970fbf4dfbc4ad5'),
	(359, 'erinpeterson', NULL, NULL, NULL, 'c38b86e0f0b5481ba85ecc80cf022ce0'),
	(360, 'barbara36', NULL, NULL, 'deborah19', '06ff59e0ed09419dbd4276b4cccddb95'),
	(361, 'psalazar', NULL, 'grantsandra', NULL, '836af90d7ef0400797c8b31a39ed2ee5'),
	(362, 'laura46', NULL, NULL, NULL, '836af90d7ef0400797c8b31a39ed2ee5'),
	(363, 'charlotte88', 'lewissamuel', NULL, NULL, '2d18c79d090f4c5094cdfd60626b3585'),
	(364, 'powelllauren', NULL, 'wendy86', NULL, '187caa0d24e744fcb1bac6a3917710a4'),
	(365, 'walkernatalie', 'diane53', 'josephhowell', NULL, '153d50ac01584bc3ad6306bd7b34d83a'),
	(366, 'blairtina', 'robertselizabeth', NULL, NULL, '187caa0d24e744fcb1bac6a3917710a4'),
	(367, 'carrillosamuel', NULL, NULL, 'yberry', 'c38b86e0f0b5481ba85ecc80cf022ce0'),
	(368, 'fredstewart', 'stacygarcia', NULL, NULL, '54906cbac25a4a4fb970fbf4dfbc4ad5'),
	(369, 'rebekah23', NULL, NULL, 'prestonmaureen', 'ec3fdbc174404c34b86fe68cc8327cca'),
	(370, 'bsmith', 'tonigarcia', NULL, 'elizabethcook', 'ec3fdbc174404c34b86fe68cc8327cca'),
	(371, 'dbutler', 'carol04', 'garciaamy', 'lanceperkins', '06ff59e0ed09419dbd4276b4cccddb95'),
	(372, 'garywilson', 'jessica21', NULL, 'emily18', '54906cbac25a4a4fb970fbf4dfbc4ad5'),
	(373, 'caitlinhernandez', 'lisa08', 'dianacampbell', NULL, '9e477e7829254bc584d48a5e8781c18f'),
	(374, 'alecbrown', 'jgreen', NULL, NULL, '836af90d7ef0400797c8b31a39ed2ee5'),
	(375, 'danielle47', 'bowenrobert', 'tyler03', NULL, '836af90d7ef0400797c8b31a39ed2ee5'),
	(376, 'cathy62', 'david44', 'vstafford', 'kevin56', '9e477e7829254bc584d48a5e8781c18f'),
	(377, 'cynthiawallace', 'anitascott', 'reyesrobert', 'dcooper', '54906cbac25a4a4fb970fbf4dfbc4ad5'),
	(378, 'amandaowens', NULL, 'xking', 'alvarezcarrie', 'c38b86e0f0b5481ba85ecc80cf022ce0'),
	(379, 'bsanchez', NULL, NULL, 'dawsonhannah', '2d18c79d090f4c5094cdfd60626b3585'),
	(380, 'arobinson', NULL, NULL, 'rguzman', 'ec3fdbc174404c34b86fe68cc8327cca'),
	(381, 'melissamiller', NULL, 'kgeorge', NULL, '54906cbac25a4a4fb970fbf4dfbc4ad5'),
	(382, 'yanderson', NULL, 'thughes', 'williamsrebecca', '9e477e7829254bc584d48a5e8781c18f'),
	(383, 'icoleman', 'timothyharrington', NULL, 'john64', '187caa0d24e744fcb1bac6a3917710a4'),
	(384, 'davidwatson', 'psellers', 'tjohnson', NULL, '153d50ac01584bc3ad6306bd7b34d83a'),
	(385, 'heather56', 'johnsonapril', NULL, 'dixondavid', '54906cbac25a4a4fb970fbf4dfbc4ad5'),
	(386, 'whiteronald', 'laurajohnson', NULL, 'kgarza', '153d50ac01584bc3ad6306bd7b34d83a'),
	(387, 'darrylcollins', NULL, NULL, NULL, '2d18c79d090f4c5094cdfd60626b3585'),
	(388, 'corey35', 'nortonashley', 'jeffrey39', 'melinda53', '153d50ac01584bc3ad6306bd7b34d83a'),
	(389, 'lauraarmstrong', 'hartjamie', NULL, NULL, '187caa0d24e744fcb1bac6a3917710a4'),
	(390, 'murphydavid', 'cpennington', NULL, 'nobleteresa', '836af90d7ef0400797c8b31a39ed2ee5'),
	(391, 'jgood', 'joshua20', 'eturner', NULL, 'c38b86e0f0b5481ba85ecc80cf022ce0'),
	(392, 'jameslewis', NULL, NULL, NULL, '9e477e7829254bc584d48a5e8781c18f'),
	(393, 'ramirezshawn', NULL, 'belindamorris', 'josephferguson', '9e477e7829254bc584d48a5e8781c18f'),
	(394, 'melissa81', 'xroberts', 'jenna41', 'robbinscarrie', '836af90d7ef0400797c8b31a39ed2ee5'),
	(395, 'danielle62', 'rhonda47', 'xmaldonado', 'angela31', '9e477e7829254bc584d48a5e8781c18f'),
	(396, 'floresmandy', NULL, 'amanda40', NULL, 'c38b86e0f0b5481ba85ecc80cf022ce0'),
	(397, 'jasongomez', 'ifox', NULL, NULL, '06ff59e0ed09419dbd4276b4cccddb95'),
	(398, 'dicksonronald', NULL, NULL, 'cduncan', '836af90d7ef0400797c8b31a39ed2ee5'),
	(399, 'zmercado', NULL, NULL, NULL, '06ff59e0ed09419dbd4276b4cccddb95'),
	(400, 'danielsbrenda', 'xsmith', 'averyjoseph', 'maria81', '153d50ac01584bc3ad6306bd7b34d83a'),
	(401, 'ilynch', NULL, 'tuckercarrie', 'adamssara', '9e477e7829254bc584d48a5e8781c18f'),
	(402, 'kerry01', 'tara23', NULL, 'qstone', '2d18c79d090f4c5094cdfd60626b3585'),
	(403, 'jefferyingram', 'jeremy31', NULL, NULL, '2d18c79d090f4c5094cdfd60626b3585'),
	(404, 'williamhoward', NULL, 'nicole10', NULL, '836af90d7ef0400797c8b31a39ed2ee5'),
	(405, 'qdoyle', 'williamsrebekah', NULL, 'deniseharris', '2d18c79d090f4c5094cdfd60626b3585'),
	(406, 'thomaslamb', 'sheila77', 'townsenderic', NULL, '187caa0d24e744fcb1bac6a3917710a4'),
	(407, 'boltonsarah', NULL, 'carlosshaffer', 'johnwoods', '836af90d7ef0400797c8b31a39ed2ee5'),
	(408, 'ronald31', NULL, NULL, 'dramsey', '54906cbac25a4a4fb970fbf4dfbc4ad5'),
	(409, 'lorettaaguirre', 'larry05', 'tonijones', 'michael04', 'ec3fdbc174404c34b86fe68cc8327cca'),
	(410, 'julierodriguez', NULL, NULL, 'mayssheri', '2d18c79d090f4c5094cdfd60626b3585'),
	(411, 'mathewstevens', 'hardyandrew', NULL, NULL, '54906cbac25a4a4fb970fbf4dfbc4ad5'),
	(412, 'qcarpenter', NULL, 'simonbenjamin', NULL, '06ff59e0ed09419dbd4276b4cccddb95'),
	(413, 'williamsglen', NULL, 'billydavis', 'diazchristine', '9e477e7829254bc584d48a5e8781c18f'),
	(414, 'kclark', NULL, NULL, 'tmcdaniel', 'c38b86e0f0b5481ba85ecc80cf022ce0'),
	(415, 'parkerdavid', 'keithmccarthy', NULL, NULL, 'ec3fdbc174404c34b86fe68cc8327cca'),
	(416, 'dianecervantes', 'smithnicole', 'ilong', NULL, '187caa0d24e744fcb1bac6a3917710a4'),
	(417, 'craigcameron', NULL, NULL, 'anthonyallen', 'ec3fdbc174404c34b86fe68cc8327cca'),
	(418, 'scott59', NULL, 'audreymcfarland', 'amybailey', 'ec3fdbc174404c34b86fe68cc8327cca'),
	(419, 'johnsondavid', 'samantha12', 'mary06', NULL, '9e477e7829254bc584d48a5e8781c18f'),
	(420, 'williamsbrooke', 'bowens', 'davidjackson', 'carrie07', '9e477e7829254bc584d48a5e8781c18f'),
	(421, 'brookstimothy', 'doughertykevin', NULL, 'bryanrodriguez', 'c38b86e0f0b5481ba85ecc80cf022ce0'),
	(422, 'brendareynolds', 'johnsonelizabeth', NULL, NULL, '836af90d7ef0400797c8b31a39ed2ee5'),
	(423, 'stephen59', 'colleenhiggins', NULL, NULL, '9e477e7829254bc584d48a5e8781c18f'),
	(424, 'alexander34', 'paulasandoval', NULL, 'sjames', '2d18c79d090f4c5094cdfd60626b3585'),
	(425, 'kmontgomery', 'christinacarter', NULL, 'ethompson', '836af90d7ef0400797c8b31a39ed2ee5'),
	(426, 'rossdavid', NULL, 'yodertraci', 'zdaniel', '06ff59e0ed09419dbd4276b4cccddb95'),
	(427, 'andersonrobert', 'frankmoore', 'sbanks', 'larrymorales', 'ec3fdbc174404c34b86fe68cc8327cca'),
	(428, 'thompsondavid', 'gonzaleztimothy', NULL, 'sethowens', '187caa0d24e744fcb1bac6a3917710a4'),
	(429, 'barnesjacqueline', 'karachandler', 'claudiachristensen', 'jillianholden', '9e477e7829254bc584d48a5e8781c18f'),
	(430, 'joseph04', NULL, NULL, NULL, '836af90d7ef0400797c8b31a39ed2ee5'),
	(431, 'lisadean', NULL, 'smithdavid', NULL, '06ff59e0ed09419dbd4276b4cccddb95'),
	(432, 'gordonjames', NULL, 'jaclynburns', 'billyhorn', '836af90d7ef0400797c8b31a39ed2ee5'),
	(433, 'anthony56', NULL, NULL, NULL, '06ff59e0ed09419dbd4276b4cccddb95'),
	(434, 'osbornesabrina', NULL, NULL, 'paulajones', '54906cbac25a4a4fb970fbf4dfbc4ad5'),
	(435, 'richardlamb', 'pamelaturner', 'okhan', 'hesterjeanne', '54906cbac25a4a4fb970fbf4dfbc4ad5'),
	(436, 'nwilliams', 'veronicasanchez', NULL, 'loretta49', '836af90d7ef0400797c8b31a39ed2ee5'),
	(437, 'carolyn78', 'aaronbowman', 'christopherboyd', 'thorntonbarbara', 'ec3fdbc174404c34b86fe68cc8327cca'),
	(438, 'christopher65', 'woodsscott', NULL, NULL, '2d18c79d090f4c5094cdfd60626b3585'),
	(439, 'lauren08', 'brian76', 'stephenwoodard', 'vasquezronald', '153d50ac01584bc3ad6306bd7b34d83a'),
	(440, 'yhardin', 'michael40', 'maria86', 'wardnichole', '2d18c79d090f4c5094cdfd60626b3585'),
	(441, 'christophercarroll', NULL, 'catherineperry', NULL, 'c38b86e0f0b5481ba85ecc80cf022ce0'),
	(442, 'thuff', 'stephaniegomez', 'donna02', 'hutchinsonjohn', 'ec3fdbc174404c34b86fe68cc8327cca'),
	(443, 'debra35', NULL, NULL, 'silvalauren', '9e477e7829254bc584d48a5e8781c18f'),
	(444, 'chelseymartinez', 'kwhite', NULL, 'mgarcia', 'c38b86e0f0b5481ba85ecc80cf022ce0'),
	(445, 'yreynolds', NULL, 'bowersluis', NULL, '06ff59e0ed09419dbd4276b4cccddb95'),
	(446, 'ericyoung', 'david49', 'sandra73', NULL, '9e477e7829254bc584d48a5e8781c18f'),
	(447, 'pbarrera', 'russelllori', 'srobertson', 'nathanielgraves', '06ff59e0ed09419dbd4276b4cccddb95'),
	(448, 'carriejefferson', NULL, NULL, NULL, '06ff59e0ed09419dbd4276b4cccddb95'),
	(449, 'hutchinsoncody', NULL, NULL, 'brownveronica', '836af90d7ef0400797c8b31a39ed2ee5'),
	(450, 'candace81', 'debra45', NULL, 'curtisgarrett', '2d18c79d090f4c5094cdfd60626b3585'),
	(451, 'bianca14', NULL, NULL, 'jburke', '9e477e7829254bc584d48a5e8781c18f'),
	(452, 'allenbeth', 'angelapugh', 'matthew71', NULL, '9e477e7829254bc584d48a5e8781c18f'),
	(453, 'chasegraves', 'dunlapchristopher', 'smithvalerie', 'lisa60', 'ec3fdbc174404c34b86fe68cc8327cca'),
	(454, 'tsmith', 'irocha', NULL, NULL, '54906cbac25a4a4fb970fbf4dfbc4ad5'),
	(455, 'andrea17', 'chloe19', 'jordanalbert', 'ndixon', 'ec3fdbc174404c34b86fe68cc8327cca'),
	(456, 'wtucker', 'savannah19', NULL, 'benjaminwalker', '2d18c79d090f4c5094cdfd60626b3585'),
	(457, 'wongjose', NULL, 'johnsonashley', NULL, '836af90d7ef0400797c8b31a39ed2ee5'),
	(458, 'monica16', NULL, NULL, 'angela80', '2d18c79d090f4c5094cdfd60626b3585'),
	(459, 'nathan44', NULL, 'mwatkins', NULL, '06ff59e0ed09419dbd4276b4cccddb95'),
	(460, 'walterleslie', NULL, NULL, 'egay', '836af90d7ef0400797c8b31a39ed2ee5'),
	(461, 'williamknight', 'webbtricia', NULL, NULL, '9e477e7829254bc584d48a5e8781c18f'),
	(462, 'amy37', 'michelecoleman', NULL, NULL, '153d50ac01584bc3ad6306bd7b34d83a'),
	(463, 'candace02', 'cmarshall', 'robert06', NULL, '06ff59e0ed09419dbd4276b4cccddb95'),
	(464, 'omorales', 'webbjudith', 'joellopez', NULL, 'ec3fdbc174404c34b86fe68cc8327cca'),
	(465, 'nicolegarza', 'jeffrey68', NULL, NULL, '836af90d7ef0400797c8b31a39ed2ee5'),
	(466, 'wshaffer', NULL, 'sierrathompson', NULL, '836af90d7ef0400797c8b31a39ed2ee5'),
	(467, 'john13', 'stephensonemily', 'kendracraig', NULL, '54906cbac25a4a4fb970fbf4dfbc4ad5'),
	(468, 'sanderson', NULL, 'lvillegas', 'david93', 'ec3fdbc174404c34b86fe68cc8327cca'),
	(469, 'gonzalezkatie', NULL, NULL, NULL, '836af90d7ef0400797c8b31a39ed2ee5'),
	(470, 'harrisdanielle', 'jenniferwilliams', NULL, NULL, '836af90d7ef0400797c8b31a39ed2ee5'),
	(471, 'wwarren', NULL, NULL, 'williamsmary', '2d18c79d090f4c5094cdfd60626b3585'),
	(472, 'spatel', NULL, NULL, 'michaellawson', '187caa0d24e744fcb1bac6a3917710a4'),
	(473, 'corycooper', NULL, NULL, 'samuelstone', 'ec3fdbc174404c34b86fe68cc8327cca'),
	(474, 'dawn26', NULL, NULL, NULL, '06ff59e0ed09419dbd4276b4cccddb95'),
	(475, 'megan64', 'tammy50', NULL, NULL, '836af90d7ef0400797c8b31a39ed2ee5'),
	(476, 'jonathanbrown', 'adam40', NULL, 'cbrown', '06ff59e0ed09419dbd4276b4cccddb95'),
	(477, 'kelsey19', 'jonathan99', NULL, 'travisavery', 'c38b86e0f0b5481ba85ecc80cf022ce0'),
	(478, 'matthew33', 'nicholsandrea', NULL, NULL, '836af90d7ef0400797c8b31a39ed2ee5'),
	(479, 'pattonjoe', NULL, 'robertkennedy', NULL, 'c38b86e0f0b5481ba85ecc80cf022ce0'),
	(480, 'timothyestrada', NULL, 'simontamara', 'hammondelizabeth', '836af90d7ef0400797c8b31a39ed2ee5'),
	(481, 'torresanna', 'crystal69', 'cliffordschaefer', 'joan69', '2d18c79d090f4c5094cdfd60626b3585'),
	(482, 'omartinez', NULL, 'nguyentheresa', 'johnsonjohn', 'ec3fdbc174404c34b86fe68cc8327cca'),
	(483, 'cwallace', NULL, 'joanna51', 'mcgrathgregory', '2d18c79d090f4c5094cdfd60626b3585'),
	(484, 'jmurphy', NULL, NULL, 'frederick05', '153d50ac01584bc3ad6306bd7b34d83a'),
	(485, 'eross', NULL, NULL, 'christopher04', 'c38b86e0f0b5481ba85ecc80cf022ce0'),
	(486, 'wheelerpamela', 'rhondabaker', NULL, NULL, '153d50ac01584bc3ad6306bd7b34d83a'),
	(487, 'psmith', NULL, 'matthewgonzalez', 'raydarrell', '54906cbac25a4a4fb970fbf4dfbc4ad5'),
	(488, 'gwoodard', NULL, NULL, NULL, 'c38b86e0f0b5481ba85ecc80cf022ce0'),
	(489, 'williamsdenise', 'xpoole', NULL, NULL, '153d50ac01584bc3ad6306bd7b34d83a'),
	(490, 'uvasquez', 'melissadavis', 'tylermendoza', 'nicole42', '153d50ac01584bc3ad6306bd7b34d83a'),
	(491, 'millervictoria', NULL, 'willielong', 'hernandezalexander', '2d18c79d090f4c5094cdfd60626b3585'),
	(492, 'williamsariana', 'nsheppard', 'callahanandrea', NULL, '153d50ac01584bc3ad6306bd7b34d83a'),
	(493, 'ryan00', 'ronald51', 'blairrandy', NULL, '153d50ac01584bc3ad6306bd7b34d83a'),
	(494, 'qallen', NULL, NULL, 'millerjoan', '54906cbac25a4a4fb970fbf4dfbc4ad5'),
	(495, 'kavila', 'fwashington', NULL, 'richardwhite', 'c38b86e0f0b5481ba85ecc80cf022ce0'),
	(496, 'saunderslaura', 'christopher41', 'brandontucker', NULL, '9e477e7829254bc584d48a5e8781c18f'),
	(497, 'matthewwoodward', NULL, 'ujames', 'robert26', '836af90d7ef0400797c8b31a39ed2ee5'),
	(498, 'kathrynluna', NULL, NULL, NULL, '9e477e7829254bc584d48a5e8781c18f'),
	(499, 'dalton65', 'franknguyen', 'jenkinsanita', 'amartin', 'c38b86e0f0b5481ba85ecc80cf022ce0'),
	(500, 'stephen56', NULL, 'smithisaac', 'underwoodjeffrey', '54906cbac25a4a4fb970fbf4dfbc4ad5'),
	(501, 'yedwards', NULL, NULL, NULL, '9e477e7829254bc584d48a5e8781c18f'),
	(502, 'kelly81', NULL, 'gregoryfisher', 'karenhughes', '06ff59e0ed09419dbd4276b4cccddb95'),
	(503, 'jessekelley', NULL, NULL, NULL, '9e477e7829254bc584d48a5e8781c18f'),
	(504, 'jared61', 'robertpatrick', NULL, 'jessicasmith', '06ff59e0ed09419dbd4276b4cccddb95'),
	(505, 'bsantiago', NULL, NULL, NULL, '9e477e7829254bc584d48a5e8781c18f'),
	(506, 'hcarter', NULL, NULL, NULL, '187caa0d24e744fcb1bac6a3917710a4'),
	(507, 'jayallen', 'thomas29', NULL, 'lawrence56', '54906cbac25a4a4fb970fbf4dfbc4ad5'),
	(508, 'jodi58', 'bryan53', 'brenda59', NULL, '2d18c79d090f4c5094cdfd60626b3585'),
	(509, 'katherinemiller', 'matthewlopez', NULL, NULL, '153d50ac01584bc3ad6306bd7b34d83a'),
	(510, 'jennifer41', 'katiemontoya', 'shawndavis', 'paulferrell', 'ec3fdbc174404c34b86fe68cc8327cca'),
	(511, 'stevenssherry', NULL, 'patriciagarcia', 'jenniferwebster', '9e477e7829254bc584d48a5e8781c18f'),
	(512, 'micheal02', 'youngheather', NULL, 'btorres', '2d18c79d090f4c5094cdfd60626b3585'),
	(513, 'melissa93', 'kristin00', 'john34', NULL, '06ff59e0ed09419dbd4276b4cccddb95'),
	(514, 'ricardobrown', 'lisa12', 'alistacy', NULL, '06ff59e0ed09419dbd4276b4cccddb95'),
	(515, 'stevenwright', 'tomkelly', NULL, NULL, 'c38b86e0f0b5481ba85ecc80cf022ce0'),
	(516, 'bethadkins', 'nicholashenson', NULL, NULL, '54906cbac25a4a4fb970fbf4dfbc4ad5'),
	(517, 'thomas09', 'reevesamanda', NULL, 'schroederjeffrey', 'c38b86e0f0b5481ba85ecc80cf022ce0'),
	(518, 'hernandezjoyce', 'tjohnson', NULL, NULL, '2d18c79d090f4c5094cdfd60626b3585'),
	(520, NULL, NULL, NULL, NULL, NULL),
	(521, 'None', 'None', 'None', 'None', NULL);
/*!40000 ALTER TABLE `web_gamer` ENABLE KEYS */;

-- Volcando estructura para tabla gamers.web_gameship
CREATE TABLE IF NOT EXISTS `web_gameship` (
  `id` char(32) NOT NULL,
  `rank` varchar(100) DEFAULT NULL,
  `game_id` char(32) NOT NULL,
  `gamer_id` bigint NOT NULL,
  PRIMARY KEY (`id`),
  UNIQUE KEY `web_gameship_game_id_gamer_id_9169f52a_uniq` (`game_id`,`gamer_id`),
  KEY `web_gameship_gamer_id_33e259ba_fk_web_gamer_user_id` (`gamer_id`),
  CONSTRAINT `web_gameship_game_id_05380a1e_fk_web_game_id` FOREIGN KEY (`game_id`) REFERENCES `web_game` (`id`),
  CONSTRAINT `web_gameship_gamer_id_33e259ba_fk_web_gamer_user_id` FOREIGN KEY (`gamer_id`) REFERENCES `web_gamer` (`user_id`)
) ENGINE=InnoDB DEFAULT CHARSET=utf8mb4 COLLATE=utf8mb4_0900_ai_ci;

-- Volcando datos para la tabla gamers.web_gameship: ~1.301 rows (aproximadamente)
DELETE FROM `web_gameship`;
/*!40000 ALTER TABLE `web_gameship` DISABLE KEYS */;
INSERT INTO `web_gameship` (`id`, `rank`, `game_id`, `gamer_id`) VALUES
	('00172e92fab74878828e2ea56af64285', NULL, '130e7b97ef774f2e8bcead05111b22b8', 69),
	('002e3619a0f04c499cb32ad24f619fa3', NULL, 'd673395bc4ec4ab4b8aed5524e55797d', 327),
	('004caafc03b24408aee2b2fbdc0b857f', 'Challenger', 'f4c47e11fe934078b9759ced5fe63fd5', 234),
	('009d641063c1428aba7e67805c90d15d', NULL, '130e7b97ef774f2e8bcead05111b22b8', 453),
	('0104e693775f4cc4a2c8e56b5ff2137f', 'Inmortal II', '91e7daf572674e0f9b46e3a4ced706f9', 298),
	('010cc15e5f5c458f80442e544877c189', 'Silver II', '76be62989290436086ee4fd0d95eceef', 181),
	('01156a85c8b34ebe9b8a6e717db4752a', 'Silver I', '0769c7fce824469f87bd67f72ba6d908', 429),
	('01f63d8f5c47461db8b3e36429c3041b', NULL, 'd673395bc4ec4ab4b8aed5524e55797d', 94),
	('0211fa1f969b478f9e1eafaf07b33a3b', 'Gold Nova III', '76be62989290436086ee4fd0d95eceef', 107),
	('0220840a25e5467c9303cf4ef8d6fc99', NULL, '130e7b97ef774f2e8bcead05111b22b8', 272),
	('02b7893ae5984708afabf04807d0ef1f', NULL, 'd673395bc4ec4ab4b8aed5524e55797d', 446),
	('02c1d75c97ad4bb4b9cdf237e188554d', NULL, '130e7b97ef774f2e8bcead05111b22b8', 290),
	('02e3292e6d7347ce8d2eb27711840ed0', NULL, '130e7b97ef774f2e8bcead05111b22b8', 268),
	('030af95754984f24a5af83555070a830', 'Diamond II', 'f4c47e11fe934078b9759ced5fe63fd5', 210),
	('033261a1b5c4448ba1ef7564382466c5', 'Silver I', 'f4c47e11fe934078b9759ced5fe63fd5', 398),
	('037484ec2b4d49859c226097dd187929', 'Supersonic Legend', '0769c7fce824469f87bd67f72ba6d908', 500),
	('03c51fb8d5d146288efead3e0eab6378', 'Gold Nova Master', '76be62989290436086ee4fd0d95eceef', 455),
	('03dcbd1c053a4c65bc189b3cea78168a', NULL, 'd673395bc4ec4ab4b8aed5524e55797d', 190),
	('03dda88d1d524fe3b31d751b011e0f48', 'Silver III', '91e7daf572674e0f9b46e3a4ced706f9', 397),
	('03eaa78bb1684d3bbe2a8b7dd329465b', 'Radiant', '91e7daf572674e0f9b46e3a4ced706f9', 269),
	('03ebbc9b99db4dc5a2034cd84025498c', NULL, 'f20eee7b30f34f12b8d081a9cb885286', 154),
	('04129834f9c748d691e441affa016422', 'Platinum I', '0769c7fce824469f87bd67f72ba6d908', 210),
	('042421e42db9451780c46065aea82fa3', 'Grand Champion I', '0769c7fce824469f87bd67f72ba6d908', 42),
	('042e583d02654b3ea8dff977f9ea3798', NULL, 'd673395bc4ec4ab4b8aed5524e55797d', 371),
	('044c47924c3045b2acde775ab195ca5e', 'Silver Elite', '76be62989290436086ee4fd0d95eceef', 415),
	('0463afacf69c41169e77e68462d0f54e', NULL, 'f20eee7b30f34f12b8d081a9cb885286', 296),
	('0472052a8bfe4659832dc6aa9525b0d4', 'Platinum III', '0769c7fce824469f87bd67f72ba6d908', 465),
	('049f356d4f0d4e97be4391a6ff36ae84', NULL, '130e7b97ef774f2e8bcead05111b22b8', 486),
	('04ce35311dc54843bda1eda841fde468', NULL, '130e7b97ef774f2e8bcead05111b22b8', 239),
	('04db79d9196449e4b6b29353b4a487ea', 'Platinum II', 'f4c47e11fe934078b9759ced5fe63fd5', 68),
	('04feb147d9ee4c529d68791d5a0b8cf5', NULL, 'd673395bc4ec4ab4b8aed5524e55797d', 146),
	('057d0182eee74b5da6729d0457a4eea9', NULL, 'f20eee7b30f34f12b8d081a9cb885286', 402),
	('0580227c02634523ab7aa3923866b4e8', NULL, 'd673395bc4ec4ab4b8aed5524e55797d', 354),
	('0645f221110346fbb43981ce53920b0a', 'Silver Elite Master', '76be62989290436086ee4fd0d95eceef', 451),
	('069b14b5b50b4b28925f188bc9bd60ad', NULL, 'f20eee7b30f34f12b8d081a9cb885286', 388),
	('06f5c78c623a440cbfc19cc513018489', NULL, '130e7b97ef774f2e8bcead05111b22b8', 109),
	('06fa4a8827cc40f693fc2663480104fe', 'Silver III', 'f4c47e11fe934078b9759ced5fe63fd5', 230),
	('070a4b22ca9a49249a6419ef5c9bee8c', 'Platinum I', 'f4c47e11fe934078b9759ced5fe63fd5', 279),
	('07dd98d969aa43f69b374cda8968aba6', NULL, 'd673395bc4ec4ab4b8aed5524e55797d', 339),
	('081c92316aef4602970f995e88b39e73', 'Gold III', 'f4c47e11fe934078b9759ced5fe63fd5', 94),
	('08505b29d38d429daa5a11d51b514928', 'Silver Elite', '76be62989290436086ee4fd0d95eceef', 429),
	('085c1abe9e364aa695f818a03d649799', NULL, '130e7b97ef774f2e8bcead05111b22b8', 250),
	('08b8a3fbe7d8431899178b79628dfd08', 'Silver III', '76be62989290436086ee4fd0d95eceef', 89),
	('08e37214df4c43d2a86065923f196f99', 'Legendary Eagle', '76be62989290436086ee4fd0d95eceef', 391),
	('08ef7eb960f84817889d003e4b2e2956', 'Grand Master IV', 'f4c47e11fe934078b9759ced5fe63fd5', 95),
	('08f40ba97449408cbf5f09ebc139b084', 'Master Guardian Elite', '76be62989290436086ee4fd0d95eceef', 357),
	('0923d4916d1f4c7b95477393949ff68a', NULL, 'd673395bc4ec4ab4b8aed5524e55797d', 74),
	('092c9505bd72409bac55f92f4c2471bd', 'Platinum IV', 'f4c47e11fe934078b9759ced5fe63fd5', 382),
	('096c7c336bf8409faedfc2f735a3d2f9', 'Legendary Eagle', '76be62989290436086ee4fd0d95eceef', 430),
	('096fb18857bd4258806f66ce0bacbdab', NULL, 'f20eee7b30f34f12b8d081a9cb885286', 351),
	('09f8b6e4594049fd966ddd0ae2b8b925', 'Diamond II', '91e7daf572674e0f9b46e3a4ced706f9', 365),
	('0aa94092710146d6bfc57847cf7283ba', 'Iron IV', 'f4c47e11fe934078b9759ced5fe63fd5', 216),
	('0ae9810edf0749e69afe2b13edb03895', NULL, 'd673395bc4ec4ab4b8aed5524e55797d', 348),
	('0b25b3fe3354488e97c870048f63dbd5', 'Champion I', '0769c7fce824469f87bd67f72ba6d908', 412),
	('0b5eb523ef80440d80fb444d5ac47bb7', 'Master Guardian I', '76be62989290436086ee4fd0d95eceef', 247),
	('0b7f979467b0477ea7f0a699fb5030a8', 'Iron I', 'f4c47e11fe934078b9759ced5fe63fd5', 486),
	('0ba3f695d3c449ceb2c82a1ed322594a', NULL, '130e7b97ef774f2e8bcead05111b22b8', 326),
	('0bbb2966c53e42d9bce375995580975c', NULL, 'f20eee7b30f34f12b8d081a9cb885286', 47),
	('0c02f5324670476b8f3651c08900677b', 'Inmortal II', '91e7daf572674e0f9b46e3a4ced706f9', 212),
	('0d01d118888c4e2aac5155983b6f487c', 'Challenger', 'f4c47e11fe934078b9759ced5fe63fd5', 202),
	('0d2812b040ee45888984b4b9ba2aa535', NULL, '130e7b97ef774f2e8bcead05111b22b8', 118),
	('0d8e817bd0034490aab01c050e36cbc6', 'Inmortal I', '91e7daf572674e0f9b46e3a4ced706f9', 203),
	('0da6e4a4a6924f20bd68e8ba2def6854', NULL, '130e7b97ef774f2e8bcead05111b22b8', 145),
	('0dd7d7c916a54f9daa34b4d3cb6d762e', NULL, 'd673395bc4ec4ab4b8aed5524e55797d', 482),
	('0e969aaec3e24ac1919dec03188bdad8', 'Diamond I', '0769c7fce824469f87bd67f72ba6d908', 152),
	('0eae7bb2295e4e04a843293cf5abcfae', 'Supreme Master First Class', '76be62989290436086ee4fd0d95eceef', 292),
	('0ec050770f7e4a52aa0cb0303722fde3', NULL, 'd673395bc4ec4ab4b8aed5524e55797d', 287),
	('0ec72468d0e743efae4948388e0a355d', NULL, '130e7b97ef774f2e8bcead05111b22b8', 330),
	('0eedf67cacc4486aa2d77fe64c61736d', 'Bronze III', '0769c7fce824469f87bd67f72ba6d908', 29),
	('0f503e4e2856432ab8eef31fe947eecb', 'Platinum II', '91e7daf572674e0f9b46e3a4ced706f9', 494),
	('0f9a8538b3044d32825c0da71c0e7d9c', NULL, 'f20eee7b30f34f12b8d081a9cb885286', 449),
	('1017866de0e24d06ae4c2fb533f6e86e', NULL, '130e7b97ef774f2e8bcead05111b22b8', 397),
	('10368b28d88245a8af725be6f220dd81', NULL, 'f20eee7b30f34f12b8d081a9cb885286', 386),
	('105be6cb85ae4792a796d5c51ae50e0e', NULL, 'f20eee7b30f34f12b8d081a9cb885286', 297),
	('10810dd675af4707887bb78693b69591', 'Platinum II', 'f4c47e11fe934078b9759ced5fe63fd5', 11),
	('109ad06a4c164f6f8d68486d3489ee8d', 'Gold II', '0769c7fce824469f87bd67f72ba6d908', 12),
	('109cf07009d44183aeec4d2e081ebcaa', NULL, 'f20eee7b30f34f12b8d081a9cb885286', 239),
	('114f7081c2044f76928034396eba3ada', 'Grand Champion III', '0769c7fce824469f87bd67f72ba6d908', 442),
	('11794d8132a34f80980d903b8aaa8d6b', 'Gold I', '0769c7fce824469f87bd67f72ba6d908', 468),
	('11b60648286e4b039072db58955b6420', NULL, 'd673395bc4ec4ab4b8aed5524e55797d', 239),
	('11c9141be9ec4ddea0d70f16317a23f8', 'Gold II', '91e7daf572674e0f9b46e3a4ced706f9', 495),
	('11d1af32f18b46ada4baaf690af9ba2e', NULL, 'd673395bc4ec4ab4b8aed5524e55797d', 250),
	('11dc2e338e1a42d880b061d58d4d980e', NULL, 'f20eee7b30f34f12b8d081a9cb885286', 38),
	('11ec4220bc0b485c9990f36683611492', 'The Global Elite', '76be62989290436086ee4fd0d95eceef', 279),
	('11f28d39053f4ea6840746152dc79ad7', 'Gold III', '91e7daf572674e0f9b46e3a4ced706f9', 374),
	('120ccfde15f84fea96bc6327d5083e18', NULL, 'd673395bc4ec4ab4b8aed5524e55797d', 63),
	('1217cee6933d49dfb567cbcf769f2a39', 'Radiant', '91e7daf572674e0f9b46e3a4ced706f9', 116),
	('12810ad91cef440582024dca669414a1', NULL, '130e7b97ef774f2e8bcead05111b22b8', 213),
	('12c609b6a84d472f9b9bd9be238fbe44', 'Platinum II', '0769c7fce824469f87bd67f72ba6d908', 298),
	('132108edf41a43189a32311a0c8622f0', 'Platinum I', '91e7daf572674e0f9b46e3a4ced706f9', 2),
	('13720187ad0d4e318597741af730e8e7', 'Supreme Master First Class', '76be62989290436086ee4fd0d95eceef', 28),
	('13910182f2614e9db87d3bf58a29e484', NULL, 'd673395bc4ec4ab4b8aed5524e55797d', 316),
	('13978744b85d41cea2773cf19f2ffe22', NULL, 'd673395bc4ec4ab4b8aed5524e55797d', 209),
	('13f43631d91046a1bd9908de304c93d2', NULL, 'f20eee7b30f34f12b8d081a9cb885286', 377),
	('14001edd5ab74ba4bb13ff3b799884b1', NULL, '130e7b97ef774f2e8bcead05111b22b8', 4),
	('1409d8ada5b8433e9ccda339002b397d', 'Inmortal I', '91e7daf572674e0f9b46e3a4ced706f9', 257),
	('146a882b72574f95b27a73beb977eb62', NULL, 'd673395bc4ec4ab4b8aed5524e55797d', 302),
	('14c4359f5a9c43fca8ea45d1cc20e175', NULL, 'f20eee7b30f34f12b8d081a9cb885286', 373),
	('1506f243820144cf80944f8395e97718', 'Diamond IV', 'f4c47e11fe934078b9759ced5fe63fd5', 123),
	('151032e446a84b20b6967f5ba3f8e3ae', 'Platinum III', '0769c7fce824469f87bd67f72ba6d908', 184),
	('153b8940cbc142c8b0b392011bdbad02', NULL, 'f20eee7b30f34f12b8d081a9cb885286', 204),
	('1581e0fad3e1414c96ade39563b1e3f9', NULL, 'd673395bc4ec4ab4b8aed5524e55797d', 247),
	('1658f61283b048afab8b8364b167bfd4', 'Iron II', 'f4c47e11fe934078b9759ced5fe63fd5', 127),
	('166437ab6fab48789f1a79133326a2e5', 'Silver I', '76be62989290436086ee4fd0d95eceef', 262),
	('16a4fcbe1a7a4cd4ad0b56e9ba43a8e7', NULL, 'f20eee7b30f34f12b8d081a9cb885286', 183),
	('16a5a907026b45048a1088de0449f16c', 'Iron III', '91e7daf572674e0f9b46e3a4ced706f9', 378),
	('16a96d63433646f4b28918ed14191f27', 'Diamond I', '0769c7fce824469f87bd67f72ba6d908', 20),
	('16afad17070e4fc2a762e5e673194f4e', NULL, '130e7b97ef774f2e8bcead05111b22b8', 141),
	('16b8e4c191bc46a2bffea6e489a6f255', NULL, '130e7b97ef774f2e8bcead05111b22b8', 288),
	('16dba4c425144143a703de50308aefa8', 'Platinum I', '0769c7fce824469f87bd67f72ba6d908', 278),
	('16ef1e258bd84f22ad8dee778c5518b1', 'Gold Nova II', '76be62989290436086ee4fd0d95eceef', 162),
	('172ac8baac114bf5bef051ab093e2ec4', 'Gold III', '0769c7fce824469f87bd67f72ba6d908', 113),
	('1754f167276e4e4ab20f45774e26069a', NULL, 'f20eee7b30f34f12b8d081a9cb885286', 180),
	('175e8b393c8b42a09e3a3dfebd3a9b5d', 'Gold II', '91e7daf572674e0f9b46e3a4ced706f9', 405),
	('1763769d332043afabe8c24eed6f00e9', 'Bronze III', '0769c7fce824469f87bd67f72ba6d908', 138),
	('179ee1a9ecda4a2fb24632a43a230d0d', 'Iron III', 'f4c47e11fe934078b9759ced5fe63fd5', 492),
	('17bcbea34fad4585b790b96e20d26819', 'Diamond III', '0769c7fce824469f87bd67f72ba6d908', 216),
	('17f70585327d4003809309de721a252f', 'Master Guardian II', '76be62989290436086ee4fd0d95eceef', 503),
	('182984da315d4a50a7554b61c1b4ba50', 'Platinum I', '91e7daf572674e0f9b46e3a4ced706f9', 43),
	('187044c7d1584a3fa63a6ad98efa90bd', 'Gold II', '91e7daf572674e0f9b46e3a4ced706f9', 296),
	('194b2e02ef474f4ba5348ebbc98a5d9b', 'Platinum II', '0769c7fce824469f87bd67f72ba6d908', 364),
	('1954e31741e44b8fb6605e7ff2f92df5', 'Diamond I', '0769c7fce824469f87bd67f72ba6d908', 70),
	('19825bcb30b94a19ae7a077f5cbca38d', NULL, 'd673395bc4ec4ab4b8aed5524e55797d', 361),
	('19a77bd5ccf742b3bede7e533c35ac4b', 'Legendary Eagle Master', '76be62989290436086ee4fd0d95eceef', 6),
	('19eab258f920427b86898d0b3f681a76', 'Gold Nova I', '76be62989290436086ee4fd0d95eceef', 504),
	('1a377cf5439b45f59257e9fdbca4e51a', NULL, '130e7b97ef774f2e8bcead05111b22b8', 323),
	('1a39dfad931c40bb8771a1ba1ab77945', 'Grand Master I', 'f4c47e11fe934078b9759ced5fe63fd5', 16),
	('1a58ae128042411ea8748f6707837139', 'Platinum II', 'f4c47e11fe934078b9759ced5fe63fd5', 218),
	('1ab3504226ae4062bd682cf6ee30b7d5', NULL, 'd673395bc4ec4ab4b8aed5524e55797d', 28),
	('1ac7e23465c8482cb86fdd04ff882074', 'Bronze I', '91e7daf572674e0f9b46e3a4ced706f9', 46),
	('1addf07a2e5244bcb314dfd956912696', 'Gold III', '0769c7fce824469f87bd67f72ba6d908', 376),
	('1b47ee1583d94b9d93faedb6d26c1f77', 'Platinum III', 'f4c47e11fe934078b9759ced5fe63fd5', 430),
	('1b8d6f415c0f48008bdc291cf870dad7', 'Master III', 'f4c47e11fe934078b9759ced5fe63fd5', 99),
	('1bdda342c4a24256af03fb0513251962', 'Iron I', '91e7daf572674e0f9b46e3a4ced706f9', 403),
	('1c038bbab03b4dfd85589f4ee6bd58e5', 'Gold Nova I', '76be62989290436086ee4fd0d95eceef', 10),
	('1c2b9e7555f5468ca2e208e6afc50bb4', 'Platinum II', 'f4c47e11fe934078b9759ced5fe63fd5', 38),
	('1c5e3a00125a4bb5bcd2f1dffba4cfdc', 'Grand Champion I', '0769c7fce824469f87bd67f72ba6d908', 174),
	('1ca15529ab2f41bbb65743821d256417', NULL, 'f20eee7b30f34f12b8d081a9cb885286', 489),
	('1cbade8cab3241b0b21fde104de43251', 'Legendary Eagle', '76be62989290436086ee4fd0d95eceef', 495),
	('1cec01d23d9343298c352da7466b9c92', 'Silver II', '76be62989290436086ee4fd0d95eceef', 352),
	('1cf883a8b066418691b0baa7ac508562', 'Bronze I', '91e7daf572674e0f9b46e3a4ced706f9', 109),
	('1d7e385ef03d4f399d247c0c6b639d0b', 'Bronze I', '91e7daf572674e0f9b46e3a4ced706f9', 250),
	('1d9943fa394240db8fd7d2cd44c6b1cd', NULL, '130e7b97ef774f2e8bcead05111b22b8', 248),
	('1d9ec2d01bbd476891cc36821926eda4', 'Silver I', '0769c7fce824469f87bd67f72ba6d908', 50),
	('1dbb128251eb48a198d6aace03122fe0', 'Silver I', '0769c7fce824469f87bd67f72ba6d908', 317),
	('1debe0cd767b4f6ab1e69ed77ba8b64d', NULL, '130e7b97ef774f2e8bcead05111b22b8', 380),
	('1df43109b91340179783f0073fdaffc0', 'Gold III', '0769c7fce824469f87bd67f72ba6d908', 252),
	('1e2f2587503c4a5a9b8be67d1eb63c5d', 'Inmortal I', '91e7daf572674e0f9b46e3a4ced706f9', 408),
	('1e3f09b1bf114d0cab2c359903fd58a9', NULL, 'd673395bc4ec4ab4b8aed5524e55797d', 30),
	('1eb775af8bd6485c9dd5bb7b71be004f', 'Silver II', '0769c7fce824469f87bd67f72ba6d908', 404),
	('1edf43f84d924cb9a6f0663edf456608', 'Bronze II', '0769c7fce824469f87bd67f72ba6d908', 244),
	('1ef5df5132f24983b06d4506d4e566fb', 'Silver III', '91e7daf572674e0f9b46e3a4ced706f9', 452),
	('1f05895833664e2c9010c9ebe47168f2', 'Silver I', '0769c7fce824469f87bd67f72ba6d908', 368),
	('1f068c8bde15428b8cef055c3da9c0a7', NULL, 'f20eee7b30f34f12b8d081a9cb885286', 409),
	('1f2e0c6f992b4e229531185dfd26601a', NULL, '130e7b97ef774f2e8bcead05111b22b8', 100),
	('1f9487f0920a402dbff888d7625d5547', 'The Global Elite', '76be62989290436086ee4fd0d95eceef', 478),
	('1fdcb40dddae47f796e65bee316f148b', 'Master I', 'f4c47e11fe934078b9759ced5fe63fd5', 378),
	('1fee9ad7a1e24527ad0c25aa3fde8068', 'Silver II', '91e7daf572674e0f9b46e3a4ced706f9', 255),
	('201b1b938d534441aa5f436b2cd24c47', 'Grand Champion II', '0769c7fce824469f87bd67f72ba6d908', 187),
	('207afd78fef84302a55465e13fbebc36', NULL, '130e7b97ef774f2e8bcead05111b22b8', 408),
	('207c784f44c945bb8de015a54ebd0963', 'Bronze I', '0769c7fce824469f87bd67f72ba6d908', 140),
	('20a5889ea95e4971b5ebba5b16058972', NULL, '130e7b97ef774f2e8bcead05111b22b8', 512),
	('20b7b6590c554ef18056056cbfded205', 'Bronze III', '0769c7fce824469f87bd67f72ba6d908', 10),
	('20ed73c8328349bfb73afdf5f38e6029', 'Inmortal II', '91e7daf572674e0f9b46e3a4ced706f9', 198),
	('2115ac01e41444738d3e6a6357b05dfc', NULL, 'f20eee7b30f34f12b8d081a9cb885286', 153),
	('21a925a1f4bb48e6b76a929be7b3f58c', NULL, 'd673395bc4ec4ab4b8aed5524e55797d', 207),
	('21f8a3057d4b4323bab4e93be7a7f83d', 'Master Guardian Elite', '76be62989290436086ee4fd0d95eceef', 242),
	('220fc09fe26d47668782fb75380f7fa0', NULL, 'f20eee7b30f34f12b8d081a9cb885286', 477),
	('22ed2ddcb3a041ea8ecdfd2642f318e8', 'Bronze II', '0769c7fce824469f87bd67f72ba6d908', 418),
	('22f50467070f4e52a6648ccee4c150d7', NULL, 'd673395bc4ec4ab4b8aed5524e55797d', 237),
	('232074ac4f564aaa99881eefaef120dd', 'Champion III', '0769c7fce824469f87bd67f72ba6d908', 309),
	('232dac9d7bd547c1bc4dbba53004b61f', NULL, 'f20eee7b30f34f12b8d081a9cb885286', 300),
	('237565c231564ff4a4761e1e798f328b', 'Gold Nova III', '76be62989290436086ee4fd0d95eceef', 39),
	('238e5015ac09458398963040b9a6a1e6', 'Bronze III', '0769c7fce824469f87bd67f72ba6d908', 419),
	('23b6aab9907448649e9ae632dc585aaa', 'Master Guardian Elite', '76be62989290436086ee4fd0d95eceef', 135),
	('23b7f18706d84d4db134023dc5c5f9c1', NULL, 'd673395bc4ec4ab4b8aed5524e55797d', 164),
	('23f078a5d4ed403387d7401a5583443c', NULL, 'd673395bc4ec4ab4b8aed5524e55797d', 384),
	('23fd45e242a04744890ef584854abbc9', NULL, 'd673395bc4ec4ab4b8aed5524e55797d', 331),
	('23ff4875e13d41e59531249e9c02c659', 'Platinum II', '0769c7fce824469f87bd67f72ba6d908', 186),
	('240e7ed089b0439997d473058b34e326', NULL, 'f20eee7b30f34f12b8d081a9cb885286', 133),
	('242ab5301e58414abc9ef9648cd04405', NULL, 'd673395bc4ec4ab4b8aed5524e55797d', 14),
	('243350b085b24373a4cdc77654ad1cfa', 'Bronze II', '0769c7fce824469f87bd67f72ba6d908', 505),
	('247534e3195846879a0b2b9b5b7b55e6', 'Grand Master IV', 'f4c47e11fe934078b9759ced5fe63fd5', 122),
	('24d7e718fd4046d08259eaaa7b82e616', 'Platinum I', '91e7daf572674e0f9b46e3a4ced706f9', 173),
	('257c589c2e25402f9d62fa6d195a4932', NULL, 'd673395bc4ec4ab4b8aed5524e55797d', 32),
	('25a616cc0b794ead823f0dc010195f31', NULL, '130e7b97ef774f2e8bcead05111b22b8', 282),
	('25ee3944ebdc43d49f8a0bea29b1fb7e', NULL, 'f20eee7b30f34f12b8d081a9cb885286', 179),
	('268c8e751a044ace8fa75fab5cb174fa', NULL, 'f20eee7b30f34f12b8d081a9cb885286', 193),
	('26d5f6559096461b90e617bfc736d4e2', 'Silver I', '91e7daf572674e0f9b46e3a4ced706f9', 249),
	('270aa1c1372e4f67bb9d5b307bddff7c', NULL, '130e7b97ef774f2e8bcead05111b22b8', 84),
	('271df02c73ed467f85135fe17b21c17d', 'Silver III', '76be62989290436086ee4fd0d95eceef', 221),
	('272d383916e640b4a7f15ecb373f578d', 'Supreme Master First Class', '76be62989290436086ee4fd0d95eceef', 303),
	('277e39f015e44c5c8b8e713aea7a3056', 'Ascendent II', '91e7daf572674e0f9b46e3a4ced706f9', 194),
	('278b5b6bbd7f41f89b52920d7b9099ed', 'Inmortal II', '91e7daf572674e0f9b46e3a4ced706f9', 11),
	('279169bfa0214b8b8ee41d97ea70bf5f', NULL, 'f20eee7b30f34f12b8d081a9cb885286', 175),
	('27d214466b204799b2c25439c71a5e9a', NULL, '130e7b97ef774f2e8bcead05111b22b8', 201),
	('27de59a804ca4a10ad35e15928ced2f0', 'Master IV', 'f4c47e11fe934078b9759ced5fe63fd5', 297),
	('27f6c72309ca485ca8cc74d04e3c2101', 'Silver II', '76be62989290436086ee4fd0d95eceef', 301),
	('280cf47220fb4e4d83665d5fc5e6b42e', 'Champion III', '0769c7fce824469f87bd67f72ba6d908', 49),
	('281c82678dd6497284b34e92d94492e7', NULL, 'f20eee7b30f34f12b8d081a9cb885286', 226),
	('28fb9f9e5e4f4c73a69631e6af806746', 'Grand Master I', 'f4c47e11fe934078b9759ced5fe63fd5', 335),
	('29232cfd7efa4a108addb66bc49a0fa4', 'Gold III', '0769c7fce824469f87bd67f72ba6d908', 238),
	('29ae0f472f764c7595b4ed443665f4ef', 'Distinguished Master Guardian', '76be62989290436086ee4fd0d95eceef', 502),
	('29cce55ee52b4221bd0b60b12e768111', 'Grand Champion III', '0769c7fce824469f87bd67f72ba6d908', 87),
	('29f34edb025b4eedb756ee022b198c0b', NULL, '130e7b97ef774f2e8bcead05111b22b8', 314),
	('2a0b5bdebe7f423b9559230c49c9e3c2', 'Platinum III', '0769c7fce824469f87bd67f72ba6d908', 160),
	('2a4067dc7070455ab4ec15c9bda597ce', NULL, 'f20eee7b30f34f12b8d081a9cb885286', 306),
	('2a886f0cf842466896a85d46e775d8b5', 'Silver II', '0769c7fce824469f87bd67f72ba6d908', 307),
	('2ac27721fb104805a87e0688019e5e25', 'Platinum III', '91e7daf572674e0f9b46e3a4ced706f9', 171),
	('2ac6ba4f2f284fe0aef7c8d620a87f66', NULL, 'd673395bc4ec4ab4b8aed5524e55797d', 414),
	('2b24c9c8849848749ac56c40640bb8fd', 'Iron IV', 'f4c47e11fe934078b9759ced5fe63fd5', 211),
	('2b736d9f3f8c40f38cd93f799ed87bd5', 'Iron III', '91e7daf572674e0f9b46e3a4ced706f9', 45),
	('2bce746da1aa4524a0da0a2c467edf19', 'Platinum II', '91e7daf572674e0f9b46e3a4ced706f9', 117),
	('2bd120c49220442a96250b6abaa3a5ce', NULL, 'd673395bc4ec4ab4b8aed5524e55797d', 460),
	('2be4531c46014cb897dbe653505528ba', 'Bronze II', '91e7daf572674e0f9b46e3a4ced706f9', 160),
	('2c38330a0eea4f3491e1dc341b094c85', 'Bronze I', '91e7daf572674e0f9b46e3a4ced706f9', 278),
	('2ca72720cfc540ca8f611b666c7fcde6', NULL, 'd673395bc4ec4ab4b8aed5524e55797d', 109),
	('2ce83853c9ad4590b8d97932b0e215a0', 'Master I', 'f4c47e11fe934078b9759ced5fe63fd5', 26),
	('2d029858531e48bd9951328b4269d7e4', 'Silver II', '76be62989290436086ee4fd0d95eceef', 467),
	('2d27fabec43344e3a3bc6e1b6030677b', NULL, 'f20eee7b30f34f12b8d081a9cb885286', 73),
	('2d3534a4c5d04cc9b30f571b8e0648b4', NULL, '130e7b97ef774f2e8bcead05111b22b8', 357),
	('2d3b4661ecf04219993290cfdad844b4', NULL, 'd673395bc4ec4ab4b8aed5524e55797d', 367),
	('2d411a664a374c51a32e80695bfef635', 'Bronze III', '91e7daf572674e0f9b46e3a4ced706f9', 516),
	('2d64334bbc1c41cbb964d4e4eaf14bad', 'Bronze II', '91e7daf572674e0f9b46e3a4ced706f9', 283),
	('2e106ee90d8242ce9cf48750fe743310', 'Gold III', '0769c7fce824469f87bd67f72ba6d908', 44),
	('2e10c95f9da843c39f47135bbf98ce15', NULL, '130e7b97ef774f2e8bcead05111b22b8', 267),
	('2e48962d137a439c88c210f8b83ebcb6', NULL, '130e7b97ef774f2e8bcead05111b22b8', 260),
	('2edefb60d7ab4f09b7f6619f81d7c23d', NULL, 'd673395bc4ec4ab4b8aed5524e55797d', 326),
	('2ef973cf44334d2f9c0c340d5cad81e5', 'Challenger', 'f4c47e11fe934078b9759ced5fe63fd5', 295),
	('2efa8ba8b62f42df97242d47fbe596ad', 'Diamond III', '91e7daf572674e0f9b46e3a4ced706f9', 113),
	('2f1c67a3e3c34cc3a905e5d3f3f75bd7', NULL, '130e7b97ef774f2e8bcead05111b22b8', 276),
	('2f3c49eaa1724e7380f66fe250d63d6c', 'Master I', 'f4c47e11fe934078b9759ced5fe63fd5', 197),
	('2f3e171d6b374b4bbbe3261e4e129068', 'Ascendent I', '91e7daf572674e0f9b46e3a4ced706f9', 391),
	('2f71330b3bbf43be8b102bd2bf63116d', 'Bronze II', '0769c7fce824469f87bd67f72ba6d908', 169),
	('2fc588069db14f739b167c42c41e9e5d', 'Diamond II', '0769c7fce824469f87bd67f72ba6d908', 324),
	('2fd1fc456e1a4e6e93d45fba8e6ffc39', NULL, 'f20eee7b30f34f12b8d081a9cb885286', 107),
	('30698e4a484847dfac99dfad74ba8767', NULL, 'd673395bc4ec4ab4b8aed5524e55797d', 65),
	('3167997678eb4b2eb7ec8b978fdccf41', 'Gold II', '0769c7fce824469f87bd67f72ba6d908', 107),
	('31758bd18010446bbc1444e57125dd3e', NULL, '130e7b97ef774f2e8bcead05111b22b8', 27),
	('31889bb5b3cb433e8328c7118cac562b', NULL, 'd673395bc4ec4ab4b8aed5524e55797d', 467),
	('31ac7ca8f0c94688b10e85dadf1508a7', 'Iron II', '91e7daf572674e0f9b46e3a4ced706f9', 27),
	('31e007aa3fba4767a8f41763a4a6a75b', NULL, 'f20eee7b30f34f12b8d081a9cb885286', 259),
	('31f52c81d6f544b2a14720d9f786d4b6', 'Distinguished Master Guardian', '76be62989290436086ee4fd0d95eceef', 369),
	('320df5e49f2f45cf973abb27c3b811b6', NULL, '130e7b97ef774f2e8bcead05111b22b8', 160),
	('321aa1bea3964bb58a9cf8afc2592e8f', NULL, '130e7b97ef774f2e8bcead05111b22b8', 230),
	('3250991ad02d4a1c967dccfd318a28c1', 'Bronze III', 'f4c47e11fe934078b9759ced5fe63fd5', 292),
	('32843cef6f22424c94a140e3809daa8f', 'Diamond II', '91e7daf572674e0f9b46e3a4ced706f9', 345),
	('32ae243a277c44438b4fdc22c19160f2', 'Distinguished Master Guardian', '76be62989290436086ee4fd0d95eceef', 360),
	('32c800c18c4e414fa6002f64b3623b81', 'Master Guardian I', '76be62989290436086ee4fd0d95eceef', 255),
	('330f3d89c09648e39d6d936a9ca6aae2', 'Gold Nova I', '76be62989290436086ee4fd0d95eceef', 88),
	('332763f7e93b479a98e007e5f7ad7a56', 'Silver I', '91e7daf572674e0f9b46e3a4ced706f9', 35),
	('3343325a63544ca5a3738bd08d4eeb78', 'Diamond II', '91e7daf572674e0f9b46e3a4ced706f9', 369),
	('3351a5fd5a9443dc97840e945e707c51', 'Champion I', '0769c7fce824469f87bd67f72ba6d908', 17),
	('339a4efcb57f454983b3280ed783a5fe', NULL, 'd673395bc4ec4ab4b8aed5524e55797d', 133),
	('33d4957b92f54bd180a7f4aef9a2ce08', 'Silver III', '91e7daf572674e0f9b46e3a4ced706f9', 311),
	('33e5855f9df544f49a78952e3d8c0a88', 'Iron II', 'f4c47e11fe934078b9759ced5fe63fd5', 511),
	('34042278dfd141ed9cd814410bc37fe3', 'Legendary Eagle', '76be62989290436086ee4fd0d95eceef', 228),
	('342f8cb225f140799c62c5d986f53c05', NULL, 'f20eee7b30f34f12b8d081a9cb885286', 417),
	('3437c92963b54dbfa84c18e30f93e276', 'Gold I', '0769c7fce824469f87bd67f72ba6d908', 91),
	('3457d3609acf40e28a7e82aa5cf7aa8e', NULL, 'f20eee7b30f34f12b8d081a9cb885286', 4),
	('34737bf12ec744dc8eefbc57a3e9d15f', NULL, 'f20eee7b30f34f12b8d081a9cb885286', 71),
	('3478111f57e8449ba003e06987c1f055', 'Silver III', 'f4c47e11fe934078b9759ced5fe63fd5', 461),
	('3478458cb63d4bd6bad5bdf92024a43e', 'Iron I', '91e7daf572674e0f9b46e3a4ced706f9', 220),
	('347f040153614ed3b9b1e56d5fb1faf2', 'Gold IV', 'f4c47e11fe934078b9759ced5fe63fd5', 441),
	('34b8eaa9adea443090772ebffb21a5f4', NULL, 'd673395bc4ec4ab4b8aed5524e55797d', 392),
	('35222890a4e94bd4804384356ede7225', NULL, 'd673395bc4ec4ab4b8aed5524e55797d', 435),
	('355e7f6bfdd04106bdd5069f3c59a6c6', NULL, 'f20eee7b30f34f12b8d081a9cb885286', 86),
	('3582686f3b6f48e598f9a874c4b5929d', NULL, '130e7b97ef774f2e8bcead05111b22b8', 303),
	('35b3fd0c10a549dcb67ebd2253913c02', 'Silver I', '0769c7fce824469f87bd67f72ba6d908', 204),
	('35c846382c4d4c869a8e34fafe8bde54', NULL, '130e7b97ef774f2e8bcead05111b22b8', 96),
	('35f6c3bba64e48b7889e8f725831a8b5', 'Silver III', '0769c7fce824469f87bd67f72ba6d908', 144),
	('35f84818e1c9405c8d362aee8324b853', NULL, 'd673395bc4ec4ab4b8aed5524e55797d', 130),
	('35fc227f90df444fb6124689b869b7af', 'The Global Elite', '76be62989290436086ee4fd0d95eceef', 189),
	('375f7ff0caf14021a539f7c20ebe0b82', 'Bronze I', '91e7daf572674e0f9b46e3a4ced706f9', 439),
	('379b9b4ecfce4ce08b1be7a09e6045b0', NULL, 'd673395bc4ec4ab4b8aed5524e55797d', 53),
	('37df6eff92874de38517dbc4e027e968', NULL, '130e7b97ef774f2e8bcead05111b22b8', 406),
	('37ef5facb29a4936a2788e12150b655a', 'Grand Master III', 'f4c47e11fe934078b9759ced5fe63fd5', 499),
	('37fbb4f896204ec3a62334df4be3b3c4', NULL, 'f20eee7b30f34f12b8d081a9cb885286', 428),
	('381a79da62a843b99e0b54eb720fd015', NULL, 'd673395bc4ec4ab4b8aed5524e55797d', 364),
	('3870e48c3baf4c479d2764977547be45', 'Silver II', '76be62989290436086ee4fd0d95eceef', 397),
	('38ac93d7b9e54b18beeb7b16d2079c6e', 'Iron III', '91e7daf572674e0f9b46e3a4ced706f9', 319),
	('38c90bae3dd649a0ac65d3f261c45635', NULL, 'd673395bc4ec4ab4b8aed5524e55797d', 121),
	('38fff2bb441c4002913b5af1edab16e4', 'Silver III', '0769c7fce824469f87bd67f72ba6d908', 490),
	('39383c3d20514cfd8c350ba9c0a38fff', 'Legendary Eagle', '76be62989290436086ee4fd0d95eceef', 378),
	('393ba26217024a43807cb501f2350315', NULL, '130e7b97ef774f2e8bcead05111b22b8', 195),
	('39b5a1e8621d408da0a7e1db02385e0d', NULL, '130e7b97ef774f2e8bcead05111b22b8', 356),
	('39f9070b97d0449a921a62e932a66ba4', 'Master Guardian Elite', '76be62989290436086ee4fd0d95eceef', 314),
	('3a2620c017644ac9bff68c135b59415b', 'Distinguished Master Guardian', '76be62989290436086ee4fd0d95eceef', 384),
	('3aa5b838633146dcab307587d6b1e44d', 'Silver III', '0769c7fce824469f87bd67f72ba6d908', 63),
	('3aaf6e259eb440778ce4fe37df83a907', NULL, '130e7b97ef774f2e8bcead05111b22b8', 462),
	('3ae0b589e10743b6b4c4479d4d3579d6', 'Iron II', 'f4c47e11fe934078b9759ced5fe63fd5', 453),
	('3b3bd57c353e43f7acb1c7b4e9b2efe2', NULL, 'd673395bc4ec4ab4b8aed5524e55797d', 21),
	('3c27ad111fb244949c74785b5a5dcb20', 'Gold III', 'f4c47e11fe934078b9759ced5fe63fd5', 182),
	('3c4783e27e5a4c0aaf25b88dc1347e6c', 'Platinum II', 'f4c47e11fe934078b9759ced5fe63fd5', 354),
	('3c6551eb37c14e00a73f8d12047ffd16', 'Iron II', '91e7daf572674e0f9b46e3a4ced706f9', 120),
	('3c8aa880997a412d8e45583efe3268e7', 'Silver I', '76be62989290436086ee4fd0d95eceef', 421),
	('3cc1b9796f33453f9ca528476c7052cc', 'Platinum II', '91e7daf572674e0f9b46e3a4ced706f9', 306),
	('3d7c30121e7c4f90a4d89d0a513f62cc', NULL, 'f20eee7b30f34f12b8d081a9cb885286', 471),
	('3d7cb591e70743df835801f4f10a4343', NULL, 'd673395bc4ec4ab4b8aed5524e55797d', 187),
	('3dc2dcc1534e48ff80ae4b9bfc1a21c0', NULL, 'f20eee7b30f34f12b8d081a9cb885286', 370),
	('3e0ac93057094211af760de44eca738b', 'Silver I', '91e7daf572674e0f9b46e3a4ced706f9', 505),
	('3e3099f0c64b4edca0faaf0d653cbff0', 'Silver IV', 'f4c47e11fe934078b9759ced5fe63fd5', 517),
	('3e47a2a74fb04e06a2e2e2004d7efb3b', 'Diamond III', 'f4c47e11fe934078b9759ced5fe63fd5', 291),
	('3e551a28c9a44931832325a0a6d8af24', 'Grand Champion III', '0769c7fce824469f87bd67f72ba6d908', 254),
	('3e643de214c247c488200b57e4fffb97', NULL, '130e7b97ef774f2e8bcead05111b22b8', 279),
	('3e86b7c2ff7142eda40cddb4883e2051', 'Iron IV', 'f4c47e11fe934078b9759ced5fe63fd5', 315),
	('3f254b3da16b4bf397c95c0b7e80ba20', NULL, '130e7b97ef774f2e8bcead05111b22b8', 104),
	('3f26cdc3f47b4b3a9118db99b18ffd59', 'Grand Champion II', '0769c7fce824469f87bd67f72ba6d908', 327),
	('3f27eb2242ee4f2f9a4a0c8c0ec77a6c', NULL, '130e7b97ef774f2e8bcead05111b22b8', 36),
	('3f402aa724cc4c429a034f453636e259', NULL, 'd673395bc4ec4ab4b8aed5524e55797d', 265),
	('3f55c7d25f28471cb40ea4798e394cc2', NULL, 'd673395bc4ec4ab4b8aed5524e55797d', 151),
	('3f64e78ca0aa4b099acb8e470f4a2a66', NULL, 'd673395bc4ec4ab4b8aed5524e55797d', 226),
	('3f6a5ce539e64f8b8d6baee7d39143da', 'Diamond II', 'f4c47e11fe934078b9759ced5fe63fd5', 478),
	('3fd29ced536c4e619f84c579d839049c', 'Diamond IV', 'f4c47e11fe934078b9759ced5fe63fd5', 154),
	('3fd973f817ea4061bbf85d44c258718c', 'Ascendent II', '91e7daf572674e0f9b46e3a4ced706f9', 309),
	('401218a6b28e44aa8a033c73b0e3d13a', NULL, '130e7b97ef774f2e8bcead05111b22b8', 44),
	('406f5ed2af1240aea9b0942ccf4519ab', NULL, 'f20eee7b30f34f12b8d081a9cb885286', 292),
	('40761e4d3831432bb1758db9bdce6ede', 'Champion I', '0769c7fce824469f87bd67f72ba6d908', 389),
	('40771348dc2046ffa12a54ce1cbb1e89', NULL, 'd673395bc4ec4ab4b8aed5524e55797d', 389),
	('40c1b80256284f05a95ff49302aeb5a3', 'Silver III', '91e7daf572674e0f9b46e3a4ced706f9', 232),
	('40ce4fb3f15a4d81b8014df220244fe8', NULL, 'f20eee7b30f34f12b8d081a9cb885286', 320),
	('40da60f2c477421ca2a59985dd4b9c62', NULL, 'f20eee7b30f34f12b8d081a9cb885286', 342),
	('4145d7303cb244cbb45e4c3911f0e105', NULL, 'f20eee7b30f34f12b8d081a9cb885286', 174),
	('415c887417a549bba322f52f30fcf514', 'Gold II', '91e7daf572674e0f9b46e3a4ced706f9', 476),
	('416625feb0bb4020905050b6543681f4', 'Master Guardian I', '76be62989290436086ee4fd0d95eceef', 173),
	('41d52c220e9c4abcb4a84ffb2db9f3c5', NULL, 'd673395bc4ec4ab4b8aed5524e55797d', 170),
	('41f858375f204b30b5a2dc5c14236129', 'Iron I', 'f4c47e11fe934078b9759ced5fe63fd5', 130),
	('42027c8a85774326a9b16071ebf3a0a4', 'Silver III', '91e7daf572674e0f9b46e3a4ced706f9', 381),
	('421c6950845c42cf86a2b6668cac6cbc', NULL, 'f20eee7b30f34f12b8d081a9cb885286', 218),
	('422c9583b749498ca401266bacf1074f', 'Gold I', '0769c7fce824469f87bd67f72ba6d908', 269),
	('423f847edc444b9ca2629cff1a31f98f', NULL, 'd673395bc4ec4ab4b8aed5524e55797d', 92),
	('42b8b7a477804bac969717ccc0d93d62', 'Grand Champion III', '0769c7fce824469f87bd67f72ba6d908', 172),
	('431d1a6429164729ab1bf68c1b5da124', NULL, 'f20eee7b30f34f12b8d081a9cb885286', 237),
	('433f65b28d254fd49c0d513361824b04', 'Silver III', '76be62989290436086ee4fd0d95eceef', 431),
	('437650eba87440709f57685cb9295f77', 'Master IV', 'f4c47e11fe934078b9759ced5fe63fd5', 8),
	('440c5db1cbae44babd0d4e0a6004c4e2', 'Master Guardian II', '76be62989290436086ee4fd0d95eceef', 275),
	('4456278a08c245bd8aa77bdba9364162', NULL, 'd673395bc4ec4ab4b8aed5524e55797d', 174),
	('446783b776584ba99e9c129b19389a0e', NULL, 'f20eee7b30f34f12b8d081a9cb885286', 225),
	('44909e8827a2438eb67b1f1b55949f9b', NULL, 'd673395bc4ec4ab4b8aed5524e55797d', 97),
	('4527ae61effd406f96acceeacaee0b2a', 'Distinguished Master Guardian', '76be62989290436086ee4fd0d95eceef', 212),
	('4536df06639f47d08011655675c9ec93', 'Iron IV', 'f4c47e11fe934078b9759ced5fe63fd5', 405),
	('458109dea0ed47b2bba2e9fd4e883066', NULL, '130e7b97ef774f2e8bcead05111b22b8', 460),
	('458a7a911b2b4f27adf01a399d53d633', 'Master Guardian Elite', '76be62989290436086ee4fd0d95eceef', 389),
	('459c39aa7c5b402ca8d6b40563a946f2', NULL, '130e7b97ef774f2e8bcead05111b22b8', 45),
	('46140d7aa37a4b64bdaa5cf928f015ab', 'Silver Elite Master', '76be62989290436086ee4fd0d95eceef', 305),
	('4627f93aae9f404483b24d41817e3531', 'Legendary Eagle Master', '76be62989290436086ee4fd0d95eceef', 236),
	('46446d7ce4014600b8f47c127e218145', 'Gold II', 'f4c47e11fe934078b9759ced5fe63fd5', 44),
	('4657fe54fa244c96adbdd3e33886ddaf', 'Bronze IV', 'f4c47e11fe934078b9759ced5fe63fd5', 79),
	('4722b499dbf14eba8b75adf359040143', NULL, 'd673395bc4ec4ab4b8aed5524e55797d', 24),
	('4728ad41712844c884f9aa9879db3915', 'Gold Nova III', '76be62989290436086ee4fd0d95eceef', 225),
	('475909a015264ebd937a47df45b0946c', 'Platinum I', '0769c7fce824469f87bd67f72ba6d908', 201),
	('475da0c4d53641f8920fc7d6c27e371d', NULL, 'f20eee7b30f34f12b8d081a9cb885286', 467),
	('476239113d1143ccb5e9805369a45305', NULL, 'd673395bc4ec4ab4b8aed5524e55797d', 208),
	('4778c3936ff643f68dc4c26f67ffe122', 'Silver I', '0769c7fce824469f87bd67f72ba6d908', 480),
	('47b12db4bf114fa0821d09324b332397', 'Master Guardian II', '76be62989290436086ee4fd0d95eceef', 500),
	('4800ea5eb02840cb9e05801cf2e7ebb4', NULL, '130e7b97ef774f2e8bcead05111b22b8', 429),
	('481eb921e2bb47baaaa349b6b33f6bfb', 'Bronze II', 'f4c47e11fe934078b9759ced5fe63fd5', 440),
	('48379a8ccb464048b2d40981a14b4416', 'Iron III', '91e7daf572674e0f9b46e3a4ced706f9', 209),
	('4886b24c65b74954bb5a8d1116c37d94', 'Master I', 'f4c47e11fe934078b9759ced5fe63fd5', 156),
	('4893fac4c14c476a818d82d95190cf35', 'Legendary Eagle Master', '76be62989290436086ee4fd0d95eceef', 281),
	('48ab40333eec4ed4b97dd7d1dda3846d', 'Silver III', '76be62989290436086ee4fd0d95eceef', 312),
	('48d461fe6caa40f6b9089be915bb9ef8', 'Diamond III', '0769c7fce824469f87bd67f72ba6d908', 366),
	('49644a663c9d490ea4ef61acdfc7d019', NULL, '130e7b97ef774f2e8bcead05111b22b8', 93),
	('49ce576aaf3f47668d8a88cc9fb4cb34', 'Bronze IV', 'f4c47e11fe934078b9759ced5fe63fd5', 97),
	('49e57e9bfd44404ca9b3e46adfe49f69', 'Gold III', '0769c7fce824469f87bd67f72ba6d908', 271),
	('4a0559b73fdb49ca92c90d193995b0b1', NULL, 'f20eee7b30f34f12b8d081a9cb885286', 404),
	('4a26c43a9fcd4f92ba9b042e76de8084', NULL, 'f20eee7b30f34f12b8d081a9cb885286', 46),
	('4a335b310f9243b48844c29e3ee01d5a', 'Iron I', 'f4c47e11fe934078b9759ced5fe63fd5', 406),
	('4a79aa45c55846909f1b50f47a2c9840', NULL, 'd673395bc4ec4ab4b8aed5524e55797d', 422),
	('4a7b50c459c04870aa6f6d429bea1c87', 'Diamon I', '91e7daf572674e0f9b46e3a4ced706f9', 407),
	('4a7cd4deb24b403bbf59fc60a6b68a7d', 'Platinum III', '0769c7fce824469f87bd67f72ba6d908', 18),
	('4ae3181be712476f91ff6f5c09e03482', NULL, 'f20eee7b30f34f12b8d081a9cb885286', 450),
	('4b25801630574fcabef8da441049ffb6', NULL, 'f20eee7b30f34f12b8d081a9cb885286', 2),
	('4b5497b5e31f421f9ab9a733a7874650', 'Grand Master I', 'f4c47e11fe934078b9759ced5fe63fd5', 61),
	('4baa745abceb452dabfbdd66e25d5d6e', 'Gold Nova II', '76be62989290436086ee4fd0d95eceef', 11),
	('4c4588931de643f89c39cd7233f3fba4', 'Iron III', '91e7daf572674e0f9b46e3a4ced706f9', 29),
	('4caf5759bb72436f8e4340d3cda9816a', 'Iron IV', 'f4c47e11fe934078b9759ced5fe63fd5', 505),
	('4d3696db16e8442d82ae951bc6425080', NULL, 'f20eee7b30f34f12b8d081a9cb885286', 186),
	('4d4954b8896a407cba23ab309a403bdb', NULL, 'f20eee7b30f34f12b8d081a9cb885286', 178),
	('4dcffb2c3908431299358289ca749755', NULL, 'd673395bc4ec4ab4b8aed5524e55797d', 368),
	('4dedee29e8ab492d8dfcf6a0cdcc0604', NULL, '130e7b97ef774f2e8bcead05111b22b8', 204),
	('4e05a6c0dd994c94b7fec98a20046d22', 'Silver Elite Master', '76be62989290436086ee4fd0d95eceef', 355),
	('4e76a4fba07647e8aeb0199d0b16ba1e', NULL, 'd673395bc4ec4ab4b8aed5524e55797d', 112),
	('4e9fdee55f124edf859b3ae8777ed465', 'Gold III', 'f4c47e11fe934078b9759ced5fe63fd5', 268),
	('4ecafc346bfc43ecba91b53e40f2965b', 'Silver I', 'f4c47e11fe934078b9759ced5fe63fd5', 66),
	('4f02adf834c046e9a8ad5306d26f7c4b', 'Supersonic Legend', '0769c7fce824469f87bd67f72ba6d908', 423),
	('4f1262002f744cc19cbbb39f70af9109', 'Silver I', '91e7daf572674e0f9b46e3a4ced706f9', 270),
	('4f2d75a7393048a29896c0304ca6571a', 'Iron II', '91e7daf572674e0f9b46e3a4ced706f9', 415),
	('4f364fbb459e411580d451c97dbd3208', 'Master Guardian Elite', '76be62989290436086ee4fd0d95eceef', 325),
	('4f50539de81a4991aaa9cee9f2f884e9', NULL, 'd673395bc4ec4ab4b8aed5524e55797d', 515),
	('4f767667b08d4da0b7b43a441ae712ff', 'Iron II', 'f4c47e11fe934078b9759ced5fe63fd5', 181),
	('4fbf817ebe3044b183e18366fed720fc', 'Supreme Master First Class', '76be62989290436086ee4fd0d95eceef', 93),
	('4fc1cea2ccf5427c973d42e77171dae1', NULL, '130e7b97ef774f2e8bcead05111b22b8', 281),
	('4fd036efc18042c69c485f992dbd8b80', 'Bronze III', 'f4c47e11fe934078b9759ced5fe63fd5', 151),
	('4fe45b25e53749dc8d280cb96c604bea', 'Silver Elite Master', '76be62989290436086ee4fd0d95eceef', 306),
	('4fe6d43311884dcc849eae2929fcf5f0', 'Bronze II', '91e7daf572674e0f9b46e3a4ced706f9', 450),
	('5007442ee0554788973c4a08af7ab9a7', 'Master III', 'f4c47e11fe934078b9759ced5fe63fd5', 142),
	('503c1e35d0644c83b2e791bb20bdc3ac', 'Silver III', '0769c7fce824469f87bd67f72ba6d908', 134),
	('504599ec40c5456da63a10807e8ab5aa', 'Grand Champion I', '0769c7fce824469f87bd67f72ba6d908', 100),
	('5063a9b555e74447a9f6e05974d8fafe', NULL, 'd673395bc4ec4ab4b8aed5524e55797d', 178),
	('50a18a3191b44e4485199e08d09d0c95', 'Distinguished Master Guardian', '76be62989290436086ee4fd0d95eceef', 288),
	('50a89501b9ba41c4a10995a73a0b407d', NULL, '130e7b97ef774f2e8bcead05111b22b8', 407),
	('50f71cba27334c19ae041a80cb18e760', 'Platinum I', 'f4c47e11fe934078b9759ced5fe63fd5', 212),
	('50fc514f0a4349519b8bd8b4b92f1d08', 'Diamond I', '0769c7fce824469f87bd67f72ba6d908', 149),
	('512d87bde2164137ad97149c66509624', 'Bronze III', '0769c7fce824469f87bd67f72ba6d908', 341),
	('513e997c658c45fc890a75957ae14629', NULL, 'd673395bc4ec4ab4b8aed5524e55797d', 346),
	('51537239ec57419889f066fe557a788a', NULL, 'f20eee7b30f34f12b8d081a9cb885286', 5),
	('517dfc629ce5484aa6e129d00d36568e', 'Champion III', '0769c7fce824469f87bd67f72ba6d908', 359),
	('518ad2e3b09645e59ed63433cf4fcab5', NULL, 'd673395bc4ec4ab4b8aed5524e55797d', 403),
	('51c895c963e6405f8c77146d809597fb', 'Grand Champion I', '0769c7fce824469f87bd67f72ba6d908', 473),
	('51f06f21cfb343f2854d5b3a2a9fd138', 'Bronze III', '0769c7fce824469f87bd67f72ba6d908', 35),
	('52395262947f40989fca2538ad81056f', NULL, 'f20eee7b30f34f12b8d081a9cb885286', 191),
	('52519a3aa5324ee1b6af2edc92339f6c', NULL, 'd673395bc4ec4ab4b8aed5524e55797d', 267),
	('52616bac2a4a441585c00987daeade07', 'Gold III', 'f4c47e11fe934078b9759ced5fe63fd5', 271),
	('528875c6657c4a79a6170e95b65822c4', NULL, '130e7b97ef774f2e8bcead05111b22b8', 432),
	('5379f163b1ca4f8baf3888f5509a674b', 'Gold Nova III', '76be62989290436086ee4fd0d95eceef', 84),
	('5381661ff52b4b35955d40711994007b', NULL, 'd673395bc4ec4ab4b8aed5524e55797d', 430),
	('53a94a85927e44febe0fe007301902db', 'Gold III', '0769c7fce824469f87bd67f72ba6d908', 377),
	('53bd0fbfe0dd4dea94341b06b1bc75bc', NULL, 'f20eee7b30f34f12b8d081a9cb885286', 233),
	('540071bc3cd74713b07bd576d175a5e8', NULL, 'f20eee7b30f34f12b8d081a9cb885286', 418),
	('541baddc238447b1a348ba42bb8a8f4a', 'Silver Elite Master', '76be62989290436086ee4fd0d95eceef', 31),
	('5465a2bc4da0404db4dfc2832aa051b7', 'Champion III', '0769c7fce824469f87bd67f72ba6d908', 33),
	('547d3f4459ff4e08ad68474e928f0a56', NULL, 'f20eee7b30f34f12b8d081a9cb885286', 447),
	('54aa92a1d97d46cd95638b342f9e199f', 'Platinum I', '0769c7fce824469f87bd67f72ba6d908', 516),
	('54c5026730b54f2f9431d14e0b2f71b0', NULL, '130e7b97ef774f2e8bcead05111b22b8', 455),
	('54cd423a98ab4818bb4ddb2d6f870421', NULL, '130e7b97ef774f2e8bcead05111b22b8', 477),
	('54eb411906bb479db517ebbea020e00a', 'Silver II', '0769c7fce824469f87bd67f72ba6d908', 285),
	('551cd3d094ab4f6299fea8d649b851cb', 'Gold Nova I', '76be62989290436086ee4fd0d95eceef', 142),
	('556e315cb6354327904feb5ffa04b4ef', 'Iron III', '91e7daf572674e0f9b46e3a4ced706f9', 200),
	('5595de37559d4792bae4b5bf7bac318a', NULL, 'f20eee7b30f34f12b8d081a9cb885286', 359),
	('559bef593d804b188ebe8f85bdab9a7b', NULL, '130e7b97ef774f2e8bcead05111b22b8', 511),
	('55d6ec49b13a47978e15799871969350', 'Diamond II', '0769c7fce824469f87bd67f72ba6d908', 281),
	('561c013772a5446f9b3ed8a54b8f57a5', 'Distinguished Master Guardian', '76be62989290436086ee4fd0d95eceef', 446),
	('5699613c11da46ad91933716c75d3fb2', 'Diamond III', '91e7daf572674e0f9b46e3a4ced706f9', 236),
	('56a4826bf1b14b7584c3de8762be0669', 'Bronze II', '91e7daf572674e0f9b46e3a4ced706f9', 426),
	('5706e53e81e8455b853c603ef6bceaf7', 'Silver II', '0769c7fce824469f87bd67f72ba6d908', 397),
	('578fc1104c4c47d6834cfad470a7f228', NULL, 'd673395bc4ec4ab4b8aed5524e55797d', 223),
	('5796daae0dd44037a72f2266627af1f2', 'Legendary Eagle', '76be62989290436086ee4fd0d95eceef', 252),
	('57ad23e14db2445198a526c21657b0f2', 'Silver III', '0769c7fce824469f87bd67f72ba6d908', 385),
	('57afa598b74e4af09704d2737510b884', 'Legendary Eagle Master', '76be62989290436086ee4fd0d95eceef', 439),
	('57bc6636240c4c9481d6b133ebc28081', NULL, '130e7b97ef774f2e8bcead05111b22b8', 76),
	('57e43e084fe146be9b96e33ce79335c9', 'Ascendent II', '91e7daf572674e0f9b46e3a4ced706f9', 86),
	('5838c9453a7b4cbaa76d02abcf55aaf8', NULL, 'd673395bc4ec4ab4b8aed5524e55797d', 95),
	('583c2fcade1141628b434a620ff5caef', 'Platinum II', '0769c7fce824469f87bd67f72ba6d908', 28),
	('5842b9eaa2db4b768f7752d4e908d903', NULL, '130e7b97ef774f2e8bcead05111b22b8', 40),
	('584bff92174b440194caf538255e8b82', 'Silver IV', '76be62989290436086ee4fd0d95eceef', 268),
	('587c4f37b9694d65af48d6407aa900cc', 'Ascendent I', '91e7daf572674e0f9b46e3a4ced706f9', 18),
	('58c18b8b2c024ff1b10e204d2ce3041d', 'Champion I', '0769c7fce824469f87bd67f72ba6d908', 122),
	('58f3d42d59354673a23376b129a0aa1c', 'Platinum II', '91e7daf572674e0f9b46e3a4ced706f9', 225),
	('590cc78cf861467e95f0bfc80566e2e8', NULL, 'f20eee7b30f34f12b8d081a9cb885286', 445),
	('591171bab3904fd8aa5f2ba62c676478', NULL, '130e7b97ef774f2e8bcead05111b22b8', 157),
	('5934555e70674955bfcfb17b5d892da5', 'Diamond IV', 'f4c47e11fe934078b9759ced5fe63fd5', 267),
	('59662c9289414e389ed0f5df623a3cf4', 'Silver III', '0769c7fce824469f87bd67f72ba6d908', 77),
	('5986727295d9471eb751df3e0aaa1cfd', NULL, 'f20eee7b30f34f12b8d081a9cb885286', 171),
	('59aca6b278674f89b7f60f49abe89885', NULL, 'd673395bc4ec4ab4b8aed5524e55797d', 313),
	('5a0b0ec91398491197c451c2c2e931b2', NULL, 'f20eee7b30f34f12b8d081a9cb885286', 337),
	('5a34d93c34ea4c83953f2e0739afdb76', 'Gold III', '91e7daf572674e0f9b46e3a4ced706f9', 461),
	('5a3c061a77714f45ad99ea0c77ddfbef', NULL, 'd673395bc4ec4ab4b8aed5524e55797d', 372),
	('5aae016e0c9b446b8717872ec9a94480', NULL, 'f20eee7b30f34f12b8d081a9cb885286', 27),
	('5adbcc44d81c4be2a18eb952e2bc797a', NULL, '130e7b97ef774f2e8bcead05111b22b8', 66),
	('5b138b9273b4465e97e0ec380d76b113', NULL, 'd673395bc4ec4ab4b8aed5524e55797d', 103),
	('5b7adeb5230c40779990cf908c3f1768', NULL, 'f20eee7b30f34f12b8d081a9cb885286', 3),
	('5b82520c812e490ca9c357f851d67d86', NULL, 'd673395bc4ec4ab4b8aed5524e55797d', 231),
	('5c3e72b0c8e3490b82a99cb1c701a05e', 'Iron III', 'f4c47e11fe934078b9759ced5fe63fd5', 96),
	('5c6ee35372294d24ace9c7280ca4328c', 'Master Guardian Elite', '76be62989290436086ee4fd0d95eceef', 428),
	('5c7acf344ef94c578d68df34ddb77eab', 'Master III', 'f4c47e11fe934078b9759ced5fe63fd5', 400),
	('5c7e7d59fd4d48c583af67a3b6e90225', 'Master II', 'f4c47e11fe934078b9759ced5fe63fd5', 513),
	('5c837553c6274715ad3e7d55adfe672f', NULL, 'f20eee7b30f34f12b8d081a9cb885286', 13),
	('5d150987779143b2bcabda496e01311a', 'Bronze III', '0769c7fce824469f87bd67f72ba6d908', 1),
	('5d1aa4e507b64fce94272e7ab80c340c', 'Platinum II', '91e7daf572674e0f9b46e3a4ced706f9', 254),
	('5d2eafa6e2834b1ea68f21538b33321b', 'Platinum III', '0769c7fce824469f87bd67f72ba6d908', 342),
	('5d454dd5667f4624bbd4f82eeecad957', NULL, 'f20eee7b30f34f12b8d081a9cb885286', 163),
	('5d57afba0ca04a1a8e73312d7157f026', NULL, 'f20eee7b30f34f12b8d081a9cb885286', 249),
	('5d953b478aab41cc9b2cc6d1011d837d', NULL, 'd673395bc4ec4ab4b8aed5524e55797d', 396),
	('5e1e080b8e35452db3c7cad33bd4a995', NULL, 'd673395bc4ec4ab4b8aed5524e55797d', 470),
	('5e22e641355b4cd2889766ca20e9dd04', NULL, '130e7b97ef774f2e8bcead05111b22b8', 102),
	('5e70d70d25a64f2088bd32825beee217', NULL, '130e7b97ef774f2e8bcead05111b22b8', 229),
	('5e7e1a35abda4aa7be2b26406f4331f7', 'Grand Master IV', 'f4c47e11fe934078b9759ced5fe63fd5', 22),
	('5edc0436783f4a74a7e2401ee5f8d095', 'Diamond IV', 'f4c47e11fe934078b9759ced5fe63fd5', 442),
	('5ee69bc6ac1c45ba96f46c0b16ad384f', 'Champion III', '0769c7fce824469f87bd67f72ba6d908', 57),
	('5f15a31c4f8c4ca2b72b6eb32b7662f9', 'Diamon I', '91e7daf572674e0f9b46e3a4ced706f9', 363),
	('5f5a3edb6e794016801b09ec1688b805', 'Gold III', '0769c7fce824469f87bd67f72ba6d908', 224),
	('5f9000ef313f4712b0a8f1a43540aa53', 'Master Guardian Elite', '76be62989290436086ee4fd0d95eceef', 241),
	('5fa586c5a93745a68117d0c7161b1999', 'Ascendent II', '91e7daf572674e0f9b46e3a4ced706f9', 74),
	('5fe9e2ce970a4f3e84a0f3d8b728173e', NULL, '130e7b97ef774f2e8bcead05111b22b8', 161),
	('6035a94bf67044fbb4971e9f34b077d4', NULL, 'd673395bc4ec4ab4b8aed5524e55797d', 203),
	('603bc43abbb248378ad90229d1298e10', NULL, '130e7b97ef774f2e8bcead05111b22b8', 334),
	('60915b4011fe4dc0a06baa5369f3b9bd', NULL, '130e7b97ef774f2e8bcead05111b22b8', 56),
	('60b6852acfc142d79edbec48cc023757', NULL, 'f20eee7b30f34f12b8d081a9cb885286', 121),
	('60c703787b5f4d29a459c3774dd0d063', 'Gold III', '0769c7fce824469f87bd67f72ba6d908', 330),
	('60f453700eee4d07808a7c4e32039766', 'Silver II', 'f4c47e11fe934078b9759ced5fe63fd5', 456),
	('60fb364725b84692a5aca99bc50fa95c', NULL, 'f20eee7b30f34f12b8d081a9cb885286', 78),
	('6114bed4e3e5406ca740424c1d545a07', 'Iron II', '91e7daf572674e0f9b46e3a4ced706f9', 409),
	('61821400328b4b45ac2e1bd362f1d273', 'Grand Champion III', '0769c7fce824469f87bd67f72ba6d908', 416),
	('6191a668f7df448a852db09ea52e02dd', 'The Global Elite', '76be62989290436086ee4fd0d95eceef', 19),
	('61aacb968bcd4dff998e72ccf64735a0', 'Platinum III', '91e7daf572674e0f9b46e3a4ced706f9', 168),
	('61e7f0fb5edc4dc29043b5f54965a1c2', NULL, 'd673395bc4ec4ab4b8aed5524e55797d', 296),
	('6214608257a64d3f88f98cc597e95d42', NULL, 'f20eee7b30f34f12b8d081a9cb885286', 132),
	('6222ab343de24400b65af3e59e4671e3', NULL, 'f20eee7b30f34f12b8d081a9cb885286', 343),
	('624cb32a456c476792f9c56b4f52d54e', NULL, 'f20eee7b30f34f12b8d081a9cb885286', 514),
	('629469d792b44a9e9ea5d0e8330b1276', NULL, 'f20eee7b30f34f12b8d081a9cb885286', 116),
	('62b4510c995e44b8ae42877271fa72d3', NULL, 'd673395bc4ec4ab4b8aed5524e55797d', 455),
	('62e0a58d55eb46f5a72d7c325a603d20', NULL, 'd673395bc4ec4ab4b8aed5524e55797d', 165),
	('632e788548a643c398e475086cc49009', NULL, 'f20eee7b30f34f12b8d081a9cb885286', 325),
	('63440086eef24941bc38cc7f8a5d05e5', 'Ascendent II', '91e7daf572674e0f9b46e3a4ced706f9', 366),
	('6349271fdf3a48d4ba3b077cc5e828c6', 'Silver IV', '76be62989290436086ee4fd0d95eceef', 365),
	('6366523a354542c0a18e19f62aa81f5b', NULL, 'd673395bc4ec4ab4b8aed5524e55797d', 252),
	('63748548017e4285bc78f3fff987c0f4', 'Platinum II', '91e7daf572674e0f9b46e3a4ced706f9', 64),
	('638f56bc36b547d5ba53faac4994f049', 'Bronze I', '91e7daf572674e0f9b46e3a4ced706f9', 185),
	('63c01a156bb94884a341d9ac1f623e68', 'Bronze I', '0769c7fce824469f87bd67f72ba6d908', 139),
	('63cfafa5c8c047e1a2392b85ebfea479', 'Silver III', '76be62989290436086ee4fd0d95eceef', 450),
	('63d9b2c522ef490fb9b4859714091c54', NULL, '130e7b97ef774f2e8bcead05111b22b8', 224),
	('643617d43ae44deba68071b9bf8ff3bd', 'Silver III', '0769c7fce824469f87bd67f72ba6d908', 434),
	('6472ea23dc2941edbb89390a974371e1', 'Bronze II', '0769c7fce824469f87bd67f72ba6d908', 300),
	('64cd54ba3f6147928bbdfe1cdd2f1365', NULL, 'f20eee7b30f34f12b8d081a9cb885286', 192),
	('64d5af60148e4420976e77f9474472c4', 'Iron III', 'f4c47e11fe934078b9759ced5fe63fd5', 78),
	('65117110a71e4bc3b9cd388ff610664f', 'Gold Nova Master', '76be62989290436086ee4fd0d95eceef', 172),
	('65ea62a5c42544dd9e23df53314a2590', 'Silver II', '76be62989290436086ee4fd0d95eceef', 518),
	('65ff9e42a300406fb76800c328068e68', NULL, 'd673395bc4ec4ab4b8aed5524e55797d', 439),
	('6697a71acc1248be85b3d4c51ef5bc48', NULL, '130e7b97ef774f2e8bcead05111b22b8', 308),
	('66ec4f5a8af8448a83316aa72b476cdb', 'Supreme Master First Class', '76be62989290436086ee4fd0d95eceef', 368),
	('66ee70c619b645458a79bfab9780a883', NULL, 'd673395bc4ec4ab4b8aed5524e55797d', 329),
	('67723a9498c841e6a22d4445103a8019', NULL, '130e7b97ef774f2e8bcead05111b22b8', 359),
	('67866c9c3e2446ea8c136c2de0e01ee8', NULL, 'd673395bc4ec4ab4b8aed5524e55797d', 3),
	('6791546bb6f64445b6b225a3e5d3aa73', 'Platinum I', '0769c7fce824469f87bd67f72ba6d908', 45),
	('67b54d7f445348109b5a6dc76cc38fe2', NULL, '130e7b97ef774f2e8bcead05111b22b8', 205),
	('68402a591647405280956d0a1e9c931b', 'Challenger', 'f4c47e11fe934078b9759ced5fe63fd5', 9),
	('686445845eab47f799a4660e62a39e05', 'Platinum III', '0769c7fce824469f87bd67f72ba6d908', 51),
	('6887118ab78942b2a15749910b873225', NULL, '130e7b97ef774f2e8bcead05111b22b8', 156),
	('68ddb47358214482be95f96f2a20abbe', 'Platinum I', '0769c7fce824469f87bd67f72ba6d908', 367),
	('690448753bb74f3f9acb10a7edaacd40', 'Platinum I', 'f4c47e11fe934078b9759ced5fe63fd5', 58),
	('69fe6e146a6a44339508fcb1983b8b4a', NULL, 'd673395bc4ec4ab4b8aed5524e55797d', 447),
	('6a80878f7e2c4d008ae7069746da9fb9', NULL, 'd673395bc4ec4ab4b8aed5524e55797d', 285),
	('6a9e2ba3a75b4939844e1970f6200cb4', 'Master Guardian Elite', '76be62989290436086ee4fd0d95eceef', 227),
	('6aa669f9b3194e7ab73273c7e36a5d22', 'Diamond II', '0769c7fce824469f87bd67f72ba6d908', 370),
	('6ab8495d4ff7428baaa74e4879968b5a', 'Legendary Eagle Master', '76be62989290436086ee4fd0d95eceef', 153),
	('6ac44c60fe8f4526b055623122fc3c21', NULL, 'd673395bc4ec4ab4b8aed5524e55797d', 478),
	('6ac60e1c4ff04d489b18fe14559f5728', 'Champion III', '0769c7fce824469f87bd67f72ba6d908', 360),
	('6ac7b3407573460d82104b5981b376e2', 'Champion I', '0769c7fce824469f87bd67f72ba6d908', 58),
	('6ad3381398944fb49d8f1ea766612d2a', 'Gold Nova I', '76be62989290436086ee4fd0d95eceef', 319),
	('6ad919e6bf5e4dbfa60b1f0bfb58701d', 'Legendary Eagle', '76be62989290436086ee4fd0d95eceef', 34),
	('6b74aa547afe492d88fe089639e36dec', 'Diamond IV', 'f4c47e11fe934078b9759ced5fe63fd5', 93),
	('6b887113865a4f1e908047dcd4dd8a02', NULL, '130e7b97ef774f2e8bcead05111b22b8', 121),
	('6bab0a46a7e8405193a8d355bd92de74', 'Gold I', '91e7daf572674e0f9b46e3a4ced706f9', 305),
	('6bb32917014a4987b3e685fd6561ae92', NULL, 'f20eee7b30f34f12b8d081a9cb885286', 209),
	('6bb85f91211c40e7a01961a07642973c', 'Master Guardian II', '76be62989290436086ee4fd0d95eceef', 95),
	('6c25201c8a604dfd839c38cee7a109a4', NULL, 'f20eee7b30f34f12b8d081a9cb885286', 456),
	('6c4af4c01b234e7a822091f36473bae5', NULL, '130e7b97ef774f2e8bcead05111b22b8', 269),
	('6ce0d58c5f184f508dd0e3f88b91dc5e', 'Silver III', 'f4c47e11fe934078b9759ced5fe63fd5', 399),
	('6d223f7d5da041369d72a3112e81cf33', NULL, 'f20eee7b30f34f12b8d081a9cb885286', 188),
	('6e349c6f16d8425d988faf88ad9d1ac4', 'Silver III', '0769c7fce824469f87bd67f72ba6d908', 279),
	('6e4d9f16d1c4494c9f9ac701801c2a1c', 'Iron III', '91e7daf572674e0f9b46e3a4ced706f9', 344),
	('6ea64237439f46d3b458c1789c95ee81', 'Inmortal II', '91e7daf572674e0f9b46e3a4ced706f9', 130),
	('6ee441fe5eed40e3827422e6b5e547c1', 'Silver I', '91e7daf572674e0f9b46e3a4ced706f9', 448),
	('6f40f3ec4e014bf9b59b3298470b326b', NULL, 'd673395bc4ec4ab4b8aed5524e55797d', 69),
	('6f7184a6db794f62b88f8475bce1122c', NULL, '130e7b97ef774f2e8bcead05111b22b8', 25),
	('6f7e1ccebea8472c9094d4c5cc4bc1fc', 'Silver I', '91e7daf572674e0f9b46e3a4ced706f9', 4),
	('6f8959ac96464f5e928a72431f52cae5', NULL, 'f20eee7b30f34f12b8d081a9cb885286', 436),
	('6fa2d1e210024b79b3fb634216057d86', 'Silver IV', '76be62989290436086ee4fd0d95eceef', 295),
	('6fb92e5149054861a3e7d03e8208eecb', 'Diamond III', '91e7daf572674e0f9b46e3a4ced706f9', 205),
	('6fe02ba5a4fe47b2a02e3413a32185e8', 'Gold II', '0769c7fce824469f87bd67f72ba6d908', 196),
	('6ff49a0cf4954c60a1823289d2b84485', 'Platinum IV', 'f4c47e11fe934078b9759ced5fe63fd5', 36),
	('7066ed273f7943da9652443f3a6128bb', NULL, 'd673395bc4ec4ab4b8aed5524e55797d', 381),
	('70cf3f246c034198b1a61cc5962da798', NULL, 'd673395bc4ec4ab4b8aed5524e55797d', 128),
	('713257bd43924475912f00b239c0ee43', 'Inmortal II', '91e7daf572674e0f9b46e3a4ced706f9', 134),
	('719411b836d84a49ad64454666c75a08', 'Bronze III', '0769c7fce824469f87bd67f72ba6d908', 246),
	('71a70d8bf08b440d80879705a9a4412c', 'Master Guardian II', '76be62989290436086ee4fd0d95eceef', 167),
	('71addaa1344d4981baf97dd5e52a1664', 'Supreme Master First Class', '76be62989290436086ee4fd0d95eceef', 106),
	('71d0c385b35440f09b611422264e8fb6', NULL, '130e7b97ef774f2e8bcead05111b22b8', 275),
	('71ec0644b5e34608ba134bc20b509acf', NULL, '130e7b97ef774f2e8bcead05111b22b8', 233),
	('71f90f687ce342f9a5987a79d3ab29b4', NULL, 'f20eee7b30f34f12b8d081a9cb885286', 401),
	('7200189ef33045ffbd8059bb4163f51a', NULL, 'd673395bc4ec4ab4b8aed5524e55797d', 359),
	('7246d574c563411ab0d88cc73e589cd5', 'Gold Nova II', '76be62989290436086ee4fd0d95eceef', 344),
	('727c7b046f4b462a9ca2ed5b7d411ac2', 'Silver I', '76be62989290436086ee4fd0d95eceef', 195),
	('72b04c24a1544bb6b0f825700723487a', NULL, 'd673395bc4ec4ab4b8aed5524e55797d', 518),
	('72f904da5c95427d8e3e52150b5b3131', NULL, 'f20eee7b30f34f12b8d081a9cb885286', 361),
	('7300bff0f5e74075a3ba0582d0ea59ce', NULL, 'f20eee7b30f34f12b8d081a9cb885286', 142),
	('73618d47b30244f294220974e6a83b72', NULL, '130e7b97ef774f2e8bcead05111b22b8', 128),
	('73c3d62745c74370a9e08f9662ef1173', 'Master III', 'f4c47e11fe934078b9759ced5fe63fd5', 503),
	('73fe0f6cdb544a0482233d2d46e3790b', 'Bronze I', 'f4c47e11fe934078b9759ced5fe63fd5', 159),
	('74778f3116ef4b41b3011687a07f0994', NULL, '130e7b97ef774f2e8bcead05111b22b8', 391),
	('74ad8a2465884da8875ca864f10abfd1', 'Platinum II', '91e7daf572674e0f9b46e3a4ced706f9', 51),
	('74b54d2ab1924071ae897b1aa0cd4d52', NULL, 'f20eee7b30f34f12b8d081a9cb885286', 248),
	('74fabad4d2c24074adc30d8eda8b0819', 'Bronze III', 'f4c47e11fe934078b9759ced5fe63fd5', 247),
	('74fe1cf2b69f4f1981ca975fb0cf2943', NULL, 'f20eee7b30f34f12b8d081a9cb885286', 54),
	('751cf042450a484e8e8f3e5ea2cdbe01', 'Master Guardian II', '76be62989290436086ee4fd0d95eceef', 479),
	('751d40ba0ef54f8aa18471cc2c2547fc', 'Master Guardian I', '76be62989290436086ee4fd0d95eceef', 401),
	('754410a33bde449dbf51c8a9ab75c146', 'Silver III', '91e7daf572674e0f9b46e3a4ced706f9', 251),
	('7547150d11314f40ad534fd1f0a56f78', NULL, '130e7b97ef774f2e8bcead05111b22b8', 320),
	('758fcb7a152549d5abf0b54fd46d45ac', 'Gold Nova Master', '76be62989290436086ee4fd0d95eceef', 188),
	('75cdd11ca033467a965619b44ac0ec52', 'Grand Master I', 'f4c47e11fe934078b9759ced5fe63fd5', 221),
	('7641c38120b241b3a46301980705bc02', 'Diamond III', 'f4c47e11fe934078b9759ced5fe63fd5', 57),
	('766fe376194f4dbb9148dda2d41f3175', 'Silver I', '76be62989290436086ee4fd0d95eceef', 485),
	('7698d18e37f24c759e2b2d09ee071245', 'Bronze II', '91e7daf572674e0f9b46e3a4ced706f9', 451),
	('76992df1b9fc4459901b1bc7e50f3753', 'Gold III', '0769c7fce824469f87bd67f72ba6d908', 205),
	('76e846119c2642979afa9b3d3a69bc0c', 'Diamond I', '0769c7fce824469f87bd67f72ba6d908', 273),
	('76eda2c552f54a408e0fb6585ba9aed8', 'Ascendent III', '91e7daf572674e0f9b46e3a4ced706f9', 24),
	('77118bfdfd81490181bc25bf760c01f4', NULL, '130e7b97ef774f2e8bcead05111b22b8', 360),
	('7719d9db2ed4472bb3e7b9b1a3a653b2', 'Master I', 'f4c47e11fe934078b9759ced5fe63fd5', 419),
	('773e74186f034d38aa73254ef90f59bf', 'Diamond IV', 'f4c47e11fe934078b9759ced5fe63fd5', 80),
	('77512ddc0ea94d7280e2f4037318b64b', NULL, 'd673395bc4ec4ab4b8aed5524e55797d', 274),
	('775a40b6dacd4ca0b098fad6dd03e8c5', NULL, '130e7b97ef774f2e8bcead05111b22b8', 16),
	('776295cc0ec54619b83e2044658d6a13', NULL, 'd673395bc4ec4ab4b8aed5524e55797d', 263),
	('779cf1cbc68043ffaa7cdcdde078bfeb', NULL, 'd673395bc4ec4ab4b8aed5524e55797d', 406),
	('77e4752abf6c43a4a433b2bd12bf7c69', NULL, 'f20eee7b30f34f12b8d081a9cb885286', 127),
	('783d3e3e93d8405b8e28681f6c3f78f8', 'Ascendent I', '91e7daf572674e0f9b46e3a4ced706f9', 81),
	('784d361a68c6410f819ad96374a46c37', 'Master III', 'f4c47e11fe934078b9759ced5fe63fd5', 351),
	('789140719c0c4de389c5e0591286a812', NULL, 'd673395bc4ec4ab4b8aed5524e55797d', 427),
	('789e3a858c5c4399bc4a7968c1730c7a', 'Diamond III', '91e7daf572674e0f9b46e3a4ced706f9', 371),
	('7905543ef58d42048f9872533844eb56', NULL, 'd673395bc4ec4ab4b8aed5524e55797d', 96),
	('790e6e7246474aeda109bea36990634e', NULL, '130e7b97ef774f2e8bcead05111b22b8', 324),
	('792bd813990443cd9dd0228630a9c044', 'Master I', 'f4c47e11fe934078b9759ced5fe63fd5', 346),
	('7991cfbcb9f04b19b0e1c327d7c8d80e', 'Diamond II', '91e7daf572674e0f9b46e3a4ced706f9', 339),
	('7997806bb03d411191f94d9eba0f8ff0', NULL, 'd673395bc4ec4ab4b8aed5524e55797d', 390),
	('7a0ccc4e9d5242d581e7560e5d9cb0ff', 'Bronze II', '91e7daf572674e0f9b46e3a4ced706f9', 481),
	('7a66c6aaffd14760b8414e82e4504dfb', 'Master Guardian Elite', '76be62989290436086ee4fd0d95eceef', 414),
	('7b2614ed605c49c384495c75320f058f', 'Silver IV', '76be62989290436086ee4fd0d95eceef', 411),
	('7b27536cf58c4bc58ae9a0d856ccde35', NULL, '130e7b97ef774f2e8bcead05111b22b8', 30),
	('7b48d0ff8a7d461b997a2e429c0b5d63', NULL, 'f20eee7b30f34f12b8d081a9cb885286', 305),
	('7b960372302c4e53a9ae372945d4a88d', 'Inmortal II', '91e7daf572674e0f9b46e3a4ced706f9', 62),
	('7ba6f168d10a4ce7aa8b4bccc0ff8596', 'Supersonic Legend', '0769c7fce824469f87bd67f72ba6d908', 264),
	('7badab5608df48938184fd1453ad38c3', NULL, '130e7b97ef774f2e8bcead05111b22b8', 322),
	('7be4ea22130842668c66dee89b4d8a32', 'Distinguished Master Guardian', '76be62989290436086ee4fd0d95eceef', 145),
	('7be5ff19354f4444bd175b8e024b2b59', NULL, '130e7b97ef774f2e8bcead05111b22b8', 12),
	('7beaaead2b104c6a8506b1fb299e353c', 'Gold I', '91e7daf572674e0f9b46e3a4ced706f9', 223),
	('7c1cd3781db74a3991d9663093687fcb', NULL, 'f20eee7b30f34f12b8d081a9cb885286', 493),
	('7c4d7450ab9d4658873dbdc8e85584c6', 'Platinum I', '0769c7fce824469f87bd67f72ba6d908', 38),
	('7c8e565356224842a3221e5b24361679', NULL, '130e7b97ef774f2e8bcead05111b22b8', 516),
	('7ca000c29f6c48f1b196b530db0d46a3', NULL, 'f20eee7b30f34f12b8d081a9cb885286', 407),
	('7cb34075783441a187048bbc1564d13b', 'Iron III', '91e7daf572674e0f9b46e3a4ced706f9', 280),
	('7cd09b8e4a9a4c1085bcb5c113742e91', NULL, '130e7b97ef774f2e8bcead05111b22b8', 67),
	('7cf581abc51543d388151268364686e2', 'Master I', 'f4c47e11fe934078b9759ced5fe63fd5', 473),
	('7d03449e84a4458e90846d7df08d5a4d', 'Champion I', '0769c7fce824469f87bd67f72ba6d908', 375),
	('7db7e27c3869482cb19f3f5b7e473b5e', 'Gold I', '0769c7fce824469f87bd67f72ba6d908', 409),
	('7dd3ac5298864e41964de8fe7a0f2692', 'Bronze I', 'f4c47e11fe934078b9759ced5fe63fd5', 252),
	('7e024d83872b4e46af7ebeb1633bb251', 'Gold II', '0769c7fce824469f87bd67f72ba6d908', 462),
	('7e27133cfe564dc8a126cbb0ff04e807', 'Silver I', '76be62989290436086ee4fd0d95eceef', 329),
	('7e393beb8fc2495ea8fac6fda762b770', NULL, 'd673395bc4ec4ab4b8aed5524e55797d', 365),
	('7e898f5d1fc04331996269b6133c3b63', 'Platinum I', '0769c7fce824469f87bd67f72ba6d908', 97),
	('7ecd2c7f8e6f4330a52329b87a7fac70', NULL, 'd673395bc4ec4ab4b8aed5524e55797d', 193),
	('7f1d91788b57458f86b66061400a6dd8', NULL, 'f20eee7b30f34f12b8d081a9cb885286', 263),
	('7f49a241e9ad444e8151ba4a07d2478b', 'Champion II', '0769c7fce824469f87bd67f72ba6d908', 296),
	('7f52339a363a4b899589a580b6b8878d', NULL, '130e7b97ef774f2e8bcead05111b22b8', 491),
	('7f6e3ccf40db44fc9713ddcf50f4bed7', NULL, 'd673395bc4ec4ab4b8aed5524e55797d', 99),
	('7fc913095c634db4ad68d505695400a7', NULL, 'd673395bc4ec4ab4b8aed5524e55797d', 477),
	('80167858c8924c1c8cc70a0aa0561973', NULL, '130e7b97ef774f2e8bcead05111b22b8', 442),
	('80205d6a33f346dcbdd26e87f0eb7e62', NULL, 'f20eee7b30f34f12b8d081a9cb885286', 257),
	('803954f1d1e749f2922088a746a6a4f4', 'Diamond II', '91e7daf572674e0f9b46e3a4ced706f9', 58),
	('80542da378394189bb56951acb7ebf5c', NULL, '130e7b97ef774f2e8bcead05111b22b8', 59),
	('80a2ec263ba94fe9922c3334a7578e2f', 'Gold Nova I', '76be62989290436086ee4fd0d95eceef', 1),
	('80aa38dcd4e44e089ab52b5eb485c219', 'Gold III', '0769c7fce824469f87bd67f72ba6d908', 241),
	('80b3b3ce78ac44ab82fdba7579e09928', 'Champion I', '0769c7fce824469f87bd67f72ba6d908', 311),
	('80ce1f63689f40389ef39f836a087807', 'Diamond I', 'f4c47e11fe934078b9759ced5fe63fd5', 3),
	('81072abd25b4413893340d497d05d98b', NULL, 'd673395bc4ec4ab4b8aed5524e55797d', 341),
	('812f33d656614b4d8b3756e203515cbc', 'Grand Champion II', '0769c7fce824469f87bd67f72ba6d908', 270),
	('81348f2a723f433589e4ba747de56eae', NULL, 'f20eee7b30f34f12b8d081a9cb885286', 313),
	('8135987319a14b6fab838dfac77bc394', NULL, 'd673395bc4ec4ab4b8aed5524e55797d', 101),
	('8202239182bc48b2a180909bf516975a', NULL, 'd673395bc4ec4ab4b8aed5524e55797d', 474),
	('828f3aded1b34f26bc000415750b7611', NULL, 'd673395bc4ec4ab4b8aed5524e55797d', 234),
	('829061d396594876849c37aefc4eb46c', NULL, '130e7b97ef774f2e8bcead05111b22b8', 263),
	('82de6ee0667e4373b1cac2a3246143ef', 'Grand Master III', 'f4c47e11fe934078b9759ced5fe63fd5', 225),
	('82e1283747dd4fe0af23003a78b03904', NULL, '130e7b97ef774f2e8bcead05111b22b8', 249),
	('82fc367820514a898f0895417b6e52aa', 'Inmortal III', '91e7daf572674e0f9b46e3a4ced706f9', 331),
	('83c8ca5bb84a4720958cd35d3fb90cf0', 'Platinum IV', 'f4c47e11fe934078b9759ced5fe63fd5', 150),
	('83cccc685c9b46958ed27030fab70c11', NULL, 'd673395bc4ec4ab4b8aed5524e55797d', 11),
	('83f1e43c2e26491589c109c5e560b25f', 'Bronze IV', 'f4c47e11fe934078b9759ced5fe63fd5', 185),
	('8408908291d64b66bc430f6e8a931e77', 'Bronze I', '91e7daf572674e0f9b46e3a4ced706f9', 286),
	('843352768861445b9435664fa7953b52', NULL, '130e7b97ef774f2e8bcead05111b22b8', 376),
	('84a106f5bd054d7ba590f860f074d238', 'Master II', 'f4c47e11fe934078b9759ced5fe63fd5', 5),
	('84d4bffbae2f4ee9996bf359c9896da5', NULL, '130e7b97ef774f2e8bcead05111b22b8', 226),
	('84f42775dc8f4e6d9e0a04d0b0c813f2', NULL, 'd673395bc4ec4ab4b8aed5524e55797d', 48),
	('8509bb3790604dae98ac90fd97caf625', 'Diamond II', '91e7daf572674e0f9b46e3a4ced706f9', 385),
	('859114adabf848728d7983e04790abcb', 'Gold III', 'f4c47e11fe934078b9759ced5fe63fd5', 25),
	('8611f94b12b547da8dee3d62094e94eb', 'Silver Elite', '76be62989290436086ee4fd0d95eceef', 297),
	('862566e878d24e9cae572710a17f6036', NULL, 'd673395bc4ec4ab4b8aed5524e55797d', 70),
	('86267a6c33384cb5997adb218390916f', 'Gold I', '91e7daf572674e0f9b46e3a4ced706f9', 398),
	('863fd6ce0b79430d8a62da9fd32c74d9', 'Champion III', '0769c7fce824469f87bd67f72ba6d908', 158),
	('86589efe457343a59b395c4ca54ec223', 'Grand Champion I', '0769c7fce824469f87bd67f72ba6d908', 289),
	('866e38dda6264f52a8d78108eafabfdb', NULL, 'f20eee7b30f34f12b8d081a9cb885286', 288),
	('8680e844b6964c61b13d0e50089f275c', 'Supreme Master First Class', '76be62989290436086ee4fd0d95eceef', 382),
	('86c0e40c9eaa4053a8639d49bfafeecc', NULL, '130e7b97ef774f2e8bcead05111b22b8', 367),
	('86c75f9fced047ebbd48d62a2a95ebe7', 'Gold II', 'f4c47e11fe934078b9759ced5fe63fd5', 467),
	('87b052e0f5ee460693cf69fbc0dca1d1', 'Silver IV', '76be62989290436086ee4fd0d95eceef', 409),
	('87d1026c467844209973b4ff53da1931', NULL, 'f20eee7b30f34f12b8d081a9cb885286', 199),
	('87dd50bcf3bf4d2e820de8c8ea3d1fe6', NULL, 'f20eee7b30f34f12b8d081a9cb885286', 413),
	('87e23553040d4d1fb7924f004528272f', NULL, 'd673395bc4ec4ab4b8aed5524e55797d', 320),
	('87ff37260705403c9aead8f6e40220da', 'Silver II', 'f4c47e11fe934078b9759ced5fe63fd5', 282),
	('8923ce5915d54c1e9f1e3de48ff75e6b', NULL, 'd673395bc4ec4ab4b8aed5524e55797d', 337),
	('893ad46753c64d6aa84c2c2d358556ed', NULL, '130e7b97ef774f2e8bcead05111b22b8', 508),
	('8965dedd46e446b49a4d9fb9becb9fac', 'Legendary Eagle Master', '76be62989290436086ee4fd0d95eceef', 487),
	('8995e2178561432a8acb91705b2003f6', 'Iron III', '91e7daf572674e0f9b46e3a4ced706f9', 8),
	('89b85929ab1149f087e92265a12e5ae0', NULL, 'd673395bc4ec4ab4b8aed5524e55797d', 72),
	('89c3691821d54b5cb1713b8b38c81bd4', 'Silver III', '76be62989290436086ee4fd0d95eceef', 459),
	('89d79bb23e0e4de7a58a0132e06d59e1', 'Legendary Eagle', '76be62989290436086ee4fd0d95eceef', 99),
	('8a0a81febc204115b0650bb559294279', 'Bronze II', 'f4c47e11fe934078b9759ced5fe63fd5', 51),
	('8a15c125e6164f5f81817c7598887be8', NULL, 'f20eee7b30f34f12b8d081a9cb885286', 84),
	('8a1c930e9ecf49aaa11f731bbb373bc6', NULL, '130e7b97ef774f2e8bcead05111b22b8', 194),
	('8a267129ea2f4c5ca4a084e9d3a499de', 'Silver Elite Master', '76be62989290436086ee4fd0d95eceef', 66),
	('8a76ba4e11d84c55b12adbcc89b7b42d', NULL, 'd673395bc4ec4ab4b8aed5524e55797d', 306),
	('8a7b47a95f654d47b9d2ddd9b55aab0e', 'Diamond III', '0769c7fce824469f87bd67f72ba6d908', 421),
	('8a8078a670d84c0dbdde9f349ba6ff62', 'Platinum I', '91e7daf572674e0f9b46e3a4ced706f9', 80),
	('8abb1f40a0bc4e83a5ad9a64d6151442', NULL, 'f20eee7b30f34f12b8d081a9cb885286', 330),
	('8ac30c0a86ac47478e5cb4af911d3c9f', 'Master III', 'f4c47e11fe934078b9759ced5fe63fd5', 418),
	('8b5ee85e84f141f1a65d99d20e849e9f', NULL, '130e7b97ef774f2e8bcead05111b22b8', 129),
	('8b8b38c19ba94e6eaaacaf65b129ea7e', 'Platinum II', 'f4c47e11fe934078b9759ced5fe63fd5', 480),
	('8b9b10d9ce7843a98dcc77f3406801b9', NULL, 'f20eee7b30f34f12b8d081a9cb885286', 403),
	('8be78ae099ed4d0caad5cb18dcbe4e90', NULL, 'f20eee7b30f34f12b8d081a9cb885286', 491),
	('8cad3266be8944cb9747ca3548710eb8', NULL, 'f20eee7b30f34f12b8d081a9cb885286', 141),
	('8cb1c1fc044c4602a8f184b7ddb015c4', NULL, '130e7b97ef774f2e8bcead05111b22b8', 122),
	('8ce34a2a2c414acbb1602fda8f0cf934', NULL, 'f20eee7b30f34f12b8d081a9cb885286', 59),
	('8d171b6767b24b2387ac43a6dca924d7', 'Diamond I', 'f4c47e11fe934078b9759ced5fe63fd5', 13),
	('8d754c10357f4316816624360a2f1a34', 'Platinum II', '0769c7fce824469f87bd67f72ba6d908', 475),
	('8d7b64c247ed47e99a54db80d0644d08', 'Distinguished Master Guardian', '76be62989290436086ee4fd0d95eceef', 367),
	('8d7bda5558284055bccd1fe9f2c4019c', 'Ascendent I', '91e7daf572674e0f9b46e3a4ced706f9', 387),
	('8d7daf248c604578824cdf4a3822cf62', 'Bronze II', '91e7daf572674e0f9b46e3a4ced706f9', 477),
	('8da20bc3fff643eca53bdd30ff22d194', 'Grand Champion I', '0769c7fce824469f87bd67f72ba6d908', 249),
	('8da8a005e8ac4624a256a5c773f843a4', 'Gold I', '0769c7fce824469f87bd67f72ba6d908', 200),
	('8dc34559d29d4e38ab1cd03e93bf778a', 'Silver I', '0769c7fce824469f87bd67f72ba6d908', 337),
	('8dd210c1ae164beeb3e09b72d499a627', NULL, 'f20eee7b30f34f12b8d081a9cb885286', 434),
	('8e06dcbf3eaf47c7b91c5c7ed15ba0a7', 'Grand Master III', 'f4c47e11fe934078b9759ced5fe63fd5', 362),
	('8e14965794104ba08d38343469432266', 'Gold III', '0769c7fce824469f87bd67f72ba6d908', 431),
	('8e323c6eebc046ada0b2135c88d3f577', 'Silver III', 'f4c47e11fe934078b9759ced5fe63fd5', 65),
	('8e458bf527dd4d55a4cdfa359c7842f1', 'Bronze II', '91e7daf572674e0f9b46e3a4ced706f9', 428),
	('8e59ea93bbdf418ea89a192e33f3343a', NULL, 'f20eee7b30f34f12b8d081a9cb885286', 7),
	('8e6aa0471d3e452bbdcd449e2555d174', 'Silver III', '91e7daf572674e0f9b46e3a4ced706f9', 68),
	('8e6c8bb0518e49578b15140e5a23ac0d', NULL, 'f20eee7b30f34f12b8d081a9cb885286', 12),
	('8ef82ccce2744a989bdf05c0c783745c', 'Master IV', 'f4c47e11fe934078b9759ced5fe63fd5', 205),
	('8efa317e88bb4ec0929775435f5d6437', 'Grand Champion II', '0769c7fce824469f87bd67f72ba6d908', 212),
	('8f2333c7b3c848c6b22384ac468228b1', 'Ascendent II', '91e7daf572674e0f9b46e3a4ced706f9', 28),
	('8f520d5bec414a3d98be52435f0916c6', NULL, 'd673395bc4ec4ab4b8aed5524e55797d', 353),
	('8f7f8bed215248a0a7f02eab4fb3146a', 'Distinguished Master Guardian', '76be62989290436086ee4fd0d95eceef', 424),
	('8fa42141600d4e578bbcefcd7c05a522', 'Bronze II', '91e7daf572674e0f9b46e3a4ced706f9', 137),
	('8fd4d2189fe7475486f9530054623701', NULL, 'f20eee7b30f34f12b8d081a9cb885286', 507),
	('8fe07f6fe5014881aab49cd2940b1614', NULL, 'd673395bc4ec4ab4b8aed5524e55797d', 415),
	('8ff551ffba79436584862aa374f5c204', 'The Global Elite', '76be62989290436086ee4fd0d95eceef', 132),
	('8ffe17f242c44e068aa60b8f6ba56d9d', 'Gold Nova II', '76be62989290436086ee4fd0d95eceef', 266),
	('9049a703e7f44c46a42b7f6469050dd8', NULL, 'd673395bc4ec4ab4b8aed5524e55797d', 126),
	('908f30b11dbc4dd5b11291e0e132e81e', 'Platinum I', 'f4c47e11fe934078b9759ced5fe63fd5', 7),
	('9099d44ff7214de7b840b8a4424b473f', NULL, '130e7b97ef774f2e8bcead05111b22b8', 350),
	('90a85f417d514182be86334be61f98b9', NULL, '130e7b97ef774f2e8bcead05111b22b8', 379),
	('911684813d7448048f139f35614ca0ce', 'Diamond IV', 'f4c47e11fe934078b9759ced5fe63fd5', 494),
	('91529e5ac7db44428fca3ac6c18c6570', 'Silver I', 'f4c47e11fe934078b9759ced5fe63fd5', 143),
	('9154c3119438498c823f328652390b03', NULL, 'f20eee7b30f34f12b8d081a9cb885286', 318),
	('91895ebe9f5e4fa7b977ac588fd18a84', 'Silver Elite Master', '76be62989290436086ee4fd0d95eceef', 150),
	('918f91a3c16a43a4a9981d3fe5d380c6', NULL, 'f20eee7b30f34f12b8d081a9cb885286', 508),
	('9193aa6356894064b1be903e83fc82bc', NULL, 'f20eee7b30f34f12b8d081a9cb885286', 381),
	('91993a4cd9a34e43a77da5344bc04151', NULL, '130e7b97ef774f2e8bcead05111b22b8', 99),
	('919bad17b8d746a09cd12bc4e3ec31f6', 'Grand Champion I', '0769c7fce824469f87bd67f72ba6d908', 463),
	('919c05e7b961417cae76f2c57c68be8c', 'Grand Master IV', 'f4c47e11fe934078b9759ced5fe63fd5', 237),
	('91a13dfc0e414d699fe85bd50de508ad', NULL, '130e7b97ef774f2e8bcead05111b22b8', 514),
	('91afeab5679f4e24a0a31d6637091a63', 'Ascendent I', '91e7daf572674e0f9b46e3a4ced706f9', 7),
	('91c43ca0a13f4cd88fab5704119175d8', NULL, '130e7b97ef774f2e8bcead05111b22b8', 283),
	('91eab178b2de413f923d39de93b6f3bf', 'Silver III', '91e7daf572674e0f9b46e3a4ced706f9', 124),
	('91ecba6e1d2b4df3ab031358380fbc6a', 'Diamond IV', 'f4c47e11fe934078b9759ced5fe63fd5', 187),
	('92006e2524c04e44b471b14ebbd7d98f', NULL, 'd673395bc4ec4ab4b8aed5524e55797d', 56),
	('924675e317da40809b6e5e34f06570be', NULL, 'f20eee7b30f34f12b8d081a9cb885286', 502),
	('9251ea981c824d2e8053186ff5917cd3', 'Champion III', '0769c7fce824469f87bd67f72ba6d908', 102),
	('9265806d00384647bce633eb5993459e', NULL, 'f20eee7b30f34f12b8d081a9cb885286', 497),
	('9267cb52a5444db68b8115f3fec65c13', 'Gold Nova II', '76be62989290436086ee4fd0d95eceef', 118),
	('927ab9fd00b8433f9615771f46450071', 'Diamond II', 'f4c47e11fe934078b9759ced5fe63fd5', 273),
	('927e90f1b4a4422c9330a4fa697caac6', 'Legendary Eagle', '76be62989290436086ee4fd0d95eceef', 336),
	('929939407b6a4089bdee25fe83bb811f', NULL, 'f20eee7b30f34f12b8d081a9cb885286', 222),
	('92aa6873b9a84bb68f31ff1e0e390eae', NULL, 'f20eee7b30f34f12b8d081a9cb885286', 60),
	('933856ae4f3747b09485a17bf639ba66', NULL, 'd673395bc4ec4ab4b8aed5524e55797d', 412),
	('934d6d1f3fa34f869480520bf97f5cf5', NULL, '130e7b97ef774f2e8bcead05111b22b8', 70),
	('93b9534ce5464b658aa2c048a70f83ba', NULL, 'f20eee7b30f34f12b8d081a9cb885286', 246),
	('93c98e9bed044d35bad1d2ec131b7f22', 'Platinum III', '91e7daf572674e0f9b46e3a4ced706f9', 177),
	('93dec1aa9fa343cd83e7f9093ed271be', 'Diamond I', '0769c7fce824469f87bd67f72ba6d908', 260),
	('9417e20985e0417f89909d86aee67a51', 'Distinguished Master Guardian', '76be62989290436086ee4fd0d95eceef', 201),
	('942812678de140c1bea05919f3ad950d', 'Grand Master I', 'f4c47e11fe934078b9759ced5fe63fd5', 509),
	('944528c0b9f640d988630b13c05cc1d5', 'The Global Elite', '76be62989290436086ee4fd0d95eceef', 68),
	('9445ddee9d5b4aa9bbb9ee740775e199', 'Iron II', '91e7daf572674e0f9b46e3a4ced706f9', 362),
	('944905ef56634b2da3b5031a4fb30677', 'Gold Nova II', '76be62989290436086ee4fd0d95eceef', 149),
	('946ada6f59d042f18a83a4540c8990e4', 'Gold I', '91e7daf572674e0f9b46e3a4ced706f9', 102),
	('94ac142400b64717b1f06968e7f9b6ad', NULL, '130e7b97ef774f2e8bcead05111b22b8', 384),
	('94ad4af9f0114cb0b5f16a18f488d36f', 'The Global Elite', '76be62989290436086ee4fd0d95eceef', 202),
	('94f9fe879e4140fbb96eecb637bbc860', 'Master I', 'f4c47e11fe934078b9759ced5fe63fd5', 489),
	('94fd65250a3d4b17b53a4c30f482a1c9', NULL, 'f20eee7b30f34f12b8d081a9cb885286', 261),
	('950b874639564256a1aecf5992367397', 'Silver I', '0769c7fce824469f87bd67f72ba6d908', 181),
	('95339b5e267444bb899477765c51ace3', 'Silver Elite Master', '76be62989290436086ee4fd0d95eceef', 164),
	('955ffefd79824032bb2b9f9d4c5043ac', NULL, '130e7b97ef774f2e8bcead05111b22b8', 368),
	('95b7bc6b98e34fed890d5a3b9ee92db3', NULL, 'f20eee7b30f34f12b8d081a9cb885286', 307),
	('96204105ea9f4855bc0e8e8695a75b5d', 'Gold Nova Master', '76be62989290436086ee4fd0d95eceef', 102),
	('966f36e3d60a42fd977c13a4d0eae8fc', 'Gold I', 'f4c47e11fe934078b9759ced5fe63fd5', 323),
	('969a2c15141b4585ab78db16c8705b65', 'Bronze III', '91e7daf572674e0f9b46e3a4ced706f9', 97),
	('96e6c2622d574cd1a402df4726347a4c', 'Gold Nova Master', '76be62989290436086ee4fd0d95eceef', 158),
	('9783e17c0e5e4a4a9e4ce47e59d0a695', 'Bronze III', '91e7daf572674e0f9b46e3a4ced706f9', 41),
	('97959921865f41c29110d449b19cd3da', NULL, 'f20eee7b30f34f12b8d081a9cb885286', 213),
	('97b0981ff1f14d1ba4902a4165fdd044', 'Grand Champion III', '0769c7fce824469f87bd67f72ba6d908', 198),
	('97cc943332c4448dbb5f0cf30c7377be', 'Gold Nova III', '76be62989290436086ee4fd0d95eceef', 55),
	('9804650330fb43328e3f2203b2188516', NULL, 'f20eee7b30f34f12b8d081a9cb885286', 63),
	('985ef816b6204ebfb3d2eb5e0cecd0be', NULL, '130e7b97ef774f2e8bcead05111b22b8', 172),
	('98691af0e8dc443286866b2147cc46ff', 'Bronze IV', 'f4c47e11fe934078b9759ced5fe63fd5', 423),
	('986ea168156845318d1a4b92a3b4a38f', NULL, '130e7b97ef774f2e8bcead05111b22b8', 348),
	('996b9f1dcda348ad98fc0e1209fca1a7', 'Platinum III', '0769c7fce824469f87bd67f72ba6d908', 147),
	('99b449c3f3c34cd9a7e2287dc93dae2c', 'Gold Nova III', '76be62989290436086ee4fd0d95eceef', 235),
	('9a106b4d016d4a7ab862c034fabc2ab0', 'Bronze III', '0769c7fce824469f87bd67f72ba6d908', 478),
	('9a3f991993ac41b7867778761bacdd96', NULL, 'd673395bc4ec4ab4b8aed5524e55797d', 23),
	('9a48b3e1fad3455d928725c33d13e50e', NULL, '130e7b97ef774f2e8bcead05111b22b8', 166),
	('9ae240e36016462888d562992eb4a7b9', 'Diamond II', '0769c7fce824469f87bd67f72ba6d908', 314),
	('9b4fad5f20d6463687a740f9175016f1', NULL, '130e7b97ef774f2e8bcead05111b22b8', 199),
	('9bb4f4b522b045e484f98173c0373084', NULL, 'f20eee7b30f34f12b8d081a9cb885286', 429),
	('9c5dacae786f42199b178d8f89763a5f', 'Diamond III', '0769c7fce824469f87bd67f72ba6d908', 189),
	('9c75327d35e64e779c5b1b0b7ac35f1b', 'Iron II', '91e7daf572674e0f9b46e3a4ced706f9', 235),
	('9c83132044f0445ca088bda713d27a92', NULL, 'd673395bc4ec4ab4b8aed5524e55797d', 37),
	('9cbabe595e1f4b9aac3d113adddfdfdb', NULL, '130e7b97ef774f2e8bcead05111b22b8', 35),
	('9d5d0d6130884b378497470b80107590', 'Supersonic Legend', '0769c7fce824469f87bd67f72ba6d908', 251),
	('9e121926afcb4005a3ccc79f103a476a', NULL, 'f20eee7b30f34f12b8d081a9cb885286', 385),
	('9e20e8faa9854e72b071a9b4e04417bd', NULL, 'd673395bc4ec4ab4b8aed5524e55797d', 351),
	('9e439cc34bd24a3eaf3c8e1caf8d0c44', 'Grand Master III', 'f4c47e11fe934078b9759ced5fe63fd5', 258),
	('9e5a9842872d4702a061ea9dec760abf', NULL, 'd673395bc4ec4ab4b8aed5524e55797d', 393),
	('9f04ef97481346b69cff686d6da5d220', 'Distinguished Master Guardian', '76be62989290436086ee4fd0d95eceef', 240),
	('9f48bd7e6515420bbc83d73d9126b4fa', NULL, 'f20eee7b30f34f12b8d081a9cb885286', 236),
	('9fdf6001b54f4dfba53eaa3a2292d31b', 'Silver Elite', '76be62989290436086ee4fd0d95eceef', 116),
	('a00154cd7850407e8b69b5a8ad3906e0', 'Silver IV', 'f4c47e11fe934078b9759ced5fe63fd5', 214),
	('a04db196deca471f808a8e156c6b888b', NULL, 'f20eee7b30f34f12b8d081a9cb885286', 111),
	('a04eb66dd74d4d86a7ae4029e4a7a295', NULL, 'f20eee7b30f34f12b8d081a9cb885286', 488),
	('a079118902a5404ebd03f7bdb40a0e84', NULL, '130e7b97ef774f2e8bcead05111b22b8', 466),
	('a0ddf89b86bc44aaa7d76a51167df060', NULL, 'd673395bc4ec4ab4b8aed5524e55797d', 291),
	('a1232c998b474862b7b836c2b28cb14a', 'Diamond I', '0769c7fce824469f87bd67f72ba6d908', 443),
	('a15b6f04f8954b848e4b17563ab68a24', NULL, 'd673395bc4ec4ab4b8aed5524e55797d', 200),
	('a180ba2e5e92400c99018cd4526dd647', 'Silver III', 'f4c47e11fe934078b9759ced5fe63fd5', 310),
	('a18e7a140ca742cc81ddb6bad4d2302d', 'Diamond II', 'f4c47e11fe934078b9759ced5fe63fd5', 336),
	('a1c4477f52e0476caf2387aaf67fc038', 'Legendary Eagle', '76be62989290436086ee4fd0d95eceef', 231),
	('a1d27a92b6a34eaea3de967d0579e1b3', NULL, '130e7b97ef774f2e8bcead05111b22b8', 91),
	('a1dee5e1ba4845dc85952e730fd7037e', NULL, 'd673395bc4ec4ab4b8aed5524e55797d', 147),
	('a20be6bb642547f68c71f735d9853c40', 'Platinum I', 'f4c47e11fe934078b9759ced5fe63fd5', 508),
	('a2781ab298e04e10a96f111117fbc090', NULL, 'd673395bc4ec4ab4b8aed5524e55797d', 261),
	('a2f7efd2ce5548cd8524f0994c9a8f5c', NULL, 'd673395bc4ec4ab4b8aed5524e55797d', 473),
	('a303af873fe5429e88c937186c977437', NULL, '130e7b97ef774f2e8bcead05111b22b8', 393),
	('a35837c0d2c94ed1b68e956cf64a78a6', NULL, '130e7b97ef774f2e8bcead05111b22b8', 369),
	('a378e1fba395476c877f048ea7ebc860', 'Silver I', '76be62989290436086ee4fd0d95eceef', 412),
	('a383f7784e0c4a50adfcba6de6553450', 'Master II', 'f4c47e11fe934078b9759ced5fe63fd5', 510),
	('a3ce3e6b1f8f40eebd926f303311c7f1', NULL, 'd673395bc4ec4ab4b8aed5524e55797d', 454),
	('a3d2e326f3e54659a8226fb8d4d36ab1', 'Master I', 'f4c47e11fe934078b9759ced5fe63fd5', 34),
	('a3fb8f9d4ed94d069288c53f56d9c496', 'Silver IV', 'f4c47e11fe934078b9759ced5fe63fd5', 19),
	('a48dc77295c24c489a9ba570927ebaee', 'Ascendent II', '91e7daf572674e0f9b46e3a4ced706f9', 110),
	('a4a427230ea54008bf714ced926e7031', 'Silver III', '91e7daf572674e0f9b46e3a4ced706f9', 87),
	('a4cfff1c02c547638449a05522fcb111', NULL, 'f20eee7b30f34f12b8d081a9cb885286', 374),
	('a4d04ae8d29f4f27b7e4dd4d3a3c4c5f', 'Silver III', '0769c7fce824469f87bd67f72ba6d908', 392),
	('a53786c9dc1e4c39b43d58c4e982e8ab', NULL, '130e7b97ef774f2e8bcead05111b22b8', 422),
	('a570abb07d6a491bbeda493666e72382', 'The Global Elite', '76be62989290436086ee4fd0d95eceef', 154),
	('a5cc0380b94d4c16ab7a9cf1cca575e0', 'Diamon I', '91e7daf572674e0f9b46e3a4ced706f9', 207),
	('a5d0178d561d4786a9c3271fc79db587', NULL, '130e7b97ef774f2e8bcead05111b22b8', 300),
	('a621c857217542c4b016dbc4ebc357b1', NULL, 'f20eee7b30f34f12b8d081a9cb885286', 505),
	('a6238806d321453ab596f6ac2f5259c5', NULL, '130e7b97ef774f2e8bcead05111b22b8', 19),
	('a642961594904e389644439689069045', 'Master Guardian II', '76be62989290436086ee4fd0d95eceef', 16),
	('a6459c005e374a96a70966588ad9bd28', NULL, 'd673395bc4ec4ab4b8aed5524e55797d', 150),
	('a685846c3a6a451980b32a35e15e1759', 'Iron I', 'f4c47e11fe934078b9759ced5fe63fd5', 41),
	('a6e02ae12dfd4126be5188810b726f37', 'Gold III', 'f4c47e11fe934078b9759ced5fe63fd5', 420),
	('a6e09d35b9cd45c88c60678f0be2596e', 'Grand Champion I', '0769c7fce824469f87bd67f72ba6d908', 182),
	('a6e3c509d8914e0a826c04ea8a4f8c27', NULL, '130e7b97ef774f2e8bcead05111b22b8', 61),
	('a720910fe108475c82d829763bfbb45e', NULL, 'f20eee7b30f34f12b8d081a9cb885286', 411),
	('a74639df24d5446e87369f54e4a39bde', NULL, 'd673395bc4ec4ab4b8aed5524e55797d', 472),
	('a747ec6563a64c838f832dddd1cfbf89', 'Bronze III', '0769c7fce824469f87bd67f72ba6d908', 27),
	('a74cd674d14946a0a5b5c6a78a4f36e9', NULL, 'f20eee7b30f34f12b8d081a9cb885286', 20),
	('a75bd19558da406b947b0bc10397067e', 'Silver IV', '76be62989290436086ee4fd0d95eceef', 169),
	('a7b933ab7bb745f1a0cad71d69b3a5c5', NULL, 'f20eee7b30f34f12b8d081a9cb885286', 490),
	('a7c2b81764f74e4099f1af193e3dc693', 'Diamond III', '91e7daf572674e0f9b46e3a4ced706f9', 42),
	('a7d1393fcb474a8a9a31da217ce4f998', 'Platinum I', '0769c7fce824469f87bd67f72ba6d908', 461),
	('a7d2d0931c824bc78e8bd7ca7146dae6', NULL, 'd673395bc4ec4ab4b8aed5524e55797d', 52),
	('a7ef104436c04740885123c20baba7b9', NULL, 'f20eee7b30f34f12b8d081a9cb885286', 460),
	('a8197f75d7a24106b1d0b4db9cffcbd8', 'Platinum III', '91e7daf572674e0f9b46e3a4ced706f9', 202),
	('a8cc5f21ca144e189f57e4f53bea2791', 'Silver III', '0769c7fce824469f87bd67f72ba6d908', 214),
	('a8f1f3482d074afebd91ad8a2cdccdb6', NULL, '130e7b97ef774f2e8bcead05111b22b8', 101),
	('a9b1e2dbc56941ffb42aadde658f9865', NULL, '130e7b97ef774f2e8bcead05111b22b8', 174),
	('a9c5700b72634639bf43b3cebb5c1cf8', 'Master Guardian Elite', '76be62989290436086ee4fd0d95eceef', 91),
	('a9d88d2c42f0450293b90905f83fd21e', NULL, '130e7b97ef774f2e8bcead05111b22b8', 498),
	('a9de33f96ae349f39c94f1a7bfe150ea', 'Platinum II', 'f4c47e11fe934078b9759ced5fe63fd5', 235),
	('aa16d6e7a1f240b3b3ba3b653614d9d3', NULL, 'd673395bc4ec4ab4b8aed5524e55797d', 481),
	('aa4e7c3ce7304c06bd16b0e3b019bf41', 'Platinum II', '0769c7fce824469f87bd67f72ba6d908', 402),
	('aab4de943f8e4937812e25f1a69c7ae1', NULL, '130e7b97ef774f2e8bcead05111b22b8', 171),
	('aaf113b2f18e445e97f5dc4b8266d5c0', 'Bronze II', '0769c7fce824469f87bd67f72ba6d908', 61),
	('ab677601e1d94257a14b88027b86d31c', 'Inmortal III', '91e7daf572674e0f9b46e3a4ced706f9', 49),
	('ac169d24553341ca89bf147d8bcca832', 'Gold Nova II', '76be62989290436086ee4fd0d95eceef', 476),
	('ac235357194c4bfdbcf8ad3523ebe578', NULL, 'd673395bc4ec4ab4b8aed5524e55797d', 370),
	('ac49e2c4d4764ce0b1c7d11e26ce48bb', NULL, '130e7b97ef774f2e8bcead05111b22b8', 15),
	('ac523c8b80c5450787fd57c5847a3f0a', 'Bronze II', '91e7daf572674e0f9b46e3a4ced706f9', 105),
	('ac545e05637c4327a5f560ab4dd7785f', NULL, '130e7b97ef774f2e8bcead05111b22b8', 33),
	('ac811b82842446ae9edc46be1b3455d2', 'Champion III', '0769c7fce824469f87bd67f72ba6d908', 231),
	('ad1a713969414dcb89de09d3582b0b33', 'Diamon I', '91e7daf572674e0f9b46e3a4ced706f9', 273),
	('ad59d0e076504bef8c31d261d6e0cdb0', 'Master Guardian II', '76be62989290436086ee4fd0d95eceef', 74),
	('ae458f8387fd48e9bf2a81c8069e3fa9', NULL, '130e7b97ef774f2e8bcead05111b22b8', 468),
	('ae559c1496884508aae7bf8cf33a23de', 'Legendary Eagle', '76be62989290436086ee4fd0d95eceef', 338),
	('ae5e857768d845fdada3a2bc2922d3cd', NULL, '130e7b97ef774f2e8bcead05111b22b8', 107),
	('ae6a34375d634b0eb55f7cf414ca870d', NULL, 'd673395bc4ec4ab4b8aed5524e55797d', 79),
	('ae7ae8edeb404a538fc4ccf4d37d7ae0', NULL, 'f20eee7b30f34f12b8d081a9cb885286', 195),
	('aeb6d0727cb242ac8a029f6c61b5cdf6', 'Iron II', '91e7daf572674e0f9b46e3a4ced706f9', 216),
	('af0241ac214e40d1ba67875ea09d856d', NULL, 'd673395bc4ec4ab4b8aed5524e55797d', 343),
	('af16dd407d064283a1a81da94efc72d6', NULL, 'd673395bc4ec4ab4b8aed5524e55797d', 330),
	('af42e83b41dd44c19413313d9e025848', 'Legendary Eagle Master', '76be62989290436086ee4fd0d95eceef', 309),
	('af48fbf0ea394486a6e0c228c6f4ba90', NULL, '130e7b97ef774f2e8bcead05111b22b8', 480),
	('af97b68601b04d0e87011fd58b4b156f', 'Bronze II', '91e7daf572674e0f9b46e3a4ced706f9', 388),
	('afaa688bf80a4ef49ab79e937d998961', NULL, '130e7b97ef774f2e8bcead05111b22b8', 210),
	('b041a620729e418d97b0dcc991cc0b3f', NULL, '130e7b97ef774f2e8bcead05111b22b8', 421),
	('b0a18e0e398c400894fa20bea48a4825', 'Master Guardian Elite', '76be62989290436086ee4fd0d95eceef', 470),
	('b0fc51866f90478aaabb779a930c6bba', NULL, '130e7b97ef774f2e8bcead05111b22b8', 492),
	('b101a5e20141479aa6626c8ea6e7aae2', 'Platinum II', '0769c7fce824469f87bd67f72ba6d908', 435),
	('b18b9c0abcb249819bf30ee292ef660a', NULL, 'd673395bc4ec4ab4b8aed5524e55797d', 129),
	('b1e7d1eef42c477ca868334de73b80d6', 'Gold II', '0769c7fce824469f87bd67f72ba6d908', 355),
	('b1fc57cd77394399bb10915437147d75', 'Silver I', '0769c7fce824469f87bd67f72ba6d908', 349),
	('b21e6e20d370434dad75d0dc87f115a7', NULL, '130e7b97ef774f2e8bcead05111b22b8', 490),
	('b259ca87175045f68463b2728da5fca0', 'Diamond III', '91e7daf572674e0f9b46e3a4ced706f9', 155),
	('b2b32570a2ce4339a2cd7d16f6caa585', 'Master Guardian I', '76be62989290436086ee4fd0d95eceef', 156),
	('b2f75de3611f4d518486a3eca9c28162', 'Silver III', '76be62989290436086ee4fd0d95eceef', 259),
	('b322450bc255457f8cf547f3843b3be3', 'Gold I', '0769c7fce824469f87bd67f72ba6d908', 52),
	('b341ae020cdc4099b3171542ad90a17d', NULL, 'f20eee7b30f34f12b8d081a9cb885286', 462),
	('b3e7e663d8c44846b66b201059dc6280', 'Supersonic Legend', '0769c7fce824469f87bd67f72ba6d908', 506),
	('b4990c965cbf4939bd661c66211b75f4', 'Inmortal II', '91e7daf572674e0f9b46e3a4ced706f9', 340),
	('b4c2edd3cd7d4895875e4637df190001', 'Silver I', 'f4c47e11fe934078b9759ced5fe63fd5', 439),
	('b4dd71772213413890fa2a23d0e3da33', 'Gold I', 'f4c47e11fe934078b9759ced5fe63fd5', 352),
	('b57adfd3a61143d19bf93973071651df', 'Platinum II', '0769c7fce824469f87bd67f72ba6d908', 458),
	('b5a3cdf599a94ac7b9842567a6ed3da1', NULL, 'f20eee7b30f34f12b8d081a9cb885286', 501),
	('b5aed65edcf4468ebaecb3aaeb65f261', 'Silver III', 'f4c47e11fe934078b9759ced5fe63fd5', 72),
	('b5e435f0081048aba5d576a1fe0897af', 'Inmortal II', '91e7daf572674e0f9b46e3a4ced706f9', 238),
	('b615695d7b4440d0b236c3689102aa1d', 'Diamond II', '91e7daf572674e0f9b46e3a4ced706f9', 507),
	('b62eeea6c9844621bf6b86bfeab3f711', 'Iron I', '91e7daf572674e0f9b46e3a4ced706f9', 122),
	('b63b9eb52a77486fb4b2640deaac1f72', NULL, '130e7b97ef774f2e8bcead05111b22b8', 496),
	('b6a991dc99274c15b417413dcbf26877', 'Gold IV', 'f4c47e11fe934078b9759ced5fe63fd5', 263),
	('b6c1502673e24ccc8fe3c80fbbd44087', 'Champion III', '0769c7fce824469f87bd67f72ba6d908', 104),
	('b75837027a1d4632911e2c0f1022e8cd', 'Silver Elite Master', '76be62989290436086ee4fd0d95eceef', 358),
	('b794b5ddfd7c4dfa83f0c1f573d7283d', NULL, '130e7b97ef774f2e8bcead05111b22b8', 167),
	('b7d698dcf04048b5aad06240be710355', NULL, '130e7b97ef774f2e8bcead05111b22b8', 476),
	('b7e4a47e4f954e4d8e0692a385042fb2', 'Ascendent III', '91e7daf572674e0f9b46e3a4ced706f9', 246),
	('b8cacf04ca79446a97a0fb9305d3d7c3', NULL, 'f20eee7b30f34f12b8d081a9cb885286', 262),
	('b8f47c1a170d47c7b5900a84aeba91ce', NULL, 'f20eee7b30f34f12b8d081a9cb885286', 83),
	('b8f6418331824b17a6dcbece343765cf', NULL, '130e7b97ef774f2e8bcead05111b22b8', 10),
	('b8fbfcb8d36540c9b0667d5a9f2faefe', 'Iron II', 'f4c47e11fe934078b9759ced5fe63fd5', 42),
	('b913cffbb50440dfbac0e8e55cb2a1b0', NULL, 'f20eee7b30f34f12b8d081a9cb885286', 464),
	('b92665196a014a42a9d4be3de5b26488', 'Gold III', '91e7daf572674e0f9b46e3a4ced706f9', 153),
	('b942728c49a24383a5fa3099961a4911', 'Platinum III', 'f4c47e11fe934078b9759ced5fe63fd5', 262),
	('b94ea7f5564542b48fa058559e69d626', 'Gold Nova I', '76be62989290436086ee4fd0d95eceef', 310),
	('b984b7ba8a914d399c84eca9d62679ca', NULL, '130e7b97ef774f2e8bcead05111b22b8', 374),
	('ba023397ebeb4613b13c3b32af7f1313', 'Gold Nova III', '76be62989290436086ee4fd0d95eceef', 408),
	('ba61867108474b91aa40c2915853a8ec', NULL, '130e7b97ef774f2e8bcead05111b22b8', 404),
	('ba7f9c07966b449ca58bb614c5210d8f', NULL, 'd673395bc4ec4ab4b8aed5524e55797d', 183),
	('bb011ed60ec54ac59d2bc3df2aed11ed', NULL, 'd673395bc4ec4ab4b8aed5524e55797d', 210),
	('bb5b1a9ac9384e8fb3af7505bde98bad', 'Silver II', '0769c7fce824469f87bd67f72ba6d908', 59),
	('bb7308722ea947bcbd5f3e2d42717f8c', NULL, 'f20eee7b30f34f12b8d081a9cb885286', 268),
	('bb7d1954be9e4a8bbd4f2b4188a51896', NULL, 'f20eee7b30f34f12b8d081a9cb885286', 241),
	('bb8610430a6d4d03b9b874a79b2d24cc', 'Bronze II', '0769c7fce824469f87bd67f72ba6d908', 66),
	('bbee744e34c74fc5a220b5e9bf4bbae5', 'Bronze III', '91e7daf572674e0f9b46e3a4ced706f9', 303),
	('bbfec8a2da764ac083c77327b3801ec4', NULL, '130e7b97ef774f2e8bcead05111b22b8', 479),
	('bc672d4c0a804acd9bd530ec6b5450b5', 'Diamond III', '91e7daf572674e0f9b46e3a4ced706f9', 82),
	('bc6c71512424495ba79596ec5992599f', NULL, '130e7b97ef774f2e8bcead05111b22b8', 277),
	('bcb06052b2654d5aa25122a630155379', NULL, '130e7b97ef774f2e8bcead05111b22b8', 310),
	('bd2634a5d8f0446bba46c693c19f30e6', 'Silver III', '0769c7fce824469f87bd67f72ba6d908', 347),
	('bd27d7f88191404fb4def19f4080d6ea', 'Grand Master IV', 'f4c47e11fe934078b9759ced5fe63fd5', 299),
	('bd4a69a7ecd7478086c7b66c44dd464a', 'Gold IV', 'f4c47e11fe934078b9759ced5fe63fd5', 404),
	('bd7d1b53d14a4719aadcc196d2e1ecee', 'Silver III', '76be62989290436086ee4fd0d95eceef', 388),
	('be176abf4958477381d621c5ef84a2a7', NULL, 'f20eee7b30f34f12b8d081a9cb885286', 498),
	('be1a859f1b454551b3c179cf5550d753', NULL, 'f20eee7b30f34f12b8d081a9cb885286', 53),
	('be366ee633a448fdaae64e126b3f81e1', 'Master Guardian II', '76be62989290436086ee4fd0d95eceef', 8),
	('be370672f7c34e24ae6952c20ec0d7b8', NULL, '130e7b97ef774f2e8bcead05111b22b8', 21),
	('be4c2805dde64a928b6607fed7a18aa0', 'Silver III', 'f4c47e11fe934078b9759ced5fe63fd5', 390),
	('be5c03b8df46407aa8f2a83712ddf0b9', 'Iron III', '91e7daf572674e0f9b46e3a4ced706f9', 34),
	('be826528a01343b88e7e882a88dafec5', NULL, 'd673395bc4ec4ab4b8aed5524e55797d', 431),
	('beca181b4dcf438a8464849f96e93b7c', NULL, '130e7b97ef774f2e8bcead05111b22b8', 81),
	('bf17915821394902a49e84a5d3d6c75f', NULL, '130e7b97ef774f2e8bcead05111b22b8', 71),
	('bf891c9b4c2140ebbb672b6d8c9ad17d', NULL, 'f20eee7b30f34f12b8d081a9cb885286', 393),
	('bfee1ab281aa4cd1aeed3ece83e53aec', 'Iron III', 'f4c47e11fe934078b9759ced5fe63fd5', 251),
	('bff92fbe59514ab4bd4d1f9881cded26', NULL, '130e7b97ef774f2e8bcead05111b22b8', 317),
	('bffdfcf57991419f8fe09dddfa7820ab', 'Iron III', 'f4c47e11fe934078b9759ced5fe63fd5', 177),
	('c0020d2086cf4dac8b5bfaa4c354c2cd', 'Gold I', '91e7daf572674e0f9b46e3a4ced706f9', 383),
	('c05035f0ec704dc8bae2c204e1114f67', 'Gold Nova II', '76be62989290436086ee4fd0d95eceef', 405),
	('c074028841dc46f39d0d3b7481300a40', 'Silver III', '91e7daf572674e0f9b46e3a4ced706f9', 217),
	('c0b3edd5e01f425da72c560377f15db3', 'Gold Nova III', '76be62989290436086ee4fd0d95eceef', 423),
	('c12be6f221f44b6cbfb7adce3685c1f7', NULL, 'f20eee7b30f34f12b8d081a9cb885286', 408),
	('c1e0aec5f62146cbbcfc034cc2778054', NULL, 'd673395bc4ec4ab4b8aed5524e55797d', 39),
	('c203cee3debb4b27ace9d5c8980183f2', 'Master Guardian II', '76be62989290436086ee4fd0d95eceef', 437),
	('c20ec9f9b074409fba05bfa08c9d0939', NULL, 'd673395bc4ec4ab4b8aed5524e55797d', 487),
	('c247da8348974581931cccc8242d88d5', 'Master Guardian II', '76be62989290436086ee4fd0d95eceef', 343),
	('c25b2e2867ed4488b7ed08c63a974765', NULL, 'd673395bc4ec4ab4b8aed5524e55797d', 149),
	('c27364c1d09343d3ab328234bb5257ea', NULL, 'd673395bc4ec4ab4b8aed5524e55797d', 229),
	('c28ee3e4241842abb04aefb7eab3d333', 'Iron I', 'f4c47e11fe934078b9759ced5fe63fd5', 33),
	('c2a211a8f1de48418fbdae5bc944790f', 'Gold Nova Master', '76be62989290436086ee4fd0d95eceef', 233),
	('c3953d3153d14adba57d31cb2320ffac', 'Silver Elite Master', '76be62989290436086ee4fd0d95eceef', 103),
	('c3dd40278ca94f3888978253d2c3b0ff', 'Gold Nova I', '76be62989290436086ee4fd0d95eceef', 184),
	('c3eb4fefcbe441cebb7972f8e8262818', 'Champion II', '0769c7fce824469f87bd67f72ba6d908', 395),
	('c41214d70303472b8c838590fe21f1ea', NULL, 'd673395bc4ec4ab4b8aed5524e55797d', 38),
	('c44140fc97f24fc3a57c2a186ea3048c', NULL, 'f20eee7b30f34f12b8d081a9cb885286', 170),
	('c45a521c2d744ee583a7b08030566717', 'Gold Nova I', '76be62989290436086ee4fd0d95eceef', 200),
	('c4c9c77027744b4a8a9f57e1e6f018b2', NULL, 'd673395bc4ec4ab4b8aed5524e55797d', 257),
	('c4cc3fc1c3014c4eab35f474fa49e914', 'Diamond III', '91e7daf572674e0f9b46e3a4ced706f9', 496),
	('c4d960a3d10d46df8261b2f2313acf73', 'Diamond III', '0769c7fce824469f87bd67f72ba6d908', 153),
	('c4fa804048124ad08837a79986b96915', 'Gold III', '91e7daf572674e0f9b46e3a4ced706f9', 9),
	('c50e250c6eb54c8086e7ec5d93fd1a42', 'The Global Elite', '76be62989290436086ee4fd0d95eceef', 508),
	('c54ea8b435fb419ab96cda66206df3b5', NULL, 'f20eee7b30f34f12b8d081a9cb885286', 75),
	('c560967d0fc34ab2b841a6cbb4ef161a', 'Grand Master II', 'f4c47e11fe934078b9759ced5fe63fd5', 372),
	('c5635bea01cc459590360f9299b08c4c', NULL, '130e7b97ef774f2e8bcead05111b22b8', 127),
	('c5b84b6f2c28471e9b5fb03bab6c88b2', 'Diamond III', '0769c7fce824469f87bd67f72ba6d908', 495),
	('c5bffae551b249df88553683db5ecb43', NULL, '130e7b97ef774f2e8bcead05111b22b8', 203),
	('c5fa73861b634d1f88b0a01e93632e8f', NULL, 'f20eee7b30f34f12b8d081a9cb885286', 317),
	('c60ba6c804e64cbbbe890afbb2177c06', NULL, 'd673395bc4ec4ab4b8aed5524e55797d', 421),
	('c613083a6f254eefaf6cfdc9bf6bfb6f', NULL, '130e7b97ef774f2e8bcead05111b22b8', 346),
	('c61bd6a817854aefb42c6404ceecdfcc', NULL, 'd673395bc4ec4ab4b8aed5524e55797d', 100),
	('c61cc02849694a948434175405f99e41', 'Diamon I', '91e7daf572674e0f9b46e3a4ced706f9', 332),
	('c67eae912dc745859c2ed0428692003f', NULL, 'f20eee7b30f34f12b8d081a9cb885286', 255),
	('c6883ab0cf244371a7ecbc8a8d6cc388', 'Silver IV', 'f4c47e11fe934078b9759ced5fe63fd5', 496),
	('c6899387bcca4b5c926db325ffaafc30', NULL, 'd673395bc4ec4ab4b8aed5524e55797d', 81),
	('c6b5ee4af74f4e51afee069405c4d9ce', 'Gold I', 'f4c47e11fe934078b9759ced5fe63fd5', 269),
	('c6cdcdb477b94273820826bbe6062913', NULL, 'd673395bc4ec4ab4b8aed5524e55797d', 280),
	('c6fc02315f674da6be14b15b65a8b606', NULL, 'd673395bc4ec4ab4b8aed5524e55797d', 344),
	('c70ec47890b74b98bb3a2b60f8906a81', NULL, '130e7b97ef774f2e8bcead05111b22b8', 504),
	('c7242b2f986147b3a690e8e35cf8163f', 'Gold IV', 'f4c47e11fe934078b9759ced5fe63fd5', 403),
	('c776f30c0c144d11bd5d206eff125aae', NULL, '130e7b97ef774f2e8bcead05111b22b8', 437),
	('c7af8cfd83424258838192d683758485', NULL, 'd673395bc4ec4ab4b8aed5524e55797d', 201),
	('c7b52fc6b62c428a910bb3fafca9c238', NULL, '130e7b97ef774f2e8bcead05111b22b8', 241),
	('c7d6017a979f485bad4278b33a829ab2', NULL, 'f20eee7b30f34f12b8d081a9cb885286', 431),
	('c80da1afb39c4a02b1b73125c207c3f4', 'Champion II', '0769c7fce824469f87bd67f72ba6d908', 173),
	('c855aa4979f442ca8151e5f194da9835', 'Silver II', '91e7daf572674e0f9b46e3a4ced706f9', 19),
	('c8648a5e70ea473e96f3353464a77686', NULL, '130e7b97ef774f2e8bcead05111b22b8', 211),
	('c869e8f0dbb2453a8fa51880c81cd80d', 'Diamond III', '0769c7fce824469f87bd67f72ba6d908', 47),
	('c8c9c7436ce14f63b29e839cdac936e5', 'Inmortal III', '91e7daf572674e0f9b46e3a4ced706f9', 259),
	('c917ed8b95b047cbb5ad019748c36f48', NULL, 'f20eee7b30f34f12b8d081a9cb885286', 483),
	('c9615fc07ece4b2bbc44a5ee61523768', NULL, '130e7b97ef774f2e8bcead05111b22b8', 162),
	('c9752dd31ec14f4ca645a1507634650c', 'Challenger', 'f4c47e11fe934078b9759ced5fe63fd5', 178),
	('c976c55670a34194b82bd4b83a59fd83', 'Distinguished Master Guardian', '76be62989290436086ee4fd0d95eceef', 125),
	('c992fb9b694a4ecc9c2158cdfc19831d', 'Master III', 'f4c47e11fe934078b9759ced5fe63fd5', 294),
	('c9f33a76b2a44c50a0970c576bef24f0', NULL, 'd673395bc4ec4ab4b8aed5524e55797d', 469),
	('ca1abf9cdd9045048f0bef729c5f6c69', 'Iron III', 'f4c47e11fe934078b9759ced5fe63fd5', 433),
	('ca25d44a0f6a4a8d96fbddd5558b6033', NULL, 'd673395bc4ec4ab4b8aed5524e55797d', 2),
	('ca2ff757e40641bdbe3d760edae745f8', 'Champion III', '0769c7fce824469f87bd67f72ba6d908', 108),
	('ca603ecf2a5a4af4bcab4c405232bf03', 'Ascendent III', '91e7daf572674e0f9b46e3a4ced706f9', 304),
	('ca79de11d44c405fbb56fcdc766f7681', NULL, 'd673395bc4ec4ab4b8aed5524e55797d', 476),
	('cb007ee179054f26a742c7d457a37dfe', 'Diamond I', '0769c7fce824469f87bd67f72ba6d908', 72),
	('cb426a2fb924491da1c518228071bec1', 'Gold Nova II', '76be62989290436086ee4fd0d95eceef', 131),
	('cb90965604974101b469862f9e9ee5bc', NULL, 'd673395bc4ec4ab4b8aed5524e55797d', 73),
	('cbc366e9214d47d89f03687c1d2f1811', NULL, '130e7b97ef774f2e8bcead05111b22b8', 411),
	('cbc8e0eaefec4e8bb4973c10517135b9', NULL, 'f20eee7b30f34f12b8d081a9cb885286', 319),
	('cbfd3422a25e463e9a382d2b8aee7b4b', 'Bronze IV', 'f4c47e11fe934078b9759ced5fe63fd5', 482),
	('cc04980d819644caa8d0cb29bc79a56e', NULL, '130e7b97ef774f2e8bcead05111b22b8', 150),
	('cc4401a21aee49038ea023978a459941', 'Master I', 'f4c47e11fe934078b9759ced5fe63fd5', 250),
	('cc4cfeb792db4fa896dce3935f8b4388', NULL, 'f20eee7b30f34f12b8d081a9cb885286', 108),
	('cc8dd108b43b46988457ab95c5dbf896', NULL, 'f20eee7b30f34f12b8d081a9cb885286', 93),
	('cca248681afe4ee7ac5139c98ff6fc97', 'Master III', 'f4c47e11fe934078b9759ced5fe63fd5', 104),
	('ccb9b113aff74ed79120e95f351c08c5', NULL, 'd673395bc4ec4ab4b8aed5524e55797d', 453),
	('cce3f9ffbe5e48edbdf7df77d95db989', 'Bronze IV', 'f4c47e11fe934078b9759ced5fe63fd5', 415),
	('ccfa3bfb947c4b5da26adfaedeb47ff8', 'Silver Elite', '76be62989290436086ee4fd0d95eceef', 12),
	('cd202d98bd004f21be3b5e8dc62afbf0', 'Gold Nova I', '76be62989290436086ee4fd0d95eceef', 18),
	('cd5a6a95571b4211801721bf34bffe99', 'Gold Nova II', '76be62989290436086ee4fd0d95eceef', 417),
	('cd68fa24fd46429c9cfb899bb006b0ca', 'Legendary Eagle Master', '76be62989290436086ee4fd0d95eceef', 53),
	('cd74f7ecc20849bf9df57ca34641f049', 'Bronze I', '0769c7fce824469f87bd67f72ba6d908', 211),
	('cddc8a1e33aa4cb38fb6af9c83921998', 'Gold Nova I', '76be62989290436086ee4fd0d95eceef', 254),
	('ce53d3291ab94ad9931565615fc39e06', 'Champion III', '0769c7fce824469f87bd67f72ba6d908', 240),
	('ce5a77bc6db34124b8f4d010c4084419', 'Distinguished Master Guardian', '76be62989290436086ee4fd0d95eceef', 452),
	('ce676e463cee4c278a78788c3157c5c0', NULL, 'f20eee7b30f34f12b8d081a9cb885286', 280),
	('ce82fd8b8204439c9d5f1dff39fafd23', 'Platinum II', 'f4c47e11fe934078b9759ced5fe63fd5', 329),
	('ce8ab65dd5494e2d90c6b91313db082e', 'Gold Nova III', '76be62989290436086ee4fd0d95eceef', 271),
	('cec310109e5a43648c709b19da956155', 'Diamond III', '91e7daf572674e0f9b46e3a4ced706f9', 115),
	('cf66f7f3d5124b3d86224331fb8d5e74', NULL, '130e7b97ef774f2e8bcead05111b22b8', 68),
	('cf783f9486f84133aa37a20a7b14ac73', NULL, '130e7b97ef774f2e8bcead05111b22b8', 292),
	('cf7ecfafdeb54dae80a3a16e25fbe7a7', NULL, 'd673395bc4ec4ab4b8aed5524e55797d', 314),
	('cf8ebf8c9a484e1d87b8379ec2b0832c', 'Gold I', '91e7daf572674e0f9b46e3a4ced706f9', 424),
	('cff36eedf15c488188b774d80b29988b', 'Legendary Eagle', '76be62989290436086ee4fd0d95eceef', 402),
	('d05b31c22adf4668b63cff2b74b96e07', 'Inmortal I', '91e7daf572674e0f9b46e3a4ced706f9', 182),
	('d091dd5fc66a4126a8c4c22844b24e95', NULL, 'f20eee7b30f34f12b8d081a9cb885286', 412),
	('d0c0fd1c3a534256a56cb6383350abe7', NULL, 'd673395bc4ec4ab4b8aed5524e55797d', 451),
	('d0cf4424a93d4d989dabc41b21f85ff9', 'Gold III', '91e7daf572674e0f9b46e3a4ced706f9', 337),
	('d161a7694fa34ca9af0144e5cd61cf7b', NULL, 'f20eee7b30f34f12b8d081a9cb885286', 333),
	('d19a28723c3741bf887812f52bb22abd', 'Silver II', '76be62989290436086ee4fd0d95eceef', 293),
	('d1d1cabc6dcd4fdca0f1346a5d358235', 'Bronze I', '91e7daf572674e0f9b46e3a4ced706f9', 224),
	('d1db7201a4ad4a4286e935987afdacf7', 'Diamond I', 'f4c47e11fe934078b9759ced5fe63fd5', 366),
	('d1e97fc38d1145159ed13d3ae85c28b9', 'Gold I', '0769c7fce824469f87bd67f72ba6d908', 177),
	('d1ecb0d5df5e400086abc00d84136c9e', 'Platinum II', '0769c7fce824469f87bd67f72ba6d908', 85),
	('d1f6bdfdddc84b91b1c9ac0879252512', 'Gold I', '0769c7fce824469f87bd67f72ba6d908', 53),
	('d1f786e561824cd78c27fd98368cf3d2', 'Grand Champion III', '0769c7fce824469f87bd67f72ba6d908', 83),
	('d1fcc0bcda0542a599c795bfb56fc23a', 'Silver III', '91e7daf572674e0f9b46e3a4ced706f9', 423),
	('d242047587af4901afba4b770f4f02c5', 'Grand Champion I', '0769c7fce824469f87bd67f72ba6d908', 503),
	('d243e2775bc64064b5fdb67f3cbf86aa', NULL, 'd673395bc4ec4ab4b8aed5524e55797d', 36),
	('d267db0d5a0147df9025b6e8e3ca662a', 'Silver III', 'f4c47e11fe934078b9759ced5fe63fd5', 454),
	('d26ca8af20ff4d9ba14180844d038588', NULL, 'f20eee7b30f34f12b8d081a9cb885286', 187),
	('d2cda15114664223b5fa2323deaefc0a', NULL, 'd673395bc4ec4ab4b8aed5524e55797d', 493),
	('d2e3bf492b1740aca90da0c1ae0a7ccc', NULL, '130e7b97ef774f2e8bcead05111b22b8', 197),
	('d313c0fb3680493db0b241b26afb6e42', 'Diamond III', '91e7daf572674e0f9b46e3a4ced706f9', 262),
	('d3192fee6338426aa8ba9f65ed18b586', NULL, 'f20eee7b30f34f12b8d081a9cb885286', 295),
	('d3d2d5c752e74675b525dfb106755309', NULL, 'f20eee7b30f34f12b8d081a9cb885286', 161),
	('d4a0f73bb9634916adb3d1b1a568ec6a', 'Grand Master II', 'f4c47e11fe934078b9759ced5fe63fd5', 340),
	('d4b10e6838594723a036dd37e67c69bb', 'Grand Champion II', '0769c7fce824469f87bd67f72ba6d908', 136),
	('d51dbd5b17044575822c39e3ba665967', NULL, 'f20eee7b30f34f12b8d081a9cb885286', 243),
	('d52e707e448e48f78217c334b0ceb079', 'Silver I', '76be62989290436086ee4fd0d95eceef', 348),
	('d5499192561749d88f7acafa01313eac', NULL, 'd673395bc4ec4ab4b8aed5524e55797d', 494),
	('d55428897e8e4a79b6a4d409d548a802', NULL, '130e7b97ef774f2e8bcead05111b22b8', 298),
	('d5804a972f174c888eec99af0e890dde', 'Silver IV', '76be62989290436086ee4fd0d95eceef', 435),
	('d5d83e8e115c41cfb17553281f1e82cd', 'Master Guardian II', '76be62989290436086ee4fd0d95eceef', 327),
	('d63530eef85a4981b1ab98bdc8ac205b', 'Platinum III', '91e7daf572674e0f9b46e3a4ced706f9', 219),
	('d6ae5d1c2f82402986c84b86b0fb415c', 'Iron I', 'f4c47e11fe934078b9759ced5fe63fd5', 391),
	('d6be0a42baa44d24b34985ea2f863b4d', NULL, '130e7b97ef774f2e8bcead05111b22b8', 183),
	('d6d68665ad9342c49b710f5f44010250', NULL, 'd673395bc4ec4ab4b8aed5524e55797d', 342),
	('d6ee5c2b8f97434d871dda73108ebe4f', 'Master I', 'f4c47e11fe934078b9759ced5fe63fd5', 438),
	('d74003fe0c9841b8b12822e5da72aa40', 'Iron II', 'f4c47e11fe934078b9759ced5fe63fd5', 444),
	('d7524e63b350487588984e38b66fd975', 'Gold II', '0769c7fce824469f87bd67f72ba6d908', 109),
	('d7b38695600d421482364f55793faa55', NULL, '130e7b97ef774f2e8bcead05111b22b8', 134),
	('d82347ffd310446aae1f2db5aedb6b79', NULL, '130e7b97ef774f2e8bcead05111b22b8', 289),
	('d86d5687da424bae97273c9957a29eb9', NULL, 'f20eee7b30f34f12b8d081a9cb885286', 140),
	('d8d2042fbb92454d9f989ef15b6189f8', NULL, 'd673395bc4ec4ab4b8aed5524e55797d', 228),
	('d8e486794b034e1995728b986914b501', 'Supreme Master First Class', '76be62989290436086ee4fd0d95eceef', 472),
	('d9519925818e4b3fb496964e7d93345e', NULL, '130e7b97ef774f2e8bcead05111b22b8', 459),
	('d96038f2504943d8918d1dddb2b5000b', NULL, 'f20eee7b30f34f12b8d081a9cb885286', 419),
	('d96455e5619845109af7c417f19c36cd', NULL, 'd673395bc4ec4ab4b8aed5524e55797d', 213),
	('d98bee13715740fdb6de631b6d4de5ff', 'Diamond II', '91e7daf572674e0f9b46e3a4ced706f9', 370),
	('d9cebb4705834ce3b395d46d7776663b', NULL, '130e7b97ef774f2e8bcead05111b22b8', 419),
	('da58d9243c0b4e9a9be145f5f4807dff', NULL, 'd673395bc4ec4ab4b8aed5524e55797d', 168),
	('da79b32ded6a4d1fbd69baf71d522108', NULL, '130e7b97ef774f2e8bcead05111b22b8', 309),
	('dac2522e01a244e5b6f69ae66d24ea45', 'Ascendent II', '91e7daf572674e0f9b46e3a4ced706f9', 37),
	('db515cb3ceb747afb96ea6a400e1bd3b', 'Silver Elite Master', '76be62989290436086ee4fd0d95eceef', 318),
	('db5388cf3de24f04879142c62057e42e', 'Gold II', '91e7daf572674e0f9b46e3a4ced706f9', 154),
	('dbcca8d0ef4d4aada45188127365cde4', 'Gold Nova II', '76be62989290436086ee4fd0d95eceef', 276),
	('dbef31efb80e407985da4217070b3e27', 'Diamon I', '91e7daf572674e0f9b46e3a4ced706f9', 215),
	('dbfa830c57324cd48c6d7ab542c979ce', 'Supreme Master First Class', '76be62989290436086ee4fd0d95eceef', 302),
	('dcd67d460bf549e1a7c595c2dace9306', 'Ascendent II', '91e7daf572674e0f9b46e3a4ced706f9', 482),
	('ddda0a8377fb4350a7dee39c77e487cc', 'Bronze III', '91e7daf572674e0f9b46e3a4ced706f9', 161),
	('de0ce177f6ec4751b372f5a183c55892', 'Grand Master III', 'f4c47e11fe934078b9759ced5fe63fd5', 328),
	('de3f51779d9b4e5b868b97d33ca89f24', 'Distinguished Master Guardian', '76be62989290436086ee4fd0d95eceef', 134),
	('de42fbaf8668428d99e68cc4c97bcf1c', 'Iron III', '91e7daf572674e0f9b46e3a4ced706f9', 176),
	('deb9d310aca4451897b63c0448917698', 'Distinguished Master Guardian', '76be62989290436086ee4fd0d95eceef', 206),
	('debddebece7a4ab58f7f9eb6d6124990', NULL, 'd673395bc4ec4ab4b8aed5524e55797d', 111),
	('debee66097c54194914b58361241d443', NULL, '130e7b97ef774f2e8bcead05111b22b8', 362),
	('def87d3129904a24955f68df8d673178', 'Grand Champion I', '0769c7fce824469f87bd67f72ba6d908', 143),
	('df909239e6e34c0392ff1bbd8b1c27bf', NULL, 'd673395bc4ec4ab4b8aed5524e55797d', 51),
	('dfa01811cd4d4419a6589cc9e71278d1', 'Silver III', '0769c7fce824469f87bd67f72ba6d908', 456),
	('dfb16d801da34bc4bf305c62d4c1447e', 'Platinum III', '0769c7fce824469f87bd67f72ba6d908', 294),
	('dfea2bfc969148beb4bb18a51e2e035e', 'Bronze III', '0769c7fce824469f87bd67f72ba6d908', 512),
	('e004b55f04ad49b090e554b5c84ab968', NULL, 'd673395bc4ec4ab4b8aed5524e55797d', 89),
	('e07f8fb4a38d49dba4c270649463a470', 'Champion II', '0769c7fce824469f87bd67f72ba6d908', 75),
	('e0ad5fee154e474c909ad0a91a45f076', NULL, 'd673395bc4ec4ab4b8aed5524e55797d', 323),
	('e0f034bf098048d89beebc580b024e6a', NULL, '130e7b97ef774f2e8bcead05111b22b8', 461),
	('e11f6ef8bf57436aaa4d1a8e8a4d6e01', 'Iron III', '91e7daf572674e0f9b46e3a4ced706f9', 167),
	('e12c2eb715c54590857f1b055c308dd0', NULL, 'f20eee7b30f34f12b8d081a9cb885286', 234),
	('e14701316d5c4eac832ef7053a075e84', NULL, '130e7b97ef774f2e8bcead05111b22b8', 221),
	('e1acd5cb13da423384b2e17273019c3a', 'Master I', 'f4c47e11fe934078b9759ced5fe63fd5', 481),
	('e20bf32397bf43f1bdfac09c85fb9af6', NULL, '130e7b97ef774f2e8bcead05111b22b8', 291),
	('e22eb571f6aa48c685478dd383ef4c1f', NULL, 'd673395bc4ec4ab4b8aed5524e55797d', 185),
	('e24ab8cb372d4b3fa6547f1c597fc7cf', NULL, 'f20eee7b30f34f12b8d081a9cb885286', 82),
	('e27357ee23e84849a73b8fe9a9cd2a20', 'Iron II', '91e7daf572674e0f9b46e3a4ced706f9', 323),
	('e27d46c2a7b94b00afc7dc9455f7f801', NULL, 'f20eee7b30f34f12b8d081a9cb885286', 331),
	('e27e6b3a66644cbbaaed1d17d77dc5ff', NULL, 'd673395bc4ec4ab4b8aed5524e55797d', 16),
	('e28ad96bda6146099eba151748dd5c6c', 'Radiant', '91e7daf572674e0f9b46e3a4ced706f9', 357),
	('e2a67c6d4fea4ccebb2a9d90f13f26c2', NULL, 'd673395bc4ec4ab4b8aed5524e55797d', 324),
	('e2b98af28d9a4fe0856e9bf9adb78116', NULL, 'f20eee7b30f34f12b8d081a9cb885286', 410),
	('e35b2750998f453481967b49cfd983a9', NULL, 'f20eee7b30f34f12b8d081a9cb885286', 511),
	('e3a7cca3e6e54354b1210f5d9639bd99', 'Master III', 'f4c47e11fe934078b9759ced5fe63fd5', 103),
	('e3fb363fe4e442fe9717bac22db456fa', 'Silver III', 'f4c47e11fe934078b9759ced5fe63fd5', 253),
	('e468aee9b7ad4a1f84460ffdb01d26fe', NULL, '130e7b97ef774f2e8bcead05111b22b8', 178),
	('e487296f92174b19b9b2d936e1e34485', 'Grand Master IV', 'f4c47e11fe934078b9759ced5fe63fd5', 416),
	('e4d2037c77da4b018b32ab36c3b81bc8', NULL, '130e7b97ef774f2e8bcead05111b22b8', 123),
	('e4d697d8d00e4e7abf59fccdbabad447', 'Master Guardian I', '76be62989290436086ee4fd0d95eceef', 148),
	('e4dd2a17e1b1440383cb2c6f67f00047', NULL, '130e7b97ef774f2e8bcead05111b22b8', 169),
	('e539e1cda3214ace8fc9f2a6d374de53', NULL, '130e7b97ef774f2e8bcead05111b22b8', 484),
	('e55fdd2310884d7784cec8369cccb9f3', NULL, 'd673395bc4ec4ab4b8aed5524e55797d', 382),
	('e575a261f3c14af0a9c281e7ccf0d8ca', 'Platinum II', '0769c7fce824469f87bd67f72ba6d908', 438),
	('e5c2eb0bbb49443a9b94a8a69773d2e4', NULL, 'f20eee7b30f34f12b8d081a9cb885286', 298),
	('e5e72f90904a486d8fad99c8580b3f2a', 'Gold II', '91e7daf572674e0f9b46e3a4ced706f9', 390),
	('e600518f716f4b1eb031e2e127f178c7', 'Gold Nova I', '76be62989290436086ee4fd0d95eceef', 183),
	('e69bec36b26f48b5a1de1e6c435ef5f8', 'Grand Master II', 'f4c47e11fe934078b9759ced5fe63fd5', 327),
	('e6bcae86f1d340528afc822cba25ad88', 'Master Guardian Elite', '76be62989290436086ee4fd0d95eceef', 394),
	('e6c0b9ba0b7a4cf7be973dc7b7e56967', 'Platinum II', '0769c7fce824469f87bd67f72ba6d908', 390),
	('e6df467265004400abc6cdad4965cda7', 'Master Guardian Elite', '76be62989290436086ee4fd0d95eceef', 291),
	('e6e4d687446f4178a82a820c506e67cc', NULL, 'f20eee7b30f34f12b8d081a9cb885286', 430),
	('e70180fb4cc541048bcd02c3477c9d1c', NULL, '130e7b97ef774f2e8bcead05111b22b8', 469),
	('e710ab40b2b145359bd50cf3d57a7bec', NULL, '130e7b97ef774f2e8bcead05111b22b8', 163),
	('e7929fc0b3c4406faa7e831a3de01bb3', 'Bronze III', 'f4c47e11fe934078b9759ced5fe63fd5', 472),
	('e794fdc4f80d43dd8e67cb95c810bdde', NULL, 'f20eee7b30f34f12b8d081a9cb885286', 207),
	('e7c31df1d7b742ceb34e555e6db4e209', 'Platinum III', 'f4c47e11fe934078b9759ced5fe63fd5', 464),
	('e8041382a009429dabcf4125a4d03345', 'Master Guardian II', '76be62989290436086ee4fd0d95eceef', 245),
	('e83b875f73cb4450b5ba36563ac92c91', NULL, 'd673395bc4ec4ab4b8aed5524e55797d', 42),
	('e84534ff5f8643c593a7746180aa35bb', 'Platinum III', '0769c7fce824469f87bd67f72ba6d908', 472),
	('e8bd5080643840c2a2bf651aaa22e678', NULL, 'd673395bc4ec4ab4b8aed5524e55797d', 215),
	('e8cf6363592f453b87a343d82c627c8b', 'Master III', 'f4c47e11fe934078b9759ced5fe63fd5', 424),
	('e901859a59f6410bbb8cc97f6d449e35', 'Iron II', '91e7daf572674e0f9b46e3a4ced706f9', 63),
	('e906a64827314fa483239b95b16b0639', 'Bronze II', '0769c7fce824469f87bd67f72ba6d908', 207),
	('e93c915f66e249659a5413b5abd2bdfa', NULL, 'f20eee7b30f34f12b8d081a9cb885286', 475),
	('e972eb608cf24671b9ccdda120ef53dd', NULL, '130e7b97ef774f2e8bcead05111b22b8', 46),
	('e9a76afb00be42d9aa252eab3fcec4df', 'Diamond III', '91e7daf572674e0f9b46e3a4ced706f9', 377),
	('e9c0b374474748deb3de25e6aabe6f88', NULL, 'd673395bc4ec4ab4b8aed5524e55797d', 445),
	('e9cd65bab18145e2a658006b2128b97f', 'Bronze I', '91e7daf572674e0f9b46e3a4ced706f9', 504),
	('e9d033fdbe2c4ef2acdb14635e710885', NULL, 'f20eee7b30f34f12b8d081a9cb885286', 44),
	('e9d29f7802ef4d5dab20e7a94f326605', NULL, 'd673395bc4ec4ab4b8aed5524e55797d', 179),
	('e9d8f4d2f1f84c48a4fd612d0edf788a', 'Master Guardian Elite', '76be62989290436086ee4fd0d95eceef', 65),
	('ea28a76db60a4312b0436acbd85f34f9', NULL, 'f20eee7b30f34f12b8d081a9cb885286', 344),
	('ea4869a4b2244d129478ca3b764f2606', NULL, 'd673395bc4ec4ab4b8aed5524e55797d', 488),
	('ea49b978036b4466be802f7c53b26783', 'Bronze II', '91e7daf572674e0f9b46e3a4ced706f9', 349),
	('ea76a5335b3c4e0282b02f95c44d9418', NULL, 'd673395bc4ec4ab4b8aed5524e55797d', 192),
	('eac1c4c03a454c83b0de4926bd3b6e31', 'Ascendent III', '91e7daf572674e0f9b46e3a4ced706f9', 392),
	('eb2786f31a06475d935831132a9d6115', 'Gold III', 'f4c47e11fe934078b9759ced5fe63fd5', 347),
	('eb71f11c8a8d4c97820981e31dbc185f', 'Silver Elite', '76be62989290436086ee4fd0d95eceef', 238),
	('eb8e9fcda6a945c580a2dbbbf36b6e4c', NULL, '130e7b97ef774f2e8bcead05111b22b8', 271),
	('eb9f85b56a2349d987c705236165a805', 'Distinguished Master Guardian', '76be62989290436086ee4fd0d95eceef', 61),
	('ebc610cf626146bf9eb022ef930aae52', 'Bronze II', '0769c7fce824469f87bd67f72ba6d908', 470),
	('ebd1e729834740908f07fb06f829f726', NULL, 'f20eee7b30f34f12b8d081a9cb885286', 152),
	('ebe8551d71fd43eebbef8cbc860594d4', 'Diamond II', '91e7daf572674e0f9b46e3a4ced706f9', 184),
	('ec84527d54fd4270b7337cb8d5d10c14', NULL, 'd673395bc4ec4ab4b8aed5524e55797d', 110),
	('eca37d889b984905808add7802032d65', 'Bronze II', '0769c7fce824469f87bd67f72ba6d908', 336),
	('ecd544c94d16423c9effb0194af4f1a9', NULL, '130e7b97ef774f2e8bcead05111b22b8', 140),
	('ece43a5a05bf4b28bba29ca27c447e31', 'Platinum II', '0769c7fce824469f87bd67f72ba6d908', 424),
	('ed1bbfd1d84849a8a08c1a5795671412', 'Gold Nova II', '76be62989290436086ee4fd0d95eceef', 321),
	('ed38917c741b4620b1aab0781b7ac5a8', 'Diamond III', 'f4c47e11fe934078b9759ced5fe63fd5', 457),
	('ed652519756c44679aa31770b69d36a6', 'Gold Nova Master', '76be62989290436086ee4fd0d95eceef', 341),
	('ee09da984964456eadeb5763ce5e7c2b', NULL, '130e7b97ef774f2e8bcead05111b22b8', 74),
	('ee143d3e06514632a102c664ec572ada', NULL, 'd673395bc4ec4ab4b8aed5524e55797d', 90),
	('ee19b06c5d1a49c286f2f82e499bcf14', 'Bronze IV', 'f4c47e11fe934078b9759ced5fe63fd5', 425),
	('ee26fcd37b6f462d8ff1fb7b2975187a', 'Gold III', 'f4c47e11fe934078b9759ced5fe63fd5', 149),
	('ee60b31d5d504ecf95b54e7d83f49693', NULL, '130e7b97ef774f2e8bcead05111b22b8', 361),
	('ee8d30b98486487dbf0dc68d205aa4ba', 'Gold I', 'f4c47e11fe934078b9759ced5fe63fd5', 131),
	('ee94cf260d8d4b16aee8c89cc190ddae', 'Grand Champion II', '0769c7fce824469f87bd67f72ba6d908', 451),
	('eeb8bef83509483a8856eccf12b7a342', NULL, 'f20eee7b30f34f12b8d081a9cb885286', 289),
	('eed70ea3009b484f890cba79885364d6', 'The Global Elite', '76be62989290436086ee4fd0d95eceef', 94),
	('ef01681e6fff43649d3faffd0242e483', 'Bronze III', '91e7daf572674e0f9b46e3a4ced706f9', 289),
	('ef02a57ec20448d798c60f0581d25164', NULL, '130e7b97ef774f2e8bcead05111b22b8', 255),
	('ef19fbe3e9a94dba93802a3a9b23a586', 'Platinum II', '0769c7fce824469f87bd67f72ba6d908', 24),
	('ef54eff542b4407cbfdf1a6eb699465d', NULL, '130e7b97ef774f2e8bcead05111b22b8', 24),
	('efb95a3cb9c74993895abeed30cbc062', 'Gold IV', 'f4c47e11fe934078b9759ced5fe63fd5', 339),
	('efc13a00f39e48e7ae93362ce7be7227', 'Bronze IV', 'f4c47e11fe934078b9759ced5fe63fd5', 116),
	('efd950923a2443de9ec19db2f0caa4fd', 'Silver I', '91e7daf572674e0f9b46e3a4ced706f9', 240),
	('efe47a85bc0d48f5b8c4c8316a2401ff', NULL, '130e7b97ef774f2e8bcead05111b22b8', 295),
	('f01125c697d44e5fb9e49d136e65c5f0', 'Gold III', '0769c7fce824469f87bd67f72ba6d908', 275),
	('f06a6fd0c6624419b10da25ecd9017c0', NULL, 'f20eee7b30f34f12b8d081a9cb885286', 405),
	('f0f0c5e4928149f9b39e372fc131223d', 'Diamond I', 'f4c47e11fe934078b9759ced5fe63fd5', 448),
	('f0f125eb98834cf6a0456da11c18171f', 'Silver II', '76be62989290436086ee4fd0d95eceef', 192),
	('f0faf3c5c45d4c1995949c3a725e31c0', 'Inmortal I', '91e7daf572674e0f9b46e3a4ced706f9', 103),
	('f120daef801a4fbeac221910eab747aa', 'Iron III', '91e7daf572674e0f9b46e3a4ced706f9', 502),
	('f18b1e3d6d7946d394d34971b235e063', 'Silver II', '76be62989290436086ee4fd0d95eceef', 9),
	('f18e93cfc07f44b1ae58ec6dae37fa4d', 'Gold II', 'f4c47e11fe934078b9759ced5fe63fd5', 167),
	('f1b0501a864c44acb2a81810a5416cfe', NULL, 'd673395bc4ec4ab4b8aed5524e55797d', 300),
	('f1ce7a38b7084eb08b4ad2788368a12b', 'Legendary Eagle', '76be62989290436086ee4fd0d95eceef', 374),
	('f1e5a9694e264c88b1633cba89dc9c0b', NULL, 'd673395bc4ec4ab4b8aed5524e55797d', 41),
	('f20affe2351c42bea0569c22064f4651', NULL, '130e7b97ef774f2e8bcead05111b22b8', 251),
	('f227fa965085472f90e292a6577764f1', 'Bronze II', '91e7daf572674e0f9b46e3a4ced706f9', 143),
	('f265f66cf48747348e7e4a3fa8f62270', NULL, '130e7b97ef774f2e8bcead05111b22b8', 417),
	('f2681e53302d400f93d73ec07138bbda', NULL, 'd673395bc4ec4ab4b8aed5524e55797d', 491),
	('f283e8b8aeca430ab81e49cb7f9e4969', 'Gold III', '0769c7fce824469f87bd67f72ba6d908', 131),
	('f292c30e41014b91a318b15fd5357ea7', NULL, 'f20eee7b30f34f12b8d081a9cb885286', 392),
	('f29583f3174d4f0984c134fd4a049702', 'Platinum IV', 'f4c47e11fe934078b9759ced5fe63fd5', 77),
	('f30fffee5511485ab76bcb404d02e2a0', NULL, '130e7b97ef774f2e8bcead05111b22b8', 47),
	('f34224d5f5bb4c2b94a9419088962e58', 'Bronze I', 'f4c47e11fe934078b9759ced5fe63fd5', 114),
	('f34eb1bfe3c140c193f51bd9c144f05f', NULL, '130e7b97ef774f2e8bcead05111b22b8', 341),
	('f3731276ed7d4ae6828cfbd8a6432399', NULL, 'f20eee7b30f34f12b8d081a9cb885286', 105),
	('f3766401ebbd4619b9a75a38bedce4be', 'Silver Elite', '76be62989290436086ee4fd0d95eceef', 346),
	('f38f95b5ba8c410f9b4f9626bad44ac2', NULL, '130e7b97ef774f2e8bcead05111b22b8', 331),
	('f399e5a2f0434731b166b92b4300200a', 'Gold III', '91e7daf572674e0f9b46e3a4ced706f9', 30),
	('f3c6695602954cf0a335d0c802b2f84f', NULL, 'f20eee7b30f34f12b8d081a9cb885286', 162),
	('f475fc452e824117a79c20b640d62824', NULL, 'd673395bc4ec4ab4b8aed5524e55797d', 141),
	('f47cdac9728c4afeae1aeb674bbdd6f5', 'Diamond I', '0769c7fce824469f87bd67f72ba6d908', 325),
	('f4819abfc6f04990b3003e9f92d39cf3', NULL, '130e7b97ef774f2e8bcead05111b22b8', 87),
	('f4a30d9d005f4a6fae84e2f320a68eba', 'Silver III', '0769c7fce824469f87bd67f72ba6d908', 221),
	('f4d16bd050d54c378baae68a751b7393', NULL, 'f20eee7b30f34f12b8d081a9cb885286', 383),
	('f4d5124dde1144bc817675ee36f8edfe', 'Master Guardian II', '76be62989290436086ee4fd0d95eceef', 278),
	('f4ec0cc05dbf40d0ad43ec2ec1f258e8', 'Silver I', '0769c7fce824469f87bd67f72ba6d908', 384),
	('f570b04549df4f78bf488dbb93102026', NULL, 'd673395bc4ec4ab4b8aed5524e55797d', 503),
	('f5e92838b0464d0084687934c2a77886', NULL, 'f20eee7b30f34f12b8d081a9cb885286', 324),
	('f6267b9319e44cffb7db74ebe958e214', NULL, '130e7b97ef774f2e8bcead05111b22b8', 446),
	('f66269230fec425c97be74d1c1165dfa', 'Gold II', '0769c7fce824469f87bd67f72ba6d908', 351),
	('f69aa580d5b541a586014dd80ab4c6c5', 'Silver I', 'f4c47e11fe934078b9759ced5fe63fd5', 498),
	('f6baa235335546f0b0e890a559a588e2', NULL, '130e7b97ef774f2e8bcead05111b22b8', 231),
	('f6ecb83af2e64b06a480c82fbcf1b5af', 'Ascendent II', '91e7daf572674e0f9b46e3a4ced706f9', 14),
	('f72ce64cbd9942cd8be9ac5d19ab81bf', NULL, 'f20eee7b30f34f12b8d081a9cb885286', 266),
	('f782212173c64c9dbc042698f4fd6975', 'Iron III', '91e7daf572674e0f9b46e3a4ced706f9', 56),
	('f84bd1e174594e2fb1bfd333d5791fcd', 'Silver I', '0769c7fce824469f87bd67f72ba6d908', 226),
	('f85fcc732e15476799b97ede2c4bb168', 'Diamond III', '0769c7fce824469f87bd67f72ba6d908', 247),
	('f87acc47c856410b94b57135fa008f96', NULL, 'f20eee7b30f34f12b8d081a9cb885286', 453),
	('f8cf8e0905ff4634850aa88ff3d42520', NULL, 'd673395bc4ec4ab4b8aed5524e55797d', 159),
	('f91dfb87570a441a8dd54051eca8dc3a', 'Grand Champion III', '0769c7fce824469f87bd67f72ba6d908', 14),
	('f94ecb5ef82240a8981704fa73cdc9c3', 'Bronze II', 'f4c47e11fe934078b9759ced5fe63fd5', 119),
	('f94f1566f984414eb7b2bc712b11c000', 'Silver I', '76be62989290436086ee4fd0d95eceef', 498),
	('f9684acd39f246e69b49780b2a06123c', 'Platinum II', 'f4c47e11fe934078b9759ced5fe63fd5', 410),
	('f96bc2563cf548289f0218ab01785246', 'Silver I', 'f4c47e11fe934078b9759ced5fe63fd5', 319),
	('f98c2ae3e1484d0bbc7b44a41837d742', 'Ascendent II', '91e7daf572674e0f9b46e3a4ced706f9', 406),
	('f993accb25a4460ab323b4b66750c57e', 'Silver Elite Master', '76be62989290436086ee4fd0d95eceef', 243),
	('f9aeeabccbee465aae2d2f5e93866688', 'Iron III', '91e7daf572674e0f9b46e3a4ced706f9', 85),
	('f9b91a3c6fe44135a579248eaf98dc24', 'Platinum I', '0769c7fce824469f87bd67f72ba6d908', 146),
	('f9e0b75ab9e44df786093b83c4cb6ac4', 'Silver I', '0769c7fce824469f87bd67f72ba6d908', 13),
	('fa186cc4a6464f2ea9b2b99b18d4935f', NULL, 'f20eee7b30f34f12b8d081a9cb885286', 169),
	('fa2baf84488f45709cbaec7ef3bd1ee7', NULL, 'f20eee7b30f34f12b8d081a9cb885286', 49),
	('fa3a7481cedb4f99833c2f14bb1058cf', 'Challenger', 'f4c47e11fe934078b9759ced5fe63fd5', 452),
	('fa75808b3e524447b0a3e782c2bd6d07', 'The Global Elite', '76be62989290436086ee4fd0d95eceef', 126),
	('fa86b9ed290f4388aa7c298bed512f75', 'Iron II', 'f4c47e11fe934078b9759ced5fe63fd5', 29),
	('fad7bba0d1f74044a761a5866b9f1a15', NULL, '130e7b97ef774f2e8bcead05111b22b8', 182),
	('fb244a79d6bb4c2abf93c7528db3dd7c', 'Iron II', 'f4c47e11fe934078b9759ced5fe63fd5', 56),
	('fb6c349d89064c9b839a9edfad74f43e', NULL, '130e7b97ef774f2e8bcead05111b22b8', 284),
	('fb6f983a169d43ac9c9fd0ce68c6d10e', 'Champion II', '0769c7fce824469f87bd67f72ba6d908', 488),
	('fba1587930eb4badb9df430cd1114694', 'Grand Champion I', '0769c7fce824469f87bd67f72ba6d908', 161),
	('fbc95f5152154e048996e93133e1e67b', 'Diamond III', '91e7daf572674e0f9b46e3a4ced706f9', 382),
	('fbea80e7296441e1bb9de6f086145ab5', 'Legendary Eagle Master', '76be62989290436086ee4fd0d95eceef', 22),
	('fc0c2729cc2745848ef446239fa6ffc7', NULL, '130e7b97ef774f2e8bcead05111b22b8', 515),
	('fc0dceae361d4b148a996a9b071419ef', 'Master Guardian Elite', '76be62989290436086ee4fd0d95eceef', 220),
	('fc323f18d0c240af889f0a3e3bcfb937', 'Grand Champion II', '0769c7fce824469f87bd67f72ba6d908', 145),
	('fc7119565b8346a59dbe6c747066c2ed', NULL, 'f20eee7b30f34f12b8d081a9cb885286', 45),
	('fce474cbe3d74326bb60abdd964334bb', 'Gold II', '91e7daf572674e0f9b46e3a4ced706f9', 456),
	('fd005cd0fd10445292f808472aa40502', 'Legendary Eagle Master', '76be62989290436086ee4fd0d95eceef', 362),
	('fd155408e7304ba3a4b6753666b38418', 'Silver Elite Master', '76be62989290436086ee4fd0d95eceef', 48),
	('fd4b1411fe7842ed8645a2127777cf73', NULL, 'd673395bc4ec4ab4b8aed5524e55797d', 259),
	('fd538f0a44df4b808c065c2a76886789', NULL, '130e7b97ef774f2e8bcead05111b22b8', 321),
	('fde23f53ce7f4ccdb23522fcde8a490d', 'Silver II', '0769c7fce824469f87bd67f72ba6d908', 256),
	('fe46d6bc84d4476da3d3b20fa4708e73', 'Grand Master III', 'f4c47e11fe934078b9759ced5fe63fd5', 101),
	('fe80742fde744118a684749ad0ae0e65', 'Bronze II', '0769c7fce824469f87bd67f72ba6d908', 88),
	('ff2e52b7d9f94ff3b15a5ba6d6569b40', 'Platinum I', '91e7daf572674e0f9b46e3a4ced706f9', 347),
	('ff370c077dc34f58b21f1bb9e68db3bb', 'Champion II', '0769c7fce824469f87bd67f72ba6d908', 65),
	('ff62a406dc984167b4b2d4b023ce8b87', NULL, 'd673395bc4ec4ab4b8aed5524e55797d', 355),
	('ff6ec56e7c5c412fa545988ea4f7b2ee', NULL, '130e7b97ef774f2e8bcead05111b22b8', 7),
	('ff929504fb6b4a71bba6da6c0120d942', 'Silver II', '76be62989290436086ee4fd0d95eceef', 239),
	('ffa67294e0094a088b469f038956cb90', 'Platinum II', '91e7daf572674e0f9b46e3a4ced706f9', 123),
	('ffab9a3f9adc4095a7897c1fc7741791', 'Grand Champion II', '0769c7fce824469f87bd67f72ba6d908', 305),
	('ffc6d0fb401a4622a403e8dff477c3d6', 'Bronze IV', 'f4c47e11fe934078b9759ced5fe63fd5', 288),
	('ffe3bebaaf75447fb9a50c32469f10cd', 'Gold II', '0769c7fce824469f87bd67f72ba6d908', 237),
	('fffe44574d904a77a97e860ff46c626c', 'Grand Master IV', 'f4c47e11fe934078b9759ced5fe63fd5', 98);
/*!40000 ALTER TABLE `web_gameship` ENABLE KEYS */;

-- Volcando estructura para tabla gamers.web_report
CREATE TABLE IF NOT EXISTS `web_report` (
  `id` char(32) NOT NULL,
  `title` varchar(100) NOT NULL,
  `desc` longtext NOT NULL,
  `type` varchar(2) NOT NULL,
  `img` varchar(100) DEFAULT NULL,
  `user_id` bigint NOT NULL,
  `checked` tinyint(1) NOT NULL,
  `date` datetime(6) NOT NULL,
  PRIMARY KEY (`id`),
  KEY `web_report_user_id_9f79afcb_fk_web_user_id` (`user_id`),
  CONSTRAINT `web_report_user_id_9f79afcb_fk_web_user_id` FOREIGN KEY (`user_id`) REFERENCES `web_user` (`id`)
) ENGINE=InnoDB DEFAULT CHARSET=utf8mb4 COLLATE=utf8mb4_0900_ai_ci;

-- Volcando datos para la tabla gamers.web_report: ~3 rows (aproximadamente)
DELETE FROM `web_report`;
/*!40000 ALTER TABLE `web_report` DISABLE KEYS */;
INSERT INTO `web_report` (`id`, `title`, `desc`, `type`, `img`, `user_id`, `checked`, `date`) VALUES
	('42b92f69a7e54f4b898d973c6af2bbd6', 'Prueba', 'ReportPrueba', 'bu', '', 1, 0, '2023-04-12 00:00:00.000000'),
	('7c74f7b358bc460187d8ec7ec361cc91', 'Quiero verificar mi cuenta', 'Soy esta persona', 've', 'Reports/mariape/ÑENGOFLOW.png', 521, 0, '2023-04-12 11:10:28.078997'),
	('8a88a83c99004ccf9e93903f55e86277', 'Mala conducta', 'El usuario @javmarjae ha cometido una infracción en el chat.', 'us', '', 1, 1, '2023-04-12 00:00:00.000000'),
	('f60dfda6e6ea42ac9960d8c1bd9d114d', 'Otra prueba', 'Report', 'cl', 'Reports/admin/insta.png', 1, 0, '2023-04-12 00:00:00.000000');
/*!40000 ALTER TABLE `web_report` ENABLE KEYS */;

-- Volcando estructura para tabla gamers.web_user
CREATE TABLE IF NOT EXISTS `web_user` (
  `id` bigint NOT NULL AUTO_INCREMENT,
  `password` varchar(128) NOT NULL,
  `last_login` datetime(6) DEFAULT NULL,
  `is_superuser` tinyint(1) NOT NULL,
  `username` varchar(150) NOT NULL,
  `first_name` varchar(150) NOT NULL,
  `last_name` varchar(150) NOT NULL,
  `email` varchar(254) NOT NULL,
  `is_staff` tinyint(1) NOT NULL,
  `is_active` tinyint(1) NOT NULL,
  `date_joined` datetime(6) NOT NULL,
  `language` varchar(2) NOT NULL,
  `profile_pic` varchar(100) DEFAULT NULL,
  `birth_date` date DEFAULT NULL,
  `last_online` datetime(6) DEFAULT NULL,
  `is_online` tinyint(1) NOT NULL,
  `verified` tinyint(1) NOT NULL,
  PRIMARY KEY (`id`),
  UNIQUE KEY `username` (`username`)
) ENGINE=InnoDB AUTO_INCREMENT=522 DEFAULT CHARSET=utf8mb4 COLLATE=utf8mb4_0900_ai_ci;

-- Volcando datos para la tabla gamers.web_user: ~520 rows (aproximadamente)
DELETE FROM `web_user`;
/*!40000 ALTER TABLE `web_user` DISABLE KEYS */;
INSERT INTO `web_user` (`id`, `password`, `last_login`, `is_superuser`, `username`, `first_name`, `last_name`, `email`, `is_staff`, `is_active`, `date_joined`, `language`, `profile_pic`, `birth_date`, `last_online`, `is_online`, `verified`) VALUES
	(1, 'pbkdf2_sha256$320000$DZTVljGp67Y6dl9ekzKMTa$KVv/vT5ngKqein0C1K28tvBJXhtGt7q2TZAwLyyCbDU=', '2023-04-13 11:23:12.853327', 1, 'admin', 'Javier', 'Martínez Jaen', 'admin@example.com', 1, 1, '2023-03-21 17:34:08.224359', 'SP', 'Users/admin/Real_Betis.png', '2001-01-31', '2023-04-13 11:23:12.765265', 1, 0),
	(2, 'password', NULL, 0, 'aevans', 'Melissa', 'Brown', 'roberthill@example.com', 0, 1, '2023-03-21 17:34:08.466940', 'GE', 'Users/aevans/602223.jpg', '1981-04-11', '2023-04-11 08:16:07.973869', 1, 1),
	(3, 'password', NULL, 0, 'stacey34', 'Kenneth', 'Soto', 'clarkbrittany@example.net', 0, 1, '2023-03-21 17:34:08.476426', 'GE', 'Users/stacey34/936378.jpg', '2004-05-10', NULL, 0, 0),
	(4, 'password', NULL, 0, 'rsantos', 'Jeffery', 'Martin', 'caseyrodriguez@example.net', 0, 1, '2023-03-21 17:34:08.482931', 'CH', 'Users/rsantos/714040.jpg', '2001-09-09', NULL, 0, 0),
	(5, 'password', NULL, 0, 'foleywilliam', 'Jonathan', 'Mills', 'michael37@example.net', 0, 1, '2023-03-21 17:34:08.490459', 'SP', 'Users/foleywilliam/551538_1.jpg', '1998-11-26', NULL, 0, 0),
	(6, 'password', NULL, 0, 'william31', 'Chad', 'Orr', 'sarah25@example.net', 0, 1, '2023-03-21 17:34:08.495764', 'GE', 'Users/william31/463476.jpg', '1997-01-15', NULL, 0, 0),
	(7, 'password', NULL, 0, 'ericward', 'Anita', 'Wright', 'sara95@example.com', 0, 1, '2023-03-21 17:34:08.501766', 'SP', 'Users/ericward/724313.jpg', '1983-03-06', NULL, 1, 0),
	(8, 'password', NULL, 0, 'tammywebb', 'Donna', 'Liu', 'richardpearson@example.com', 0, 1, '2023-03-21 17:34:08.509280', 'EN', 'Users/tammywebb/550705.jpg', '2005-10-02', NULL, 1, 0),
	(9, 'password', NULL, 0, 'uwhite', 'Elizabeth', 'Jones', 'tristansingleton@example.net', 0, 1, '2023-03-21 17:34:08.514725', 'SP', 'Users/uwhite/716813.png', '1992-11-01', NULL, 0, 0),
	(10, 'password', NULL, 0, 'davidwatson', 'Megan', 'Dunn', 'walshveronica@example.net', 0, 1, '2023-03-21 17:34:08.527246', 'FR', 'Users/davidwatson/159692.jpg', '1999-12-19', NULL, 0, 0),
	(11, 'password', NULL, 0, 'kgilmore', 'Antonio', 'York', 'tammy09@example.com', 0, 1, '2023-03-21 17:34:08.536255', 'SP', 'Users/kgilmore/933512.jpg', '1992-01-28', NULL, 0, 0),
	(12, 'password', NULL, 0, 'daniel99', 'Bryan', 'Weber', 'zstevens@example.org', 0, 1, '2023-03-21 17:34:08.545765', 'EN', 'Users/daniel99/967414.jpg', '1987-09-02', NULL, 0, 0),
	(13, 'password', NULL, 0, 'jennifer23', 'Rebecca', 'Garcia', 'vgregory@example.net', 0, 1, '2023-03-21 17:34:08.551266', 'SP', 'Users/jennifer23/967406.jpg', '2000-03-19', NULL, 1, 0),
	(14, 'password', NULL, 0, 'nbernard', 'Helen', 'Price', 'christopherwest@example.com', 0, 1, '2023-03-21 17:34:08.557585', 'EN', 'Users/nbernard/710535.jpg', '1981-01-29', NULL, 1, 0),
	(15, 'password', NULL, 0, 'vazquezellen', 'Diane', 'Peterson', 'latashadiaz@example.net', 0, 1, '2023-03-21 17:34:08.564098', 'EN', 'Users/vazquezellen/710535.jpg', '1984-07-14', NULL, 0, 0),
	(16, 'password', NULL, 0, 'rachel85', 'Susan', 'Rivers', 'barnesmindy@example.org', 0, 1, '2023-03-21 17:34:08.569598', 'GE', 'Users/rachel85/463447.jpg', '1992-06-01', NULL, 0, 0),
	(17, 'password', NULL, 0, 'bryanjeffrey', 'Tony', 'Mays', 'gilmoresheila@example.com', 0, 1, '2023-03-21 17:34:08.580259', 'SP', 'Users/bryanjeffrey/526622.jpg', '1983-09-30', NULL, 1, 0),
	(18, 'password', NULL, 0, 'kennethcarlson', 'Cristina', 'Valdez', 'anthony54@example.org', 0, 1, '2023-03-21 17:34:08.587793', 'FR', 'Users/kennethcarlson/524050.jpg', '1986-10-31', NULL, 0, 0),
	(19, 'password', NULL, 0, 'robert91', 'Elizabeth', 'Pierce', 'tjones@example.com', 0, 1, '2023-03-21 17:34:08.596297', 'CH', 'Users/robert91/702620.png', '1996-07-28', NULL, 1, 0),
	(20, 'password', NULL, 0, 'obriendanielle', 'Sherry', 'Peterson', 'melissahull@example.net', 0, 1, '2023-03-21 17:34:08.611321', 'FR', 'Users/obriendanielle/728240.png', '1984-09-13', NULL, 1, 0),
	(21, 'password', NULL, 0, 'vramirez', 'Terry', 'Marquez', 'markterry@example.org', 0, 1, '2023-03-21 17:34:08.622546', 'SP', 'Users/vramirez/778268.png', '1982-06-22', NULL, 1, 0),
	(22, 'password', NULL, 0, 'ymartinez', 'Eric', 'Bright', 'melaniethomas@example.net', 0, 1, '2023-03-21 17:34:08.636411', 'CH', 'Users/ymartinez/159692.jpg', '2005-05-09', NULL, 1, 0),
	(23, 'password', NULL, 0, 'john10', 'Julie', 'Reyes', 'timothy58@example.org', 0, 1, '2023-03-21 17:34:08.647933', 'EN', 'Users/john10/686328.jpg', '2000-09-16', NULL, 0, 1),
	(24, 'password', NULL, 0, 'irwinjennifer', 'Tony', 'Cochran', 'kellyallen@example.net', 0, 1, '2023-03-21 17:34:08.654450', 'SP', 'Users/irwinjennifer/135.jpg', '1981-05-09', NULL, 0, 0),
	(25, 'password', NULL, 0, 'zachary18', 'Ashley', 'Edwards', 'lopezlaura@example.org', 0, 1, '2023-03-21 17:34:08.659328', 'FR', 'Users/zachary18/157265.jpg', '1982-12-22', NULL, 1, 0),
	(26, 'password', NULL, 0, 'melody99', 'Dale', 'Roy', 'annette72@example.org', 0, 1, '2023-03-21 17:34:08.670308', 'EN', 'Users/melody99/600712.jpg', '1990-12-11', NULL, 1, 0),
	(27, 'password', NULL, 0, 'michelle74', 'Thomas', 'Mitchell', 'barrettthomas@example.org', 0, 1, '2023-03-21 17:34:08.680942', 'SP', 'Users/michelle74/617613.jpg', '1982-07-29', NULL, 1, 0),
	(28, 'password', NULL, 0, 'heather48', 'Misty', 'Harris', 'michael08@example.com', 0, 1, '2023-03-21 17:34:08.687974', 'CH', 'Users/heather48/546605.jpg', '1980-02-23', NULL, 0, 0),
	(29, 'password', NULL, 0, 'stephensmichael', 'Robin', 'Summers', 'shawnicole@example.net', 0, 1, '2023-03-21 17:34:08.696311', 'FR', 'Users/stephensmichael/740447.jpg', '2004-06-05', NULL, 0, 0),
	(30, 'password', NULL, 0, 'shawjermaine', 'Alexander', 'Ramsey', 'fosterkaren@example.net', 0, 1, '2023-03-21 17:34:08.712796', 'FR', 'Users/shawjermaine/599133.jpg', '1980-06-18', NULL, 1, 0),
	(31, 'password', NULL, 0, 'teresa39', 'Kylie', 'Reed', 'cantumelinda@example.net', 0, 1, '2023-03-21 17:34:08.722847', 'CH', 'Users/teresa39/775427.png', '1991-02-11', NULL, 0, 0),
	(32, 'password', NULL, 0, 'goodmantheresa', 'Valerie', 'Hernandez', 'cody68@example.org', 0, 1, '2023-03-21 17:34:08.734421', 'CH', 'Users/goodmantheresa/136.jpg', '1986-12-16', NULL, 1, 0),
	(33, 'password', NULL, 0, 'roberto95', 'Edward', 'Moore', 'jtorres@example.net', 0, 1, '2023-03-21 17:34:08.740922', 'CH', 'Users/roberto95/710535.jpg', '1983-10-20', NULL, 1, 0),
	(34, 'password', NULL, 0, 'hcarlson', 'Justin', 'Jenkins', 'ihall@example.net', 0, 1, '2023-03-21 17:34:08.747247', 'CH', 'Users/hcarlson/463445.jpg', '2001-11-02', NULL, 0, 0),
	(35, 'password', NULL, 0, 'jasminejones', 'David', 'Ponce', 'kimberly23@example.com', 0, 1, '2023-03-21 17:34:08.756763', 'GE', 'Users/jasminejones/594860.jpg', '1992-10-08', NULL, 1, 0),
	(36, 'password', NULL, 0, 'courtneyrodriguez', 'Walter', 'Williams', 'elizabethgarcia@example.org', 0, 1, '2023-03-21 17:34:08.767783', 'SP', 'Users/courtneyrodriguez/310162.jpg', '2001-12-01', NULL, 0, 0),
	(37, 'password', NULL, 0, 'michael03', 'Kathy', 'Olson', 'flowersanne@example.net', 0, 1, '2023-03-21 17:34:08.784316', 'SP', 'Users/michael03/602223.jpg', '1995-04-18', NULL, 1, 0),
	(38, 'password', NULL, 0, 'vstevens', 'Kimberly', 'Ruiz', 'rodriguezharold@example.net', 0, 1, '2023-03-21 17:34:08.796190', 'GE', 'Users/vstevens/744908_1.jpg', '1980-07-22', NULL, 1, 0),
	(39, 'password', NULL, 0, 'jeremyphillips', 'Christopher', 'Moore', 'donna66@example.net', 0, 1, '2023-03-21 17:34:08.804460', 'SP', 'Users/jeremyphillips/932487.jpg', '2004-08-09', NULL, 0, 0),
	(40, 'password', NULL, 0, 'mcdonaldjulie', 'Emily', 'Murphy', 'brendajones@example.com', 0, 1, '2023-03-21 17:34:08.815981', 'EN', 'Users/mcdonaldjulie/932500.jpg', '2000-06-10', NULL, 1, 0),
	(41, 'password', NULL, 0, 'ifry', 'Alyssa', 'Price', 'bonillasonya@example.com', 0, 1, '2023-03-21 17:34:08.823659', 'CH', 'Users/ifry/327095.jpg', '1993-06-09', NULL, 0, 0),
	(42, 'password', NULL, 0, 'jeffrey84', 'Paul', 'Mckinney', 'nlarson@example.org', 0, 1, '2023-03-21 17:34:08.835502', 'EN', 'Users/jeffrey84/601846.jpg', '1991-12-23', NULL, 1, 0),
	(43, 'password', NULL, 0, 'rachelblake', 'Michael', 'Brown', 'ymontes@example.com', 0, 1, '2023-03-21 17:34:08.842504', 'CH', 'Users/rachelblake/617613.jpg', '1994-11-08', NULL, 0, 0),
	(44, 'password', NULL, 0, 'nclayton', 'Daniel', 'Hernandez', 'william83@example.com', 0, 1, '2023-03-21 17:34:08.848724', 'SP', 'Users/nclayton/719625.png', '1994-06-09', NULL, 0, 0),
	(45, 'password', NULL, 0, 'elijah59', 'Stephen', 'Thompson', 'gabriel62@example.org', 0, 1, '2023-03-21 17:34:08.861307', 'SP', 'Users/elijah59/886533.jpg', '1987-10-13', NULL, 0, 0),
	(46, 'password', NULL, 0, 'felicia20', 'Robyn', 'Wright', 'robertsullivan@example.net', 0, 1, '2023-03-21 17:34:08.870767', 'EN', 'Users/felicia20/601846.jpg', '1990-03-10', NULL, 1, 0),
	(47, 'password', NULL, 0, 'jaredthompson', 'Catherine', 'Kelley', 'tyler57@example.com', 0, 1, '2023-03-21 17:34:08.878286', 'CH', 'Users/jaredthompson/157333.jpg', '1986-01-23', NULL, 0, 0),
	(48, 'password', NULL, 0, 'marciafuller', 'Patricia', 'Evans', 'cbates@example.net', 0, 1, '2023-03-21 17:34:08.889331', 'GE', 'Users/marciafuller/555837.jpg', '1984-07-18', NULL, 0, 0),
	(49, 'password', NULL, 0, 'seanobrien', 'Ryan', 'Ayala', 'tmartin@example.com', 0, 1, '2023-03-21 17:34:08.896518', 'EN', 'Users/seanobrien/927310.jpg', '2005-04-15', NULL, 1, 0),
	(50, 'password', NULL, 0, 'smithamanda', 'Richard', 'Mcintosh', 'danielnewton@example.net', 0, 1, '2023-03-21 17:34:08.903353', 'GE', 'Users/smithamanda/485812.jpg', '1980-02-29', NULL, 1, 0),
	(51, 'password', NULL, 0, 'johnstonmelissa', 'Elizabeth', 'Edwards', 'chapmanchristy@example.com', 0, 1, '2023-03-21 17:34:08.911756', 'SP', 'Users/johnstonmelissa/558952.jpg', '1980-12-23', NULL, 0, 0),
	(52, 'password', NULL, 0, 'htanner', 'Willie', 'Hodges', 'kmorrow@example.com', 0, 1, '2023-03-21 17:34:08.921056', 'FR', 'Users/htanner/686328.jpg', '2000-05-12', NULL, 0, 0),
	(53, 'password', NULL, 0, 'christopherwalker', 'Michelle', 'Neal', 'michaelbell@example.org', 0, 1, '2023-03-21 17:34:08.927087', 'CH', 'Users/christopherwalker/407469_1.jpg', '1994-07-31', NULL, 0, 0),
	(54, 'password', NULL, 0, 'lopezmichele', 'Rebecca', 'Johnson', 'karenchandler@example.com', 0, 1, '2023-03-21 17:34:08.935082', 'EN', 'Users/lopezmichele/739029.jpg', '2005-07-12', NULL, 0, 0),
	(55, 'password', NULL, 0, 'karen62', 'Sarah', 'Anderson', 'rhonda43@example.com', 0, 1, '2023-03-21 17:34:08.943695', 'EN', 'Users/karen62/608832.jpg', '1980-11-09', NULL, 0, 0),
	(56, 'password', NULL, 0, 'pearsonjason', 'Luke', 'Roth', 'tiffany75@example.com', 0, 1, '2023-03-21 17:34:08.958235', 'GE', 'Users/pearsonjason/640956.jpg', '2000-09-26', NULL, 0, 0),
	(57, 'password', NULL, 0, 'greenebilly', 'Jeffrey', 'Mays', 'monica85@example.org', 0, 1, '2023-03-21 17:34:08.966794', 'EN', 'Users/greenebilly/468209.jpg', '1992-11-14', NULL, 1, 0),
	(58, 'password', NULL, 0, 'phyllis89', 'Christopher', 'Walls', 'nfrank@example.com', 0, 1, '2023-03-21 17:34:08.973306', 'FR', 'Users/phyllis89/463477.jpg', '1990-01-10', NULL, 1, 0),
	(59, 'password', NULL, 0, 'cohenrick', 'Leslie', 'Thomas', 'denisejoseph@example.com', 0, 1, '2023-03-21 17:34:08.983776', 'GE', 'Users/cohenrick/593326.jpg', '1985-06-24', NULL, 0, 0),
	(60, 'password', NULL, 0, 'burgessrenee', 'David', 'Perkins', 'imendoza@example.org', 0, 1, '2023-03-21 17:34:08.996352', 'CH', 'Users/burgessrenee/734592.jpg', '1998-06-15', NULL, 0, 0),
	(61, 'password', NULL, 0, 'christina47', 'Pamela', 'Wright', 'karaburch@example.org', 0, 1, '2023-03-21 17:34:09.004370', 'GE', 'Users/christina47/602224.jpg', '2002-01-25', NULL, 0, 0),
	(62, 'password', NULL, 0, 'suzannemcdonald', 'Christopher', 'Jenkins', 'bfitzgerald@example.org', 0, 1, '2023-03-21 17:34:09.015386', 'FR', 'Users/suzannemcdonald/734592.jpg', '1990-05-03', NULL, 1, 0),
	(63, 'password', NULL, 0, 'sara28', 'Ruben', 'Smith', 'porterdanielle@example.net', 0, 1, '2023-03-21 17:34:09.021387', 'GE', 'Users/sara28/310162.jpg', '1980-12-06', NULL, 0, 0),
	(64, 'password', NULL, 0, 'weaverdawn', 'Marcus', 'Gibbs', 'perezjonathan@example.org', 0, 1, '2023-03-21 17:34:09.040432', 'FR', 'Users/weaverdawn/600972.jpg', '1981-10-11', NULL, 1, 0),
	(65, 'password', NULL, 0, 'lmills', 'Diana', 'Rivera', 'jenniferclark@example.com', 0, 1, '2023-03-21 17:34:09.051467', 'EN', 'Users/lmills/598768.jpg', '2003-08-04', NULL, 1, 0),
	(66, 'password', NULL, 0, 'marieperry', 'Cameron', 'Sherman', 'paige96@example.net', 0, 1, '2023-03-21 17:34:09.064501', 'SP', 'Users/marieperry/775427.png', '2002-10-16', NULL, 0, 0),
	(67, 'password', NULL, 0, 'michellehensley', 'Jessica', 'Black', 'alyssamontgomery@example.net', 0, 1, '2023-03-21 17:34:09.074516', 'GE', 'Users/michellehensley/327114.jpg', '1999-10-10', NULL, 1, 0),
	(68, 'password', NULL, 0, 'cdavis', 'Rebecca', 'Ochoa', 'sherryfoster@example.com', 0, 1, '2023-03-21 17:34:09.087583', 'SP', 'Users/cdavis/694756.jpg', '1988-02-08', NULL, 0, 0),
	(69, 'password', NULL, 0, 'karenking', 'Lindsey', 'King', 'matthew85@example.org', 0, 1, '2023-03-21 17:34:09.101125', 'EN', 'Users/karenking/594860.jpg', '1992-12-28', NULL, 1, 0),
	(70, 'password', NULL, 0, 'lindastanley', 'Kim', 'Miller', 'dflowers@example.org', 0, 1, '2023-03-21 17:34:09.110289', 'GE', 'Users/lindastanley/678085.jpg', '1983-07-06', NULL, 1, 0),
	(71, 'password', NULL, 0, 'alan97', 'Jesse', 'Brown', 'ayoung@example.com', 0, 1, '2023-03-21 17:34:09.121807', 'GE', 'Users/alan97/710535.jpg', '2002-12-04', NULL, 1, 0),
	(72, 'password', NULL, 0, 'bryantlauren', 'Patrick', 'Allen', 'vanessa82@example.com', 0, 1, '2023-03-21 17:34:09.128285', 'SP', 'Users/bryantlauren/617635_1.jpg', '1998-01-02', NULL, 1, 0),
	(73, 'password', NULL, 0, 'corey61', 'Rachel', 'White', 'lori26@example.org', 0, 1, '2023-03-21 17:34:09.135801', 'FR', 'Users/corey61/798682.png', '1991-06-03', NULL, 0, 0),
	(74, 'password', NULL, 0, 'gabriellopez', 'Jorge', 'Martinez', 'kayla97@example.com', 0, 1, '2023-03-21 17:34:09.143312', 'CH', 'Users/gabriellopez/932496.jpg', '1980-04-01', NULL, 1, 0),
	(75, 'password', NULL, 0, 'maryspencer', 'Alyssa', 'Ward', 'smithbeth@example.net', 0, 1, '2023-03-21 17:34:09.149737', 'CH', 'Users/maryspencer/695076.jpg', '1984-10-03', NULL, 0, 0),
	(76, 'password', NULL, 0, 'charlesramirez', 'Matthew', 'Ponce', 'stephaniemiller@example.org', 0, 1, '2023-03-21 17:34:09.156254', 'SP', 'Users/charlesramirez/605639.jpg', '1990-09-10', NULL, 0, 0),
	(77, 'password', NULL, 0, 'rfrancis', 'Adam', 'Watson', 'tcook@example.com', 0, 1, '2023-03-21 17:34:09.162756', 'SP', 'Users/rfrancis/136.jpg', '1995-10-05', NULL, 0, 0),
	(78, 'password', NULL, 0, 'meganquinn', 'Chad', 'Barrett', 'wflores@example.net', 0, 1, '2023-03-21 17:34:09.168268', 'EN', 'Users/meganquinn/679478.jpg', '1986-01-19', NULL, 0, 0),
	(79, 'password', NULL, 0, 'jasminewarren', 'Samuel', 'Castillo', 'cheryltaylor@example.com', 0, 1, '2023-03-21 17:34:09.173781', 'SP', 'Users/jasminewarren/818437.png', '1994-12-30', NULL, 0, 0),
	(80, 'password', NULL, 0, 'jamesstevens', 'Tammy', 'Gutierrez', 'avaughn@example.org', 0, 1, '2023-03-21 17:34:09.179782', 'CH', 'Users/jamesstevens/551538_1.jpg', '1982-08-30', NULL, 0, 0),
	(81, 'password', NULL, 0, 'saunderscameron', 'John', 'Armstrong', 'tinahuang@example.net', 0, 1, '2023-03-21 17:34:09.185801', 'FR', 'Users/saunderscameron/456536.jpg', '1992-11-02', NULL, 1, 0),
	(82, 'password', NULL, 0, 'bmccarthy', 'Karen', 'Eaton', 'derrickwaller@example.org', 0, 1, '2023-03-21 17:34:09.191818', 'FR', 'Users/bmccarthy/710535.jpg', '2001-01-06', NULL, 1, 0),
	(83, 'password', NULL, 0, 'stacytaylor', 'Leah', 'Smith', 'trandaniel@example.org', 0, 1, '2023-03-21 17:34:09.197833', 'SP', 'Users/stacytaylor/548306.jpg', '1993-08-31', NULL, 1, 0),
	(84, 'password', NULL, 0, 'cobbaaron', 'Anthony', 'Smith', 'gloria08@example.net', 0, 1, '2023-03-21 17:34:09.205851', 'GE', 'Users/cobbaaron/739397.jpg', '2000-08-31', NULL, 0, 0),
	(85, 'password', NULL, 0, 'murraydouglas', 'Andrew', 'Reynolds', 'williamsjeremy@example.com', 0, 1, '2023-03-21 17:34:09.215305', 'FR', 'Users/murraydouglas/157333.jpg', '2001-01-10', NULL, 0, 0),
	(86, 'password', NULL, 0, 'thomasmichael', 'Victoria', 'Johnson', 'tommywalton@example.net', 0, 1, '2023-03-21 17:34:09.226803', 'FR', 'Users/thomasmichael/694756.jpg', '1988-04-10', NULL, 0, 0),
	(87, 'password', NULL, 0, 'johnsnyder', 'Yvonne', 'Blair', 'davidtucker@example.org', 0, 1, '2023-03-21 17:34:09.233317', 'CH', 'Users/johnsnyder/390609.jpg', '2004-07-14', NULL, 0, 0),
	(88, 'password', NULL, 0, 'ustrickland', 'Joshua', 'Dominguez', 'kevinsmith@example.net', 0, 1, '2023-03-21 17:34:09.245331', 'GE', 'Users/ustrickland/599168.png', '1993-08-10', NULL, 1, 0),
	(89, 'password', NULL, 0, 'madisonpoole', 'Robin', 'Powers', 'ejenkins@example.com', 0, 1, '2023-03-21 17:34:09.255868', 'GE', 'Users/madisonpoole/716375.png', '1993-06-28', NULL, 1, 0),
	(90, 'password', NULL, 0, 'christopher60', 'Brian', 'Smith', 'jwhite@example.net', 0, 1, '2023-03-21 17:34:09.266351', 'EN', 'Users/christopher60/549198.jpg', '1994-12-15', NULL, 1, 0),
	(91, 'password', NULL, 0, 'rvincent', 'Andrew', 'Mercado', 'walkerpaul@example.net', 0, 1, '2023-03-21 17:34:09.278890', 'CH', 'Users/rvincent/694756.jpg', '1995-05-31', NULL, 0, 0),
	(92, 'password', NULL, 0, 'jodi34', 'Janice', 'Walker', 'olsenandrea@example.com', 0, 1, '2023-03-21 17:34:09.285892', 'SP', 'Users/jodi34/699287.jpg', '1993-05-24', NULL, 1, 0),
	(93, 'password', NULL, 0, 'natalie98', 'Adam', 'Davila', 'nancy09@example.net', 0, 1, '2023-03-21 17:34:09.296933', 'GE', 'Users/natalie98/689248.jpg', '1990-06-28', NULL, 0, 0),
	(94, 'password', NULL, 0, 'christopherstewart', 'Gary', 'Miller', 'jasonjohnson@example.org', 0, 1, '2023-03-21 17:34:09.307784', 'EN', 'Users/christopherstewart/608832.jpg', '1985-05-25', NULL, 0, 0),
	(95, 'password', NULL, 0, 'perezpaul', 'Cheryl', 'Shepherd', 'emily24@example.net', 0, 1, '2023-03-21 17:34:09.321325', 'GE', 'Users/perezpaul/595156.jpg', '2000-07-05', NULL, 0, 0),
	(96, 'password', NULL, 0, 'alexandernicholas', 'Amy', 'Cardenas', 'vjones@example.org', 0, 1, '2023-03-21 17:34:09.326841', 'FR', 'Users/alexandernicholas/818437.png', '1984-09-22', NULL, 1, 0),
	(97, 'password', NULL, 0, 'lhopkins', 'Steven', 'Rios', 'harold03@example.com', 0, 1, '2023-03-21 17:34:09.336767', 'EN', 'Users/lhopkins/699287.jpg', '1985-12-15', NULL, 1, 0),
	(98, 'password', NULL, 0, 'stephensmegan', 'Amanda', 'Jackson', 'john96@example.org', 0, 1, '2023-03-21 17:34:09.350769', 'CH', 'Users/stephensmegan/648557.jpg', '1980-08-08', NULL, 0, 0),
	(99, 'password', NULL, 0, 'annnewton', 'Jeremy', 'Livingston', 'robert78@example.com', 0, 1, '2023-03-21 17:34:09.355481', 'CH', 'Users/annnewton/476288_1.jpg', '2004-01-16', NULL, 0, 0),
	(100, 'password', NULL, 0, 'perezamanda', 'Julie', 'Chandler', 'david16@example.org', 0, 1, '2023-03-21 17:34:09.361438', 'GE', 'Users/perezamanda/329544.jpg', '1999-02-13', NULL, 0, 0),
	(101, 'password', NULL, 0, 'brittneymiller', 'Jeffrey', 'Martin', 'gtyler@example.org', 0, 1, '2023-03-21 17:34:09.378736', 'CH', 'Users/brittneymiller/600712.jpg', '1997-01-14', NULL, 0, 0),
	(102, 'password', NULL, 0, 'smithbriana', 'Ashley', 'Joseph', 'aaronsexton@example.org', 0, 1, '2023-03-21 17:34:09.386759', 'EN', 'Users/smithbriana/485812.jpg', '2005-08-11', NULL, 0, 0),
	(103, 'password', NULL, 0, 'preyes', 'Meagan', 'Novak', 'vincentsimpson@example.net', 0, 1, '2023-03-21 17:34:09.394265', 'EN', 'Users/preyes/686773.jpg', '1990-06-29', NULL, 1, 0),
	(104, 'password', NULL, 0, 'santiagodeborah', 'Peggy', 'James', 'pamelarodriguez@example.org', 0, 1, '2023-03-21 17:34:09.405849', 'FR', 'Users/santiagodeborah/710535.jpg', '1997-08-20', NULL, 0, 0),
	(105, 'password', NULL, 0, 'williamsscott', 'Kathryn', 'Fitzgerald', 'petersmith@example.net', 0, 1, '2023-03-21 17:34:09.411350', 'CH', 'Users/williamsscott/686328.jpg', '1993-08-19', NULL, 0, 0),
	(106, 'password', NULL, 0, 'wisejamie', 'Taylor', 'Murray', 'robertarose@example.com', 0, 1, '2023-03-21 17:34:09.417229', 'CH', 'Users/wisejamie/206300.jpg', '1992-04-13', NULL, 1, 0),
	(107, 'password', NULL, 0, 'brownrhonda', 'Elaine', 'Anthony', 'dereksanders@example.net', 0, 1, '2023-03-21 17:34:09.421730', 'FR', 'Users/brownrhonda/159692.jpg', '1988-07-29', NULL, 1, 0),
	(108, 'password', NULL, 0, 'mckinneystanley', 'Mario', 'Crosby', 'sarahmaldonado@example.com', 0, 1, '2023-03-21 17:34:09.431742', 'SP', 'Users/mckinneystanley/600972.jpg', '1999-09-17', NULL, 0, 0),
	(109, 'password', NULL, 0, 'dhughes', 'Amber', 'Banks', 'uwoods@example.com', 0, 1, '2023-03-21 17:34:09.441726', 'GE', 'Users/dhughes/617631.jpg', '2004-11-03', NULL, 0, 0),
	(110, 'password', NULL, 0, 'russellsarah', 'Gabriel', 'Schmidt', 'xjackson@example.net', 0, 1, '2023-03-21 17:34:09.450266', 'GE', 'Users/russellsarah/932500.jpg', '1990-05-07', NULL, 0, 0),
	(111, 'password', NULL, 0, 'jennifercox', 'Robin', 'Wood', 'dennis72@example.com', 0, 1, '2023-03-21 17:34:09.456738', 'EN', 'Users/jennifercox/778268.png', '1993-01-16', NULL, 1, 0),
	(112, 'password', NULL, 0, 'hallgregory', 'Miranda', 'Reid', 'aweaver@example.org', 0, 1, '2023-03-21 17:34:09.468753', 'FR', 'Users/hallgregory/931160.jpg', '2001-01-08', NULL, 0, 0),
	(113, 'password', NULL, 0, 'yatesjill', 'Valerie', 'Delgado', 'rebeccablackburn@example.net', 0, 1, '2023-03-21 17:34:09.476266', 'CH', 'Users/yatesjill/463476.jpg', '1982-05-08', NULL, 1, 0),
	(114, 'password', NULL, 0, 'stephen44', 'Lisa', 'Ferrell', 'dylangregory@example.org', 0, 1, '2023-03-21 17:34:09.484778', 'CH', 'Users/stephen44/559116.png', '1987-12-12', NULL, 1, 0),
	(115, 'password', NULL, 0, 'williamsandrew', 'Daniel', 'Green', 'mary79@example.net', 0, 1, '2023-03-21 17:34:09.491292', 'EN', 'Users/williamsandrew/904467.png', '1995-10-21', NULL, 0, 0),
	(116, 'password', NULL, 0, 'kerri29', 'Daniel', 'Ball', 'rjackson@example.net', 0, 1, '2023-03-21 17:34:09.497308', 'CH', 'Users/kerri29/562920.jpg', '2003-02-19', NULL, 0, 0),
	(117, 'password', NULL, 0, 'rickcox', 'Meredith', 'Wolf', 'johnmartinez@example.net', 0, 1, '2023-03-21 17:34:09.505246', 'GE', 'Users/rickcox/933784.jpg', '1987-01-19', NULL, 0, 0),
	(118, 'password', NULL, 0, 'heatherashley', 'Michael', 'Garcia', 'kevin01@example.net', 0, 1, '2023-03-21 17:34:09.513759', 'CH', 'Users/heatherashley/310162.jpg', '1999-10-14', NULL, 0, 0),
	(119, 'password', NULL, 0, 'kevin43', 'Sarah', 'Holmes', 'kgraves@example.net', 0, 1, '2023-03-21 17:34:09.528258', 'SP', 'Users/kevin43/695787.png', '2003-08-17', NULL, 1, 0),
	(120, 'password', NULL, 0, 'jennifertorres', 'Kyle', 'Wells', 'lwilliams@example.org', 0, 1, '2023-03-21 17:34:09.534277', 'SP', 'Users/jennifertorres/724313.jpg', '2005-03-14', NULL, 0, 0),
	(121, 'password', NULL, 0, 'farrellsteven', 'Madeline', 'Gibson', 'sandragonzalez@example.com', 0, 1, '2023-03-21 17:34:09.545777', 'EN', 'Users/farrellsteven/600712.jpg', '1990-07-25', NULL, 0, 0),
	(122, 'password', NULL, 0, 'jeffreyperry', 'Cynthia', 'Powell', 'sanchezjennifer@example.com', 0, 1, '2023-03-21 17:34:09.556296', 'FR', 'Users/jeffreyperry/468739_1.jpg', '1989-05-08', NULL, 0, 0),
	(123, 'password', NULL, 0, 'johnsonsamuel', 'Sandy', 'Nielsen', 'myerskyle@example.org', 0, 1, '2023-03-21 17:34:09.563311', 'FR', 'Users/johnsonsamuel/617636.jpg', '1986-12-04', NULL, 1, 0),
	(124, 'password', NULL, 0, 'jamesbryant', 'Haley', 'Hawkins', 'kenneth81@example.net', 0, 1, '2023-03-21 17:34:09.575240', 'CH', 'Users/jamesbryant/933784.jpg', '2003-08-07', NULL, 0, 0),
	(125, 'password', NULL, 0, 'ynichols', 'Michael', 'Carter', 'kevinhicks@example.net', 0, 1, '2023-03-21 17:34:09.583806', 'SP', 'Users/ynichols/617631.jpg', '1999-02-16', NULL, 0, 0),
	(126, 'password', NULL, 0, 'mooremadeline', 'Darrell', 'Robbins', 'simmonskevin@example.com', 0, 1, '2023-03-21 17:34:09.593342', 'SP', 'Users/mooremadeline/693105.png', '1982-03-31', NULL, 1, 0),
	(127, 'password', NULL, 0, 'leslievaldez', 'Kristi', 'Evans', 'pottsvictoria@example.net', 0, 1, '2023-03-21 17:34:09.602806', 'CH', 'Users/leslievaldez/810692.jpg', '2005-09-01', NULL, 0, 0),
	(128, 'password', NULL, 0, 'khorton', 'Michelle', 'Curtis', 'amber23@example.net', 0, 1, '2023-03-21 17:34:09.616282', 'FR', 'Users/khorton/725424.png', '1991-05-09', NULL, 1, 0),
	(129, 'password', NULL, 0, 'cookdavid', 'Maria', 'Thompson', 'zimmermankim@example.net', 0, 1, '2023-03-21 17:34:09.625249', 'EN', 'Users/cookdavid/601832.jpg', '2003-10-14', NULL, 1, 0),
	(130, 'password', NULL, 0, 'aliciawilliams', 'Misty', 'Lee', 'dfranklin@example.net', 0, 1, '2023-03-21 17:34:09.631750', 'FR', 'Users/aliciawilliams/600594_1.jpg', '1988-09-07', NULL, 0, 0),
	(131, 'password', NULL, 0, 'jennifermartinez', 'Sandra', 'Palmer', 'rtorres@example.com', 0, 1, '2023-03-21 17:34:09.648804', 'FR', 'Users/jennifermartinez/932496.jpg', '1981-10-29', NULL, 0, 0),
	(132, 'password', NULL, 0, 'richardsonbrandon', 'Jessica', 'Lee', 'briansimon@example.net', 0, 1, '2023-03-21 17:34:09.657823', 'FR', 'Users/richardsonbrandon/617636.jpg', '2000-08-14', NULL, 1, 0),
	(133, 'password', NULL, 0, 'dillongriffith', 'Lance', 'Lopez', 'sgarcia@example.net', 0, 1, '2023-03-21 17:34:09.670336', 'FR', 'Users/dillongriffith/602224.jpg', '1996-02-08', NULL, 1, 0),
	(134, 'password', NULL, 0, 'lewishunter', 'Savannah', 'Davis', 'flynnbrian@example.net', 0, 1, '2023-03-21 17:34:09.680857', 'SP', 'Users/lewishunter/601832.jpg', '2003-08-03', NULL, 0, 0),
	(135, 'password', NULL, 0, 'jonathangarcia', 'Marcus', 'Wright', 'xwashington@example.org', 0, 1, '2023-03-21 17:34:09.687507', 'FR', 'Users/jonathangarcia/564931.jpg', '1988-07-31', NULL, 1, 0),
	(136, 'password', NULL, 0, 'ydavis', 'Laura', 'Keith', 'rosesara@example.org', 0, 1, '2023-03-21 17:34:09.701751', 'CH', 'Users/ydavis/918287.png', '1983-07-31', NULL, 0, 0),
	(137, 'password', NULL, 0, 'derekrivera', 'Kevin', 'Taylor', 'zavalaelizabeth@example.net', 0, 1, '2023-03-21 17:34:09.720743', 'FR', 'Users/derekrivera/472424.jpg', '1980-09-20', NULL, 0, 0),
	(138, 'password', NULL, 0, 'vgregory', 'Elizabeth', 'Taylor', 'cartermichelle@example.org', 0, 1, '2023-03-21 17:34:09.729248', 'EN', 'Users/vgregory/665369.jpg', '1980-01-18', NULL, 0, 0),
	(139, 'password', NULL, 0, 'paul54', 'Joseph', 'Anderson', 'qfritz@example.org', 0, 1, '2023-03-21 17:34:09.736319', 'CH', 'Users/paul54/617633.jpg', '1989-09-17', NULL, 0, 0),
	(140, 'password', NULL, 0, 'maryterry', 'Vincent', 'David', 'cgonzalez@example.org', 0, 1, '2023-03-21 17:34:09.745265', 'GE', 'Users/maryterry/934557.jpg', '1982-08-06', NULL, 1, 0),
	(141, 'password', NULL, 0, 'bsingh', 'Robin', 'Gallagher', 'justin95@example.net', 0, 1, '2023-03-21 17:34:09.753294', 'EN', 'Users/bsingh/599133.jpg', '1991-11-27', NULL, 1, 0),
	(142, 'password', NULL, 0, 'phillipsjorge', 'Meagan', 'Lee', 'scottrichardson@example.net', 0, 1, '2023-03-21 17:34:09.761958', 'FR', 'Users/phillipsjorge/818437.png', '1995-10-12', NULL, 0, 0),
	(143, 'password', NULL, 0, 'flemingbrandy', 'Justin', 'Wright', 'zleonard@example.org', 0, 1, '2023-03-21 17:34:09.770299', 'GE', 'Users/flemingbrandy/871169.png', '1994-01-21', NULL, 0, 0),
	(144, 'password', NULL, 0, 'erin37', 'Hannah', 'Diaz', 'nathanibarra@example.com', 0, 1, '2023-03-21 17:34:09.776300', 'SP', 'Users/erin37/549919.jpg', '2002-05-08', NULL, 1, 0),
	(145, 'password', NULL, 0, 'lmacdonald', 'Nicole', 'Roy', 'cheryldeleon@example.net', 0, 1, '2023-03-21 17:34:09.783814', 'GE', 'Users/lmacdonald/933784.jpg', '1986-06-19', NULL, 1, 0),
	(146, 'password', NULL, 0, 'xdavid', 'Leslie', 'Smith', 'danielle93@example.com', 0, 1, '2023-03-21 17:34:09.793398', 'GE', 'Users/xdavid/546077.jpg', '1985-05-05', NULL, 1, 0),
	(147, 'password', NULL, 0, 'deckersavannah', 'John', 'Davis', 'donaldcunningham@example.com', 0, 1, '2023-03-21 17:34:09.801759', 'SP', 'Users/deckersavannah/555837.jpg', '1999-04-14', NULL, 1, 0),
	(148, 'password', NULL, 0, 'jeffrey69', 'Daniel', 'Grimes', 'byrdmelanie@example.com', 0, 1, '2023-03-21 17:34:09.809025', 'EN', 'Users/jeffrey69/709880.jpg', '1983-07-04', NULL, 1, 0),
	(149, 'password', NULL, 0, 'ihicks', 'Patricia', 'Smith', 'hillmark@example.com', 0, 1, '2023-03-21 17:34:09.815792', 'FR', 'Users/ihicks/159692.jpg', '1980-09-15', NULL, 0, 0),
	(150, 'password', NULL, 0, 'stephenfleming', 'Jamie', 'Fisher', 'noahmartinez@example.com', 0, 1, '2023-03-21 17:34:09.826310', 'CH', 'Users/stephenfleming/551538.jpg', '1984-02-18', NULL, 0, 0),
	(151, 'password', NULL, 0, 'joneslarry', 'Larry', 'Young', 'emartinez@example.net', 0, 1, '2023-03-21 17:34:09.831811', 'FR', 'Users/joneslarry/937908.jpg', '2004-08-14', NULL, 1, 0),
	(152, 'password', NULL, 0, 'daniel01', 'Shelia', 'Rivas', 'natashavaughn@example.net', 0, 1, '2023-03-21 17:34:09.840428', 'EN', 'Users/daniel01/564931_1.jpg', '1994-01-07', NULL, 1, 0),
	(153, 'password', NULL, 0, 'spencerchristian', 'Michael', 'Flowers', 'nicholas61@example.net', 0, 1, '2023-03-21 17:34:09.855755', 'EN', 'Users/spencerchristian/734559.png', '1985-09-20', NULL, 1, 0),
	(154, 'password', NULL, 0, 'dleonard', 'Ronald', 'Mcdowell', 'katherine14@example.com', 0, 1, '2023-03-21 17:34:09.869732', 'CH', 'Users/dleonard/468739_1.jpg', '2005-08-15', NULL, 0, 0),
	(155, 'password', NULL, 0, 'diana58', 'Marcus', 'Zamora', 'rodriguezvanessa@example.net', 0, 1, '2023-03-21 17:34:09.876566', 'FR', 'Users/diana58/686773.jpg', '1981-12-29', NULL, 1, 0),
	(156, 'password', NULL, 0, 'ywalker', 'Rita', 'Ortiz', 'jacqueline22@example.net', 0, 1, '2023-03-21 17:34:09.888080', 'SP', 'Users/ywalker/568499.jpg', '1983-08-09', NULL, 0, 0),
	(157, 'password', NULL, 0, 'reedjill', 'Justin', 'Combs', 'barnesroy@example.com', 0, 1, '2023-03-21 17:34:09.897430', 'GE', 'Users/reedjill/710798.jpg', '2004-01-05', NULL, 1, 0),
	(158, 'password', NULL, 0, 'wilsonheather', 'Samuel', 'Robinson', 'monicapaul@example.org', 0, 1, '2023-03-21 17:34:09.903444', 'FR', 'Users/wilsonheather/710798.jpg', '1996-08-02', NULL, 1, 0),
	(159, 'password', NULL, 0, 'grodriguez', 'James', 'Gordon', 'savannah43@example.org', 0, 1, '2023-03-21 17:34:09.909270', 'SP', 'Users/grodriguez/502309.jpg', '1996-03-21', NULL, 1, 0),
	(160, 'password', NULL, 0, 'lsnyder', 'Brian', 'Torres', 'zrandall@example.net', 0, 1, '2023-03-21 17:34:09.916288', 'CH', 'Users/lsnyder/710535.jpg', '1988-09-14', NULL, 0, 0),
	(161, 'password', NULL, 0, 'khunter', 'Patricia', 'Robertson', 'bennetttaylor@example.com', 0, 1, '2023-03-21 17:34:09.921518', 'GE', 'Users/khunter/710798.jpg', '1993-07-20', NULL, 1, 0),
	(162, 'password', NULL, 0, 'laurenlogan', 'Heather', 'Terry', 'uhuynh@example.org', 0, 1, '2023-03-21 17:34:09.927785', 'GE', 'Users/laurenlogan/605639.jpg', '1984-07-31', NULL, 1, 0),
	(163, 'password', NULL, 0, 'michael09', 'Nina', 'Lam', 'ewoods@example.net', 0, 1, '2023-03-21 17:34:09.935298', 'SP', 'Users/michael09/568874.jpg', '1983-07-08', NULL, 0, 0),
	(164, 'password', NULL, 0, 'kenneth93', 'Barry', 'Douglas', 'dylanowen@example.org', 0, 1, '2023-03-21 17:34:09.943804', 'FR', 'Users/kenneth93/728529.jpg', '1988-02-28', NULL, 1, 0),
	(165, 'password', NULL, 0, 'ejackson', 'Jason', 'Hernandez', 'udavila@example.com', 0, 1, '2023-03-21 17:34:09.950805', 'SP', 'Users/ejackson/456536.jpg', '1983-06-16', NULL, 1, 0),
	(166, 'password', NULL, 0, 'gmiranda', 'Jennifer', 'Nunez', 'robertjackson@example.com', 0, 1, '2023-03-21 17:34:09.959184', 'CH', 'Users/gmiranda/937908.jpg', '1982-05-01', NULL, 0, 0),
	(167, 'password', NULL, 0, 'jessica83', 'William', 'Moses', 'margaret85@example.net', 0, 1, '2023-03-21 17:34:09.967240', 'SP', 'Users/jessica83/390609.jpg', '1999-02-17', NULL, 0, 0),
	(168, 'password', NULL, 0, 'danielle32', 'Joseph', 'Reed', 'michaelwilliams@example.org', 0, 1, '2023-03-21 17:34:09.977248', 'FR', 'Users/danielle32/686328.jpg', '1997-03-12', NULL, 1, 0),
	(169, 'password', NULL, 0, 'lindsey78', 'Joanne', 'Hurst', 'lcarr@example.net', 0, 1, '2023-03-21 17:34:09.983264', 'EN', 'Users/lindsey78/568500.jpg', '1988-07-18', NULL, 0, 0),
	(170, 'password', NULL, 0, 'jonortega', 'John', 'Norris', 'njarvis@example.org', 0, 1, '2023-03-21 17:34:09.991730', 'SP', 'Users/jonortega/717234.jpg', '1980-05-23', NULL, 0, 0),
	(171, 'password', NULL, 0, 'josephallen', 'Thomas', 'Doyle', 'hernandezamanda@example.net', 0, 1, '2023-03-21 17:34:10.000950', 'EN', 'Users/josephallen/717234.jpg', '1983-07-27', NULL, 1, 0),
	(172, 'password', NULL, 0, 'brownmadison', 'Dana', 'Edwards', 'asanchez@example.net', 0, 1, '2023-03-21 17:34:10.010265', 'FR', 'Users/brownmadison/559116.png', '1995-10-27', NULL, 0, 0),
	(173, 'password', NULL, 0, 'taylorfrank', 'Carol', 'Goodman', 'ruizariel@example.com', 0, 1, '2023-03-21 17:34:10.017277', 'EN', 'Users/taylorfrank/709885.jpg', '2003-09-01', NULL, 0, 0),
	(174, 'password', NULL, 0, 'amysmall', 'Christina', 'Dickson', 'upalmer@example.com', 0, 1, '2023-03-21 17:34:10.028231', 'EN', 'Users/amysmall/206300.jpg', '1988-11-16', NULL, 1, 0),
	(175, 'password', NULL, 0, 'brittanyrussell', 'Teresa', 'Ray', 'jeffrey66@example.com', 0, 1, '2023-03-21 17:34:10.033740', 'SP', 'Users/brittanyrussell/551538_1.jpg', '1999-01-12', NULL, 0, 0),
	(176, 'password', NULL, 0, 'ronniesmith', 'Antonio', 'Johnston', 'lisa18@example.com', 0, 1, '2023-03-21 17:34:10.040241', 'GE', 'Users/ronniesmith/407469_1.jpg', '1996-03-05', NULL, 1, 0),
	(177, 'password', NULL, 0, 'davidcallahan', 'Edward', 'Barron', 'barbaramiller@example.net', 0, 1, '2023-03-21 17:34:10.047250', 'SP', 'Users/davidcallahan/810692.jpg', '1998-08-30', NULL, 0, 0),
	(178, 'password', NULL, 0, 'jcardenas', 'Sarah', 'Gutierrez', 'astewart@example.org', 0, 1, '2023-03-21 17:34:10.056765', 'SP', 'Users/jcardenas/684094.jpg', '1990-12-03', NULL, 1, 0),
	(179, 'password', NULL, 0, 'rgonzalez', 'Joseph', 'Rodriguez', 'oclark@example.com', 0, 1, '2023-03-21 17:34:10.070296', 'FR', 'Users/rgonzalez/904467.png', '1987-02-17', NULL, 1, 0),
	(180, 'password', NULL, 0, 'arnoldmary', 'Rebecca', 'Collins', 'elizabeth20@example.com', 0, 1, '2023-03-21 17:34:10.079840', 'FR', 'Users/arnoldmary/564931_1.jpg', '2000-12-11', NULL, 1, 0),
	(181, 'password', NULL, 0, 'tbrown', 'Joshua', 'Santiago', 'hawkinsjulie@example.net', 0, 1, '2023-03-21 17:34:10.094385', 'EN', 'Users/tbrown/390609.jpg', '1984-04-10', NULL, 0, 0),
	(182, 'password', NULL, 0, 'fpadilla', 'Omar', 'Peters', 'ricky01@example.com', 0, 1, '2023-03-21 17:34:10.103699', 'GE', 'Users/fpadilla/159670.jpg', '1989-03-29', NULL, 1, 0),
	(183, 'password', NULL, 0, 'michael05', 'Jenna', 'Mitchell', 'william04@example.net', 0, 1, '2023-03-21 17:34:10.115138', 'EN', 'Users/michael05/934557.jpg', '1995-11-26', NULL, 0, 0),
	(184, 'password', NULL, 0, 'nheath', 'Cameron', 'Murillo', 'qgonzalez@example.net', 0, 1, '2023-03-21 17:34:10.123162', 'SP', 'Users/nheath/463447.jpg', '1981-11-14', NULL, 1, 0),
	(185, 'password', NULL, 0, 'dcolon', 'Debra', 'Riley', 'cmcdonald@example.net', 0, 1, '2023-03-21 17:34:10.132903', 'CH', 'Users/dcolon/390609.jpg', '1986-03-12', NULL, 1, 0),
	(186, 'password', NULL, 0, 'brian68', 'Steven', 'Black', 'mindy50@example.org', 0, 1, '2023-03-21 17:34:10.143796', 'SP', 'Users/brian68/665369.jpg', '1981-06-21', NULL, 0, 0),
	(187, 'password', NULL, 0, 'katie40', 'Christopher', 'Padilla', 'brewermatthew@example.net', 0, 1, '2023-03-21 17:34:10.151796', 'SP', 'Users/katie40/902379.jpg', '1994-05-05', NULL, 0, 0),
	(188, 'password', NULL, 0, 'devin66', 'Michelle', 'Douglas', 'danieljohnson@example.com', 0, 1, '2023-03-21 17:34:10.161312', 'SP', 'Users/devin66/206300.jpg', '1995-08-09', NULL, 1, 0),
	(189, 'password', NULL, 0, 'connerlisa', 'Justin', 'Mcbride', 'byrdtiffany@example.net', 0, 1, '2023-03-21 17:34:10.166773', 'SP', 'Users/connerlisa/699287.jpg', '1992-12-14', NULL, 1, 0),
	(190, 'password', NULL, 0, 'megan14', 'Zachary', 'Brennan', 'emmabrown@example.com', 0, 1, '2023-03-21 17:34:10.178765', 'CH', 'Users/megan14/695076.jpg', '1992-07-05', NULL, 0, 0),
	(191, 'password', NULL, 0, 'charlesmorton', 'Olivia', 'Key', 'justin85@example.com', 0, 1, '2023-03-21 17:34:10.185659', 'EN', 'Users/charlesmorton/858610.jpg', '1999-02-16', NULL, 1, 0),
	(192, 'password', NULL, 0, 'gardnerrobert', 'Tyler', 'Austin', 'qharris@example.com', 0, 1, '2023-03-21 17:34:10.191677', 'FR', 'Users/gardnerrobert/136.jpg', '1997-05-07', NULL, 1, 0),
	(193, 'password', NULL, 0, 'fbrown', 'Donald', 'Brown', 'dennis99@example.net', 0, 1, '2023-03-21 17:34:10.196929', 'FR', 'Users/fbrown/157265.jpg', '1982-12-12', NULL, 1, 0),
	(194, 'password', NULL, 0, 'tiffany35', 'Danny', 'Reed', 'jeremy17@example.org', 0, 1, '2023-03-21 17:34:10.207745', 'GE', 'Users/tiffany35/932606.jpg', '1994-04-15', NULL, 0, 0),
	(195, 'password', NULL, 0, 'baileytonya', 'April', 'Lucas', 'sanchezemily@example.net', 0, 1, '2023-03-21 17:34:10.218254', 'EN', 'Users/baileytonya/934557.jpg', '1982-09-04', NULL, 1, 0),
	(196, 'password', NULL, 0, 'justinramirez', 'Stephanie', 'Payne', 'sarah99@example.com', 0, 1, '2023-03-21 17:34:10.226224', 'GE', 'Users/justinramirez/602223.jpg', '2005-08-20', NULL, 1, 0),
	(197, 'password', NULL, 0, 'joseph32', 'Shawn', 'Harris', 'petersonsteven@example.net', 0, 1, '2023-03-21 17:34:10.237804', 'SP', 'Users/joseph32/159692.jpg', '1982-02-01', NULL, 0, 0),
	(198, 'password', NULL, 0, 'cjordan', 'Stephen', 'Crawford', 'megan11@example.net', 0, 1, '2023-03-21 17:34:10.248777', 'EN', 'Users/cjordan/728529.jpg', '1993-02-28', NULL, 1, 0),
	(199, 'password', NULL, 0, 'tapiashane', 'Danny', 'Ward', 'huntdonna@example.net', 0, 1, '2023-03-21 17:34:10.255288', 'EN', 'Users/tapiashane/898616.jpg', '1984-09-04', NULL, 1, 0),
	(200, 'password', NULL, 0, 'mwallace', 'Zachary', 'Taylor', 'rodriguezelizabeth@example.com', 0, 1, '2023-03-21 17:34:10.261289', 'GE', 'Users/mwallace/564929.jpg', '1981-03-15', NULL, 0, 0),
	(201, 'password', NULL, 0, 'gfowler', 'Christopher', 'Soto', 'traviscarroll@example.com', 0, 1, '2023-03-21 17:34:10.275307', 'SP', 'Users/gfowler/564929.jpg', '2004-12-26', NULL, 0, 0),
	(202, 'password', NULL, 0, 'wellscharles', 'Luke', 'Taylor', 'grimessharon@example.com', 0, 1, '2023-03-21 17:34:10.286824', 'SP', 'Users/wellscharles/902379.jpg', '1997-03-09', NULL, 1, 0),
	(203, 'password', NULL, 0, 'williamwest', 'Eileen', 'Cox', 'shahlynn@example.org', 0, 1, '2023-03-21 17:34:10.294859', 'EN', 'Users/williamwest/710940.png', '1996-12-25', NULL, 0, 0),
	(204, 'password', NULL, 0, 'greenelizabeth', 'Donald', 'Mills', 'randalljoshua@example.net', 0, 1, '2023-03-21 17:34:10.305253', 'CH', 'Users/greenelizabeth/159670.jpg', '2000-03-19', NULL, 0, 0),
	(205, 'password', NULL, 0, 'hollyross', 'Michael', 'Curry', 'plamb@example.com', 0, 1, '2023-03-21 17:34:10.314268', 'FR', 'Users/hollyross/463438_1.jpg', '1994-12-03', NULL, 0, 0),
	(206, 'password', NULL, 0, 'williamsalas', 'Jason', 'Wang', 'hsalinas@example.com', 0, 1, '2023-03-21 17:34:10.323282', 'SP', 'Users/williamsalas/333369.jpg', '2001-11-20', NULL, 0, 0),
	(207, 'password', NULL, 0, 'orivera', 'Annette', 'Williams', 'natalie96@example.com', 0, 1, '2023-03-21 17:34:10.329731', 'EN', 'Users/orivera/542443.jpg', '2002-04-26', NULL, 0, 0),
	(208, 'password', NULL, 0, 'williamsmichael', 'Alex', 'Woodard', 'lesliewallace@example.net', 0, 1, '2023-03-21 17:34:10.338756', 'SP', 'Users/williamsmichael/686328.jpg', '2002-06-01', NULL, 0, 0),
	(209, 'password', NULL, 0, 'vrosales', 'Jennifer', 'Coleman', 'proctorlori@example.net', 0, 1, '2023-03-21 17:34:10.345146', 'CH', 'Users/vrosales/328013.jpg', '2002-09-09', NULL, 0, 0),
	(210, 'password', NULL, 0, 'rbond', 'Brandon', 'Cooper', 'awarren@example.com', 0, 1, '2023-03-21 17:34:10.350648', 'EN', 'Users/rbond/472424.jpg', '1993-11-14', NULL, 0, 0),
	(211, 'password', NULL, 0, 'ann16', 'Stephanie', 'Wilson', 'ylee@example.com', 0, 1, '2023-03-21 17:34:10.359113', 'EN', 'Users/ann16/617636.jpg', '1982-10-13', NULL, 0, 0),
	(212, 'password', NULL, 0, 'lisavargas', 'Jennifer', 'Bridges', 'valerie64@example.org', 0, 1, '2023-03-21 17:34:10.371243', 'GE', 'Users/lisavargas/546605.jpg', '1989-11-15', NULL, 1, 0),
	(213, 'password', NULL, 0, 'cynthiagreen', 'Jessica', 'Decker', 'carriewilliams@example.com', 0, 1, '2023-03-21 17:34:10.378741', 'EN', 'Users/cynthiagreen/546605.jpg', '1989-04-19', NULL, 1, 0),
	(214, 'password', NULL, 0, 'jwarren', 'Kelsey', 'Green', 'gonzalesjoanna@example.org', 0, 1, '2023-03-21 17:34:10.385795', 'EN', 'Users/jwarren/739397.jpg', '2005-12-12', NULL, 0, 0),
	(215, 'password', NULL, 0, 'hbuck', 'Cynthia', 'Adams', 'smithlindsey@example.net', 0, 1, '2023-03-21 17:34:10.393277', 'EN', 'Users/hbuck/927310.jpg', '2005-06-04', NULL, 0, 0),
	(216, 'password', NULL, 0, 'wesley46', 'Jasmine', 'Walker', 'wbrewer@example.org', 0, 1, '2023-03-21 17:34:10.399650', 'EN', 'Users/wesley46/599010_1.jpg', '1983-06-07', NULL, 1, 0),
	(217, 'password', NULL, 0, 'nicholas33', 'Jamie', 'Andrade', 'margaretobrien@example.com', 0, 1, '2023-03-21 17:34:10.407261', 'SP', 'Users/nicholas33/694756.jpg', '1984-12-09', NULL, 1, 0),
	(218, 'password', NULL, 0, 'josephgarcia', 'Tamara', 'Williamson', 'jessicawhitaker@example.com', 0, 1, '2023-03-21 17:34:10.414778', 'GE', 'Users/josephgarcia/936378.jpg', '1983-12-15', NULL, 0, 0),
	(219, 'password', NULL, 0, 'ellisjennifer', 'Jessica', 'Richardson', 'hjones@example.com', 0, 1, '2023-03-21 17:34:10.423792', 'FR', 'Users/ellisjennifer/551538_1.jpg', '2004-12-28', NULL, 1, 0),
	(220, 'password', NULL, 0, 'frank89', 'Laura', 'Davis', 'uparks@example.com', 0, 1, '2023-03-21 17:34:10.429292', 'GE', 'Users/frank89/599037.jpg', '1992-08-06', NULL, 1, 0),
	(221, 'password', NULL, 0, 'caldwelljustin', 'Nicole', 'Fitzgerald', 'fmartinez@example.com', 0, 1, '2023-03-21 17:34:10.436273', 'GE', 'Users/caldwelljustin/600594.jpg', '1984-06-15', NULL, 1, 0),
	(222, 'password', NULL, 0, 'patricia86', 'Jonathan', 'Nelson', 'xgray@example.net', 0, 1, '2023-03-21 17:34:10.447218', 'EN', 'Users/patricia86/601832.jpg', '2004-11-08', NULL, 1, 0),
	(223, 'password', NULL, 0, 'moorekeith', 'Melissa', 'Fowler', 'randalljuarez@example.net', 0, 1, '2023-03-21 17:34:10.452722', 'FR', 'Users/moorekeith/599010.jpg', '1992-07-23', NULL, 0, 0),
	(224, 'password', NULL, 0, 'kristopherrichardson', 'Thomas', 'Burgess', 'annette62@example.com', 0, 1, '2023-03-21 17:34:10.459733', 'FR', 'Users/kristopherrichardson/734559.png', '2003-07-18', NULL, 1, 0),
	(225, 'password', NULL, 0, 'michael50', 'Matthew', 'Snow', 'pcole@example.com', 0, 1, '2023-03-21 17:34:10.474951', 'GE', 'Users/michael50/904467.png', '2000-05-14', NULL, 1, 0),
	(226, 'password', NULL, 0, 'awhite', 'Justin', 'Mills', 'christopher16@example.org', 0, 1, '2023-03-21 17:34:10.481741', 'CH', 'Users/awhite/697919.jpg', '2003-10-22', NULL, 0, 0),
	(227, 'password', NULL, 0, 'bellmathew', 'Thomas', 'Gutierrez', 'melissa64@example.net', 0, 1, '2023-03-21 17:34:10.486254', 'GE', 'Users/bellmathew/967406.jpg', '1988-06-29', NULL, 1, 0),
	(228, 'password', NULL, 0, 'tonycarter', 'Mark', 'Martin', 'clarkteresa@example.org', 0, 1, '2023-03-21 17:34:10.491768', 'GE', 'Users/tonycarter/603034.png', '1996-03-09', NULL, 1, 0),
	(229, 'password', NULL, 0, 'michael22', 'Raymond', 'Johnson', 'joann48@example.org', 0, 1, '2023-03-21 17:34:10.503737', 'GE', 'Users/michael22/717234.jpg', '1997-10-21', NULL, 1, 0),
	(230, 'password', NULL, 0, 'johnsonfrank', 'Anthony', 'Frye', 'qbaldwin@example.net', 0, 1, '2023-03-21 17:34:10.514759', 'EN', 'Users/johnsonfrank/462370.jpg', '1987-12-12', NULL, 0, 0),
	(231, 'password', NULL, 0, 'nicole94', 'Lisa', 'Lee', 'mark58@example.org', 0, 1, '2023-03-21 17:34:10.525779', 'FR', 'Users/nicole94/407469.jpg', '2004-10-30', NULL, 1, 0),
	(232, 'password', NULL, 0, 'aholmes', 'Joshua', 'Campbell', 'howardbarry@example.com', 0, 1, '2023-03-21 17:34:10.533296', 'CH', 'Users/aholmes/562920.jpg', '1997-01-08', NULL, 1, 0),
	(233, 'password', NULL, 0, 'uevans', 'Roberta', 'Matthews', 'colleengonzalez@example.net', 0, 1, '2023-03-21 17:34:10.541800', 'EN', 'Users/uevans/463438.jpg', '2004-10-30', NULL, 1, 0),
	(234, 'password', NULL, 0, 'tanyarice', 'Jessica', 'Johnston', 'dave44@example.net', 0, 1, '2023-03-21 17:34:10.551267', 'CH', 'Users/tanyarice/599133.jpg', '1983-03-30', NULL, 0, 0),
	(235, 'password', NULL, 0, 'calvinmiranda', 'Shelley', 'Jones', 'angela79@example.org', 0, 1, '2023-03-21 17:34:10.560787', 'GE', 'Users/calvinmiranda/463438_1.jpg', '1995-03-22', NULL, 0, 0),
	(236, 'password', NULL, 0, 'jennifer35', 'Shannon', 'Smith', 'timray@example.org', 0, 1, '2023-03-21 17:34:10.569789', 'FR', 'Users/jennifer35/967406.jpg', '1981-11-07', NULL, 1, 0),
	(237, 'password', NULL, 0, 'henrylogan', 'Sara', 'Santiago', 'owilliams@example.com', 0, 1, '2023-03-21 17:34:10.575780', 'SP', 'Users/henrylogan/685698.jpg', '1983-04-10', NULL, 0, 0),
	(238, 'password', NULL, 0, 'ronald59', 'Jeremy', 'Smith', 'elizabeth30@example.org', 0, 1, '2023-03-21 17:34:10.582783', 'FR', 'Users/ronald59/617636.jpg', '1984-02-14', NULL, 0, 0),
	(239, 'password', NULL, 0, 'alexispeterson', 'Seth', 'Nicholson', 'david66@example.org', 0, 1, '2023-03-21 17:34:10.594805', 'EN', 'Users/alexispeterson/902379.jpg', '1985-04-09', NULL, 1, 0),
	(240, 'password', NULL, 0, 'tony63', 'Katie', 'Wagner', 'wreeves@example.com', 0, 1, '2023-03-21 17:34:10.601783', 'CH', 'Users/tony63/526622.jpg', '1983-02-17', NULL, 0, 0),
	(241, 'password', NULL, 0, 'lestercynthia', 'Thomas', 'Crawford', 'jilliangibson@example.com', 0, 1, '2023-03-21 17:34:10.609798', 'CH', 'Users/lestercynthia/640956.jpg', '1984-03-19', NULL, 0, 0),
	(242, 'password', NULL, 0, 'ymontgomery', 'David', 'Lee', 'ediaz@example.org', 0, 1, '2023-03-21 17:34:10.617757', 'GE', 'Users/ymontgomery/702620.png', '1992-02-24', NULL, 0, 0),
	(243, 'password', NULL, 0, 'guerrajack', 'Paula', 'Cherry', 'angelamcpherson@example.org', 0, 1, '2023-03-21 17:34:10.631772', 'EN', 'Users/guerrajack/468209.jpg', '1981-12-23', NULL, 0, 0),
	(244, 'password', NULL, 0, 'ljenkins', 'Anne', 'Young', 'ijones@example.com', 0, 1, '2023-03-21 17:34:10.639287', 'CH', 'Users/ljenkins/546605.jpg', '1996-08-20', NULL, 1, 0),
	(245, 'password', NULL, 0, 'crystalfischer', 'James', 'Davis', 'katiegreen@example.com', 0, 1, '2023-03-21 17:34:10.647283', 'GE', 'Users/crystalfischer/390609.jpg', '1994-05-30', NULL, 1, 0),
	(246, 'password', NULL, 0, 'ikelly', 'Tammy', 'Johnston', 'timothywatts@example.net', 0, 1, '2023-03-21 17:34:10.657791', 'GE', 'Users/ikelly/595710.jpg', '1987-02-17', NULL, 0, 0),
	(247, 'password', NULL, 0, 'laurenallen', 'Regina', 'Davila', 'lori80@example.net', 0, 1, '2023-03-21 17:34:10.663807', 'EN', 'Users/laurenallen/551538_1.jpg', '1999-03-12', NULL, 0, 0),
	(248, 'password', NULL, 0, 'svaughn', 'Adam', 'Meadows', 'tonyfriedman@example.com', 0, 1, '2023-03-21 17:34:10.669806', 'GE', 'Users/svaughn/562920.jpg', '1988-03-02', NULL, 0, 0),
	(249, 'password', NULL, 0, 'brian15', 'Danielle', 'Williams', 'jordanzachary@example.net', 0, 1, '2023-03-21 17:34:10.676486', 'EN', 'Users/brian15/333369.jpg', '2004-06-14', NULL, 0, 0),
	(250, 'password', NULL, 0, 'stephanie40', 'Dustin', 'Garcia', 'zimmermansydney@example.net', 0, 1, '2023-03-21 17:34:10.682814', 'GE', 'Users/stephanie40/739029.jpg', '1995-12-07', NULL, 1, 0),
	(251, 'password', NULL, 0, 'tony91', 'Robert', 'Wang', 'meredithguzman@example.com', 0, 1, '2023-03-21 17:34:10.691810', 'CH', 'Users/tony91/600712.jpg', '2004-11-18', NULL, 1, 0),
	(252, 'password', NULL, 0, 'nguyencourtney', 'Christopher', 'Duran', 'longryan@example.org', 0, 1, '2023-03-21 17:34:10.700723', 'FR', 'Users/nguyencourtney/463438_1.jpg', '1984-08-09', NULL, 0, 0),
	(253, 'password', NULL, 0, 'taylormoore', 'Jennifer', 'Gentry', 'guerrerosusan@example.net', 0, 1, '2023-03-21 17:34:10.709237', 'FR', 'Users/taylormoore/542443.jpg', '2001-09-10', NULL, 1, 0),
	(254, 'password', NULL, 0, 'awheeler', 'Blake', 'Carter', 'lawrencevictor@example.net', 0, 1, '2023-03-21 17:34:10.717993', 'EN', 'Users/awheeler/562920.jpg', '1993-03-15', NULL, 0, 0),
	(255, 'password', NULL, 0, 'moorebeverly', 'Nicole', 'Collins', 'kevin51@example.net', 0, 1, '2023-03-21 17:34:10.724914', 'SP', 'Users/moorebeverly/600293.jpg', '1991-05-12', NULL, 1, 0),
	(256, 'password', NULL, 0, 'pattersonangel', 'Juan', 'Clarke', 'nmurphy@example.org', 0, 1, '2023-03-21 17:34:10.737429', 'SP', 'Users/pattersonangel/463438_1.jpg', '2004-06-03', NULL, 1, 0),
	(257, 'password', NULL, 0, 'jessicasuarez', 'Alexandra', 'White', 'lauragonzalez@example.com', 0, 1, '2023-03-21 17:34:10.745292', 'FR', 'Users/jessicasuarez/810692.jpg', '2002-03-25', NULL, 0, 0),
	(258, 'password', NULL, 0, 'karabaker', 'Christopher', 'Harmon', 'carolynkelly@example.org', 0, 1, '2023-03-21 17:34:10.754808', 'SP', 'Users/karabaker/528812.jpg', '1993-12-05', NULL, 0, 0),
	(259, 'password', NULL, 0, 'ashley53', 'Zachary', 'Stokes', 'cooperkayla@example.net', 0, 1, '2023-03-21 17:34:10.763322', 'GE', 'Users/ashley53/599010.jpg', '1980-08-25', NULL, 1, 0),
	(260, 'password', NULL, 0, 'carmenhill', 'Mary', 'Richards', 'gstrickland@example.net', 0, 1, '2023-03-21 17:34:10.770824', 'EN', 'Users/carmenhill/729086.jpg', '1996-11-20', NULL, 0, 0),
	(261, 'password', NULL, 0, 'john60', 'Adam', 'Mcpherson', 'megangarcia@example.net', 0, 1, '2023-03-21 17:34:10.779267', 'CH', 'Users/john60/716375.png', '1999-03-26', NULL, 0, 0),
	(262, 'password', NULL, 0, 'kevin77', 'Courtney', 'Conway', 'hjennings@example.org', 0, 1, '2023-03-21 17:34:10.787791', 'CH', 'Users/kevin77/463447.jpg', '1986-09-14', NULL, 1, 0),
	(263, 'password', NULL, 0, 'taylorrichard', 'Tricia', 'Rangel', 'ipayne@example.net', 0, 1, '2023-03-21 17:34:10.795820', 'SP', 'Users/taylorrichard/485812.jpg', '1982-03-22', NULL, 1, 0),
	(264, 'password', NULL, 0, 'micheleward', 'Mary', 'Hendrix', 'charlesbuchanan@example.net', 0, 1, '2023-03-21 17:34:10.804336', 'EN', 'Users/micheleward/778268.png', '1995-06-27', NULL, 0, 0),
	(265, 'password', NULL, 0, 'davidkelly', 'Thomas', 'Parker', 'jessica29@example.com', 0, 1, '2023-03-21 17:34:10.816354', 'CH', 'Users/davidkelly/555837.jpg', '1999-01-16', NULL, 1, 0),
	(266, 'password', NULL, 0, 'fmartin', 'Robert', 'Pitts', 'christopherrodriguez@example.com', 0, 1, '2023-03-21 17:34:10.822857', 'GE', 'Users/fmartin/886533.jpg', '1992-06-06', NULL, 0, 0),
	(267, 'password', NULL, 0, 'collinsbianca', 'Rachel', 'Gutierrez', 'alan14@example.com', 0, 1, '2023-03-21 17:34:10.831809', 'FR', 'Users/collinsbianca/901682.jpg', '2003-12-05', NULL, 1, 0),
	(268, 'password', NULL, 0, 'mkelly', 'Evelyn', 'Flores', 'matthewgray@example.com', 0, 1, '2023-03-21 17:34:10.840821', 'GE', 'Users/mkelly/719625.png', '1996-02-20', NULL, 0, 0),
	(269, 'password', NULL, 0, 'moralesvincent', 'Alicia', 'Morgan', 'tiffany92@example.org', 0, 1, '2023-03-21 17:34:10.851839', 'CH', 'Users/moralesvincent/810692.jpg', '2001-08-27', NULL, 0, 0),
	(270, 'password', NULL, 0, 'elizabethmiller', 'Peter', 'Peters', 'kellymelissa@example.org', 0, 1, '2023-03-21 17:34:10.860890', 'SP', 'Users/elizabethmiller/679478.jpg', '1983-03-20', NULL, 1, 0),
	(271, 'password', NULL, 0, 'whitemichael', 'Alexis', 'Smith', 'kimberlystone@example.net', 0, 1, '2023-03-21 17:34:10.866729', 'EN', 'Users/whitemichael/526622.jpg', '1985-12-19', NULL, 0, 0),
	(272, 'password', NULL, 0, 'jennifer38', 'David', 'Choi', 'christopherwilliams@example.com', 0, 1, '2023-03-21 17:34:10.873747', 'FR', 'Users/jennifer38/716555.png', '1983-09-10', NULL, 0, 0),
	(273, 'password', NULL, 0, 'julie58', 'Nichole', 'Delgado', 'estewart@example.com', 0, 1, '2023-03-21 17:34:10.888784', 'EN', 'Users/julie58/564929.jpg', '1992-01-24', NULL, 0, 0),
	(274, 'password', NULL, 0, 'wellsdillon', 'Shannon', 'Cohen', 'asimon@example.net', 0, 1, '2023-03-21 17:34:10.900302', 'EN', 'Users/wellsdillon/468739.jpg', '1990-11-19', NULL, 0, 0),
	(275, 'password', NULL, 0, 'bjordan', 'Kyle', 'Williams', 'gomezbrian@example.org', 0, 1, '2023-03-21 17:34:10.907237', 'GE', 'Users/bjordan/697919.jpg', '1991-05-08', NULL, 0, 0),
	(276, 'password', NULL, 0, 'thomas91', 'Robin', 'Lynn', 'sjohnson@example.net', 0, 1, '2023-03-21 17:34:10.911738', 'EN', 'Users/thomas91/793242.jpg', '1997-09-30', NULL, 0, 0),
	(277, 'password', NULL, 0, 'jennifersmith', 'Rebecca', 'Ross', 'rodriguezcatherine@example.net', 0, 1, '2023-03-21 17:34:10.918239', 'SP', 'Users/jennifersmith/608832.jpg', '1988-01-26', NULL, 1, 0),
	(278, 'password', NULL, 0, 'ramirezjames', 'Michelle', 'Mccormick', 'gperez@example.org', 0, 1, '2023-03-21 17:34:10.930388', 'FR', 'Users/ramirezjames/568500.jpg', '1991-10-29', NULL, 0, 0),
	(279, 'password', NULL, 0, 'wsantiago', 'Christopher', 'Clark', 'lindseygray@example.net', 0, 1, '2023-03-21 17:34:10.938246', 'FR', 'Users/wsantiago/327181.jpg', '1991-06-24', NULL, 1, 0),
	(280, 'password', NULL, 0, 'monicahoward', 'Victor', 'Copeland', 'nicholascarrillo@example.com', 0, 1, '2023-03-21 17:34:10.945763', 'SP', 'Users/monicahoward/568499.jpg', '2003-08-18', NULL, 0, 0),
	(281, 'password', NULL, 0, 'phillipadams', 'Bruce', 'Anderson', 'nicole67@example.com', 0, 1, '2023-03-21 17:34:10.954782', 'CH', 'Users/phillipadams/327181.jpg', '1991-04-21', NULL, 1, 0),
	(282, 'password', NULL, 0, 'edwin53', 'David', 'Barton', 'hickstamara@example.com', 0, 1, '2023-03-21 17:34:10.961783', 'CH', 'Users/edwin53/603034.png', '2003-08-25', NULL, 0, 0),
	(283, 'password', NULL, 0, 'noah96', 'Gerald', 'Smith', 'joshuahunter@example.org', 0, 1, '2023-03-21 17:34:10.972864', 'CH', 'Users/noah96/744908_1.jpg', '1999-04-27', NULL, 1, 0),
	(284, 'password', NULL, 0, 'andrew25', 'Jeremiah', 'Salas', 'youngpaul@example.org', 0, 1, '2023-03-21 17:34:10.979344', 'FR', 'Users/andrew25/528812.jpg', '1984-05-10', NULL, 0, 0),
	(285, 'password', NULL, 0, 'charles23', 'Courtney', 'Medina', 'sshannon@example.org', 0, 1, '2023-03-21 17:34:10.987764', 'CH', 'Users/charles23/157333.jpg', '2004-11-05', NULL, 0, 0),
	(286, 'password', NULL, 0, 'carolyn95', 'Michael', 'Gardner', 'christopher40@example.net', 0, 1, '2023-03-21 17:34:10.997745', 'EN', 'Users/carolyn95/798682.png', '1982-09-10', NULL, 1, 0),
	(287, 'password', NULL, 0, 'timothywright', 'Joshua', 'Delacruz', 'rogersjacqueline@example.com', 0, 1, '2023-03-21 17:34:11.006263', 'FR', 'Users/timothywright/327114.jpg', '1985-01-09', NULL, 0, 0),
	(288, 'password', NULL, 0, 'afarmer', 'Alan', 'Scott', 'haaschristopher@example.com', 0, 1, '2023-03-21 17:34:11.017250', 'GE', 'Users/afarmer/684094.jpg', '1996-03-14', NULL, 0, 0),
	(289, 'password', NULL, 0, 'dylan26', 'Sara', 'Greene', 'josephelizabeth@example.com', 0, 1, '2023-03-21 17:34:11.025429', 'GE', 'Users/dylan26/932496.jpg', '1984-07-17', NULL, 1, 0),
	(290, 'password', NULL, 0, 'briggsscott', 'Robert', 'Klein', 'ortizdakota@example.org', 0, 1, '2023-03-21 17:34:11.031455', 'FR', 'Users/briggsscott/328013.jpg', '2000-05-13', NULL, 1, 0),
	(291, 'password', NULL, 0, 'kimwalker', 'Douglas', 'Jackson', 'butlerbrett@example.com', 0, 1, '2023-03-21 17:34:11.036875', 'EN', 'Users/kimwalker/463438_1.jpg', '1983-06-25', NULL, 1, 0),
	(292, 'password', NULL, 0, 'epayne', 'Robert', 'Best', 'wbrooks@example.net', 0, 1, '2023-03-21 17:34:11.044722', 'SP', 'Users/epayne/599010_1.jpg', '1989-01-15', NULL, 0, 0),
	(293, 'password', NULL, 0, 'jennifer34', 'David', 'Yoder', 'rclark@example.net', 0, 1, '2023-03-21 17:34:11.051886', 'SP', 'Users/jennifer34/702620.png', '2001-12-27', NULL, 0, 0),
	(294, 'password', NULL, 0, 'hgarcia', 'Alexandra', 'Guzman', 'natalie19@example.com', 0, 1, '2023-03-21 17:34:11.065236', 'SP', 'Users/hgarcia/564931.jpg', '2002-05-09', NULL, 0, 0),
	(295, 'password', NULL, 0, 'kayla33', 'Larry', 'Cooper', 'carolineterrell@example.net', 0, 1, '2023-03-21 17:34:11.079243', 'EN', 'Users/kayla33/599037.jpg', '1986-12-25', NULL, 1, 0),
	(296, 'password', NULL, 0, 'ujohnson', 'Victoria', 'Hunter', 'lisadixon@example.net', 0, 1, '2023-03-21 17:34:11.085763', 'EN', 'Users/ujohnson/463477.jpg', '2001-02-24', NULL, 0, 0),
	(297, 'password', NULL, 0, 'heather81', 'James', 'Edwards', 'cduran@example.org', 0, 1, '2023-03-21 17:34:11.094288', 'GE', 'Users/heather81/568020.jpg', '1995-10-20', NULL, 0, 0),
	(298, 'password', NULL, 0, 'shawbradley', 'Zachary', 'Rogers', 'millsrachel@example.net', 0, 1, '2023-03-21 17:34:11.105800', 'CH', 'Users/shawbradley/933206.jpg', '2003-03-10', NULL, 1, 0),
	(299, 'password', NULL, 0, 'brian93', 'John', 'Miller', 'sandersian@example.net', 0, 1, '2023-03-21 17:34:11.114720', 'GE', 'Users/brian93/542443.jpg', '1993-05-30', NULL, 0, 0),
	(300, 'password', NULL, 0, 'gonzalezerik', 'Theresa', 'Hunter', 'thomasanthony@example.org', 0, 1, '2023-03-21 17:34:11.123733', 'EN', 'Users/gonzalezerik/699287.jpg', '1984-06-27', NULL, 1, 0),
	(301, 'password', NULL, 0, 'svance', 'Richard', 'Olson', 'amymitchell@example.org', 0, 1, '2023-03-21 17:34:11.135244', 'SP', 'Users/svance/157333.jpg', '1984-03-15', NULL, 0, 0),
	(302, 'password', NULL, 0, 'warneralexis', 'Cameron', 'Anderson', 'uroberts@example.org', 0, 1, '2023-03-21 17:34:11.145760', 'GE', 'Users/warneralexis/933784.jpg', '2001-11-10', NULL, 0, 0),
	(303, 'password', NULL, 0, 'patrick20', 'Michelle', 'Torres', 'kimberlythomas@example.org', 0, 1, '2023-03-21 17:34:11.153774', 'SP', 'Users/patrick20/665808.jpg', '1994-03-25', NULL, 0, 0),
	(304, 'password', NULL, 0, 'khansen', 'Roberta', 'Simmons', 'gmartinez@example.com', 0, 1, '2023-03-21 17:34:11.161774', 'FR', 'Users/khansen/967406.jpg', '1994-12-15', NULL, 0, 0),
	(305, 'password', NULL, 0, 'aschneider', 'Francisco', 'Bush', 'stevenskristin@example.net', 0, 1, '2023-03-21 17:34:11.167750', 'EN', 'Users/aschneider/744908_1.jpg', '1981-03-09', NULL, 0, 0),
	(306, 'password', NULL, 0, 'davidhenry', 'Helen', 'Anderson', 'ccaldwell@example.com', 0, 1, '2023-03-21 17:34:11.175264', 'CH', 'Users/davidhenry/136.jpg', '2004-06-22', NULL, 1, 0),
	(307, 'password', NULL, 0, 'gwest', 'Danielle', 'Rocha', 'erik92@example.net', 0, 1, '2023-03-21 17:34:11.180265', 'EN', 'Users/gwest/600712.jpg', '1991-10-18', NULL, 1, 0),
	(308, 'password', NULL, 0, 'kaylabeck', 'Karen', 'Francis', 'thomas08@example.com', 0, 1, '2023-03-21 17:34:11.189241', 'CH', 'Users/kaylabeck/709880.jpg', '1992-11-25', NULL, 0, 0),
	(309, 'password', NULL, 0, 'gregoryhinton', 'Pamela', 'Salinas', 'kristopher64@example.net', 0, 1, '2023-03-21 17:34:11.195582', 'EN', 'Users/gregoryhinton/617631.jpg', '2004-08-10', NULL, 0, 0),
	(310, 'password', NULL, 0, 'omosley', 'Sheila', 'Thomas', 'barnettrichard@example.org', 0, 1, '2023-03-21 17:34:11.204286', 'GE', 'Users/omosley/603034.png', '2003-02-23', NULL, 1, 0),
	(311, 'password', NULL, 0, 'washingtoncaleb', 'Richard', 'Stout', 'ufuentes@example.com', 0, 1, '2023-03-21 17:34:11.216803', 'SP', 'Users/washingtoncaleb/728240.png', '1981-03-08', NULL, 0, 0),
	(312, 'password', NULL, 0, 'brownwilliam', 'Jessica', 'Reid', 'john60@example.com', 0, 1, '2023-03-21 17:34:11.226808', 'EN', 'Users/brownwilliam/714548.png', '1987-08-27', NULL, 0, 0),
	(313, 'password', NULL, 0, 'toddblair', 'David', 'Douglas', 'grantanne@example.org', 0, 1, '2023-03-21 17:34:11.246727', 'EN', 'Users/toddblair/709880.jpg', '1985-11-11', NULL, 0, 0),
	(314, 'password', NULL, 0, 'debralittle', 'Maria', 'Mccarty', 'hhamilton@example.net', 0, 1, '2023-03-21 17:34:11.253240', 'CH', 'Users/debralittle/617633.jpg', '1989-05-02', NULL, 0, 0),
	(315, 'password', NULL, 0, 'shannonyates', 'William', 'Anderson', 'kimlloyd@example.net', 0, 1, '2023-03-21 17:34:11.261741', 'CH', 'Users/shannonyates/778268.png', '2005-08-02', NULL, 0, 0),
	(316, 'password', NULL, 0, 'vsalinas', 'Valerie', 'Allison', 'hunterrichard@example.com', 0, 1, '2023-03-21 17:34:11.275775', 'FR', 'Users/vsalinas/159670.jpg', '1993-08-27', NULL, 0, 0),
	(317, 'password', NULL, 0, 'idiaz', 'Kelsey', 'Norris', 'ssmith@example.net', 0, 1, '2023-03-21 17:34:11.284794', 'EN', 'Users/idiaz/159670.jpg', '2004-10-28', NULL, 1, 0),
	(318, 'password', NULL, 0, 'lramirez', 'Lauren', 'Charles', 'galvanjohn@example.com', 0, 1, '2023-03-21 17:34:11.293827', 'GE', 'Users/lramirez/927310.jpg', '1995-07-20', NULL, 0, 0),
	(319, 'password', NULL, 0, 'richardmeyers', 'John', 'Miller', 'marypaul@example.net', 0, 1, '2023-03-21 17:34:11.300398', 'GE', 'Users/richardmeyers/710940.png', '2003-02-02', NULL, 1, 0),
	(320, 'password', NULL, 0, 'linda30', 'Kristina', 'Davis', 'qgilmore@example.net', 0, 1, '2023-03-21 17:34:11.311403', 'CH', 'Users/linda30/704042.jpg', '1985-05-05', NULL, 1, 0),
	(321, 'password', NULL, 0, 'umurray', 'Joseph', 'Snow', 'portermartha@example.com', 0, 1, '2023-03-21 17:34:11.318943', 'GE', 'Users/umurray/564931.jpg', '1992-02-05', NULL, 0, 0),
	(322, 'password', NULL, 0, 'ncarter', 'Michael', 'Hunter', 'jgates@example.net', 0, 1, '2023-03-21 17:34:11.333749', 'EN', 'Users/ncarter/901682.jpg', '1988-04-13', NULL, 1, 0),
	(323, 'password', NULL, 0, 'lisawong', 'Heidi', 'Morgan', 'valeriehenderson@example.com', 0, 1, '2023-03-21 17:34:11.341750', 'FR', 'Users/lisawong/310162.jpg', '1985-05-22', NULL, 1, 0),
	(324, 'password', NULL, 0, 'bryanpotts', 'Daniel', 'Sutton', 'benjaminbell@example.org', 0, 1, '2023-03-21 17:34:11.357752', 'FR', 'Users/bryanpotts/934557.jpg', '1996-03-13', NULL, 1, 0),
	(325, 'password', NULL, 0, 'harrymiller', 'John', 'Davis', 'gabriellabradshaw@example.org', 0, 1, '2023-03-21 17:34:11.365235', 'FR', 'Users/harrymiller/932496.jpg', '1990-03-13', NULL, 0, 0),
	(326, 'password', NULL, 0, 'walkerkenneth', 'Erik', 'Campos', 'karaclark@example.net', 0, 1, '2023-03-21 17:34:11.371734', 'FR', 'Users/walkerkenneth/463477.jpg', '2001-07-06', NULL, 1, 0),
	(327, 'password', NULL, 0, 'april49', 'Jeffrey', 'Nelson', 'fieldskelsey@example.com', 0, 1, '2023-03-21 17:34:11.381370', 'SP', 'Users/april49/157265.jpg', '1983-10-02', NULL, 0, 0),
	(328, 'password', NULL, 0, 'sandra80', 'Victoria', 'Curtis', 'franciskirk@example.org', 0, 1, '2023-03-21 17:34:11.391239', 'FR', 'Users/sandra80/858610.jpg', '2000-02-10', NULL, 0, 0),
	(329, 'password', NULL, 0, 'bsmith', 'Tim', 'Henry', 'cynthiapatterson@example.net', 0, 1, '2023-03-21 17:34:11.397237', 'FR', 'Users/bsmith/665808.jpg', '1984-07-10', NULL, 0, 0),
	(330, 'password', NULL, 0, 'ycortez', 'Robert', 'Gutierrez', 'padillaelizabeth@example.com', 0, 1, '2023-03-21 17:34:11.405252', 'GE', 'Users/ycortez/684094.jpg', '1995-07-05', NULL, 0, 0),
	(331, 'password', NULL, 0, 'erika54', 'Gwendolyn', 'Campbell', 'rpollard@example.net', 0, 1, '2023-03-21 17:34:11.414226', 'CH', 'Users/erika54/559116.png', '1986-05-25', NULL, 1, 0),
	(332, 'password', NULL, 0, 'revans', 'John', 'Aguirre', 'allenregina@example.org', 0, 1, '2023-03-21 17:34:11.419746', 'FR', 'Users/revans/390609.jpg', '2001-12-21', NULL, 0, 0),
	(333, 'password', NULL, 0, 'alexandermitchell', 'Jerry', 'Avery', 'lmcgee@example.net', 0, 1, '2023-03-21 17:34:11.430229', 'EN', 'Users/alexandermitchell/654239.jpg', '2005-12-16', NULL, 0, 0),
	(334, 'password', NULL, 0, 'adamsryan', 'Shannon', 'Henry', 'danielle48@example.com', 0, 1, '2023-03-21 17:34:11.441640', 'SP', 'Users/adamsryan/775427.png', '2000-12-27', NULL, 0, 0),
	(335, 'password', NULL, 0, 'elucas', 'Denise', 'Bond', 'sarahgallagher@example.com', 0, 1, '2023-03-21 17:34:11.452789', 'SP', 'Users/elucas/605895.jpg', '1993-03-05', NULL, 1, 0),
	(336, 'password', NULL, 0, 'grahamalexandra', 'Daniel', 'Leon', 'daltonwilliam@example.net', 0, 1, '2023-03-21 17:34:11.461681', 'FR', 'Users/grahamalexandra/693105.png', '2000-04-12', NULL, 0, 0),
	(337, 'password', NULL, 0, 'stevenpace', 'Nicole', 'Lopez', 'jasmine58@example.org', 0, 1, '2023-03-21 17:34:11.470262', 'SP', 'Users/stevenpace/568874.jpg', '1981-11-17', NULL, 1, 0),
	(338, 'password', NULL, 0, 'emmasanchez', 'Micheal', 'Cook', 'jennifer63@example.net', 0, 1, '2023-03-21 17:34:11.478235', 'EN', 'Users/emmasanchez/693105.png', '1980-02-19', NULL, 0, 0),
	(339, 'password', NULL, 0, 'valenciamartin', 'Jacqueline', 'Horne', 'willie85@example.org', 0, 1, '2023-03-21 17:34:11.486307', 'EN', 'Users/valenciamartin/568499.jpg', '1997-07-16', NULL, 1, 0),
	(340, 'password', NULL, 0, 'nguyenderek', 'Robert', 'Johnson', 'christopher83@example.net', 0, 1, '2023-03-21 17:34:11.495338', 'SP', 'Users/nguyenderek/750338.png', '1998-05-28', NULL, 0, 0),
	(341, 'password', NULL, 0, 'chavezgregory', 'Joseph', 'George', 'hbarrett@example.net', 0, 1, '2023-03-21 17:34:11.510217', 'GE', 'Users/chavezgregory/599010.jpg', '1998-01-23', NULL, 0, 0),
	(342, 'password', NULL, 0, 'stricklanderin', 'Patrick', 'Kennedy', 'daniel00@example.com', 0, 1, '2023-03-21 17:34:11.517829', 'FR', 'Users/stricklanderin/722640.jpg', '1995-12-07', NULL, 0, 0),
	(343, 'password', NULL, 0, 'catherine93', 'Stacey', 'Kelly', 'mtaylor@example.net', 0, 1, '2023-03-21 17:34:11.531746', 'EN', 'Users/catherine93/725424.png', '1994-07-17', NULL, 1, 0),
	(344, 'password', NULL, 0, 'fyoung', 'John', 'Reynolds', 'bishopmichelle@example.org', 0, 1, '2023-03-21 17:34:11.539257', 'SP', 'Users/fyoung/476288_1.jpg', '1992-04-21', NULL, 1, 0),
	(345, 'password', NULL, 0, 'heathergibson', 'Robert', 'Liu', 'bryan79@example.org', 0, 1, '2023-03-21 17:34:11.546764', 'CH', 'Users/heathergibson/327114.jpg', '1980-06-24', NULL, 0, 0),
	(346, 'password', NULL, 0, 'john97', 'Karen', 'Morales', 'twhite@example.org', 0, 1, '2023-03-21 17:34:11.557621', 'CH', 'Users/john97/728240.png', '1988-01-30', NULL, 1, 0),
	(347, 'password', NULL, 0, 'oward', 'John', 'Arias', 'jamescindy@example.org', 0, 1, '2023-03-21 17:34:11.568265', 'GE', 'Users/oward/573701.jpg', '1990-11-17', NULL, 1, 0),
	(348, 'password', NULL, 0, 'mitchellsheila', 'Justin', 'Johnson', 'briggssusan@example.org', 0, 1, '2023-03-21 17:34:11.576281', 'FR', 'Users/mitchellsheila/602224.jpg', '1982-08-25', NULL, 1, 0),
	(349, 'password', NULL, 0, 'valeriereynolds', 'Jake', 'Davis', 'meredith99@example.org', 0, 1, '2023-03-21 17:34:11.587799', 'EN', 'Users/valeriereynolds/476288_1.jpg', '1980-11-23', NULL, 1, 0),
	(350, 'password', NULL, 0, 'ashleyjohnson', 'Brandon', 'Richards', 'carolynmoore@example.org', 0, 1, '2023-03-21 17:34:11.594822', 'SP', 'Users/ashleyjohnson/568020.jpg', '1986-04-11', NULL, 1, 0),
	(351, 'password', NULL, 0, 'gloria05', 'John', 'Marquez', 'adamwagner@example.org', 0, 1, '2023-03-21 17:34:11.605840', 'FR', 'Users/gloria05/564931.jpg', '1991-09-12', NULL, 1, 0),
	(352, 'password', NULL, 0, 'rosemichaela', 'Teresa', 'Watson', 'toddpeter@example.net', 0, 1, '2023-03-21 17:34:11.620883', 'SP', 'Users/rosemichaela/564933.jpg', '2000-07-16', NULL, 1, 0),
	(353, 'password', NULL, 0, 'gabrielabrown', 'Alyssa', 'Collins', 'uhernandez@example.org', 0, 1, '2023-03-21 17:34:11.633281', 'CH', 'Users/gabrielabrown/967406.jpg', '1995-11-20', NULL, 1, 0),
	(354, 'password', NULL, 0, 'janetnelson', 'Michael', 'Holt', 'xdoyle@example.org', 0, 1, '2023-03-21 17:34:11.639229', 'FR', 'Users/janetnelson/665369.jpg', '1995-01-23', NULL, 1, 0),
	(355, 'password', NULL, 0, 'wolfebenjamin', 'Ronald', 'Foster', 'garciajason@example.org', 0, 1, '2023-03-21 17:34:11.646242', 'EN', 'Users/wolfebenjamin/524050.jpg', '2003-05-03', NULL, 1, 0),
	(356, 'password', NULL, 0, 'stevensmith', 'Bradley', 'Wilkins', 'callahanlauren@example.org', 0, 1, '2023-03-21 17:34:11.654224', 'GE', 'Users/stevensmith/648557.jpg', '1999-04-29', NULL, 0, 0),
	(357, 'password', NULL, 0, 'mbryan', 'Amanda', 'Ray', 'brittany58@example.net', 0, 1, '2023-03-21 17:34:11.659224', 'CH', 'Users/mbryan/716375.png', '1998-08-08', NULL, 1, 0),
	(358, 'password', NULL, 0, 'glenda57', 'Rebecca', 'Cunningham', 'lopezpenny@example.org', 0, 1, '2023-03-21 17:34:11.667738', 'EN', 'Users/glenda57/724313.jpg', '1997-03-16', NULL, 0, 0),
	(359, 'password', NULL, 0, 'scottbailey', 'Richard', 'Moore', 'vrodriguez@example.com', 0, 1, '2023-03-21 17:34:11.677953', 'CH', 'Users/scottbailey/902379.jpg', '1994-03-08', NULL, 1, 0),
	(360, 'password', NULL, 0, 'smithstephanie', 'Mallory', 'Hernandez', 'michaelparks@example.com', 0, 1, '2023-03-21 17:34:11.685237', 'CH', 'Users/smithstephanie/463476.jpg', '2005-08-02', NULL, 0, 0),
	(361, 'password', NULL, 0, 'nnelson', 'Joshua', 'Young', 'cassandra33@example.org', 0, 1, '2023-03-21 17:34:11.693518', 'FR', 'Users/nnelson/716813.png', '1987-12-21', NULL, 1, 0),
	(362, 'password', NULL, 0, 'raymonddavis', 'Sarah', 'Chambers', 'shawn59@example.com', 0, 1, '2023-03-21 17:34:11.708852', 'FR', 'Users/raymonddavis/934733.jpg', '1981-01-13', NULL, 1, 0),
	(363, 'password', NULL, 0, 'amy76', 'Monica', 'Lopez', 'michaelmartinez@example.com', 0, 1, '2023-03-21 17:34:11.715263', 'GE', 'Users/amy76/778268.png', '1993-12-24', NULL, 1, 0),
	(364, 'password', NULL, 0, 'scott88', 'Danielle', 'Carlson', 'sandrabradshaw@example.net', 0, 1, '2023-03-21 17:34:11.727737', 'FR', 'Users/scott88/858610.jpg', '1984-03-05', NULL, 1, 0),
	(365, 'password', NULL, 0, 'nicholas45', 'Hunter', 'Anderson', 'christophersolis@example.org', 0, 1, '2023-03-21 17:34:11.733585', 'GE', 'Users/nicholas45/608832.jpg', '2002-07-05', NULL, 0, 0),
	(366, 'password', NULL, 0, 'ylittle', 'Scott', 'Parker', 'wurachel@example.org', 0, 1, '2023-03-21 17:34:11.748729', 'CH', 'Users/ylittle/678085.jpg', '2005-01-18', NULL, 0, 0),
	(367, 'password', NULL, 0, 'tdean', 'Jaime', 'Cook', 'fischerrachel@example.net', 0, 1, '2023-03-21 17:34:11.759233', 'GE', 'Users/tdean/327181.jpg', '1983-11-10', NULL, 1, 0),
	(368, 'password', NULL, 0, 'cindymarquez', 'Alexandra', 'Wilson', 'vwhite@example.com', 0, 1, '2023-03-21 17:34:11.766259', 'EN', 'Users/cindymarquez/549919.jpg', '2003-09-14', NULL, 1, 0),
	(369, 'password', NULL, 0, 'ithompson', 'Amy', 'Williams', 'boonenicole@example.net', 0, 1, '2023-03-21 17:34:11.773778', 'FR', 'Users/ithompson/327114.jpg', '1994-08-13', NULL, 1, 0),
	(370, 'password', NULL, 0, 'nwalls', 'Joseph', 'Vasquez', 'psmith@example.net', 0, 1, '2023-03-21 17:34:11.784791', 'GE', 'Users/nwalls/206300.jpg', '1982-04-07', NULL, 0, 0),
	(371, 'password', NULL, 0, 'spencer11', 'Dawn', 'Foster', 'craigjenkins@example.net', 0, 1, '2023-03-21 17:34:11.789805', 'CH', 'Users/spencer11/548306.jpg', '1992-11-01', NULL, 1, 0),
	(372, 'password', NULL, 0, 'yalvarez', 'Katrina', 'Martinez', 'christina89@example.com', 0, 1, '2023-03-21 17:34:11.797800', 'CH', 'Users/yalvarez/549919.jpg', '1982-08-09', NULL, 1, 0),
	(373, 'password', NULL, 0, 'santananatasha', 'Steven', 'Payne', 'angelawallace@example.com', 0, 1, '2023-03-21 17:34:11.805319', 'FR', 'Users/santananatasha/934733.jpg', '2002-05-10', NULL, 0, 0),
	(374, 'password', NULL, 0, 'smithjohn', 'Joshua', 'Evans', 'davidmarshall@example.net', 0, 1, '2023-03-21 17:34:11.811822', 'CH', 'Users/smithjohn/600594_1.jpg', '1999-02-26', NULL, 0, 0),
	(375, 'password', NULL, 0, 'edoyle', 'Dan', 'Ingram', 'hornjoe@example.org', 0, 1, '2023-03-21 17:34:11.821840', 'EN', 'Users/edoyle/932487.jpg', '1989-12-10', NULL, 1, 0),
	(376, 'password', NULL, 0, 'amurphy', 'John', 'Williams', 'cmontoya@example.org', 0, 1, '2023-03-21 17:34:11.832746', 'CH', 'Users/amurphy/936378.jpg', '1996-01-19', NULL, 1, 0),
	(377, 'password', NULL, 0, 'hailey06', 'April', 'Williamson', 'johnsonmatthew@example.com', 0, 1, '2023-03-21 17:34:11.841260', 'CH', 'Users/hailey06/709885.jpg', '1989-11-28', NULL, 0, 0),
	(378, 'password', NULL, 0, 'rjackson', 'Anthony', 'Lopez', 'hoopertyler@example.com', 0, 1, '2023-03-21 17:34:11.851775', 'FR', 'Users/rjackson/728240.png', '1996-12-09', NULL, 1, 0),
	(379, 'password', NULL, 0, 'emilyhughes', 'Laura', 'Johnson', 'tammy84@example.com', 0, 1, '2023-03-21 17:34:11.861509', 'GE', 'Users/emilyhughes/679478.jpg', '1987-08-19', NULL, 1, 0),
	(380, 'password', NULL, 0, 'phillipmitchell', 'Lance', 'Berger', 'lisamartinez@example.org', 0, 1, '2023-03-21 17:34:11.867224', 'GE', 'Users/phillipmitchell/937908.jpg', '1992-12-08', NULL, 1, 0),
	(381, 'password', NULL, 0, 'ngrimes', 'Destiny', 'Padilla', 'mooresavannah@example.net', 0, 1, '2023-03-21 17:34:11.876190', 'EN', 'Users/ngrimes/310162.jpg', '1986-06-19', NULL, 1, 0),
	(382, 'password', NULL, 0, 'dsmith', 'Rebecca', 'Nelson', 'vgonzalez@example.net', 0, 1, '2023-03-21 17:34:11.892726', 'CH', 'Users/dsmith/798682.png', '1996-10-26', NULL, 0, 0),
	(383, 'password', NULL, 0, 'ambergreen', 'Sonya', 'Carter', 'milleralicia@example.net', 0, 1, '2023-03-21 17:34:11.901759', 'CH', 'Users/ambergreen/601846.jpg', '1982-10-21', NULL, 0, 0),
	(384, 'password', NULL, 0, 'kabbott', 'Charles', 'Lane', 'richard22@example.org', 0, 1, '2023-03-21 17:34:11.908273', 'FR', 'Users/kabbott/719625.png', '1985-05-03', NULL, 1, 0),
	(385, 'password', NULL, 0, 'vgreen', 'Diana', 'Graham', 'ronalddavis@example.net', 0, 1, '2023-03-21 17:34:11.918966', 'GE', 'Users/vgreen/871169.png', '1991-11-08', NULL, 0, 0),
	(386, 'password', NULL, 0, 'matthew80', 'Brian', 'Summers', 'anna97@example.net', 0, 1, '2023-03-21 17:34:11.925230', 'EN', 'Users/matthew80/463446.jpg', '1997-02-11', NULL, 0, 0),
	(387, 'password', NULL, 0, 'jessica84', 'Duane', 'Woodard', 'gamblerebecca@example.com', 0, 1, '2023-03-21 17:34:11.931731', 'FR', 'Users/jessica84/937908.jpg', '1998-11-02', NULL, 0, 0),
	(388, 'password', NULL, 0, 'edwardwood', 'Holly', 'Allen', 'knightclaudia@example.net', 0, 1, '2023-03-21 17:34:11.938245', 'EN', 'Users/edwardwood/720032.jpg', '1988-01-08', NULL, 0, 0),
	(389, 'password', NULL, 0, 'kennethanderson', 'Teresa', 'Ashley', 'rvincent@example.org', 0, 1, '2023-03-21 17:34:11.944259', 'CH', 'Users/kennethanderson/933785.jpg', '2001-01-19', NULL, 0, 0),
	(390, 'password', NULL, 0, 'ybaker', 'Thomas', 'Hernandez', 'ruizjacqueline@example.com', 0, 1, '2023-03-21 17:34:11.950260', 'SP', 'Users/ybaker/617635_1.jpg', '1989-12-19', NULL, 0, 0),
	(391, 'password', NULL, 0, 'ustein', 'Lorraine', 'Hughes', 'tshaw@example.org', 0, 1, '2023-03-21 17:34:11.957781', 'CH', 'Users/ustein/157332.jpg', '1987-11-03', NULL, 1, 0),
	(392, 'password', NULL, 0, 'uscott', 'Joseph', 'Garner', 'kathleenthomas@example.net', 0, 1, '2023-03-21 17:34:11.966255', 'EN', 'Users/uscott/220250.jpg', '2005-12-04', NULL, 0, 0),
	(393, 'password', NULL, 0, 'ronald63', 'Daniel', 'Sanders', 'martinnicholas@example.net', 0, 1, '2023-03-21 17:34:11.973774', 'EN', 'Users/ronald63/936378.jpg', '1980-05-19', NULL, 0, 0),
	(394, 'password', NULL, 0, 'upatrick', 'Robert', 'Smith', 'reyespenny@example.org', 0, 1, '2023-03-21 17:34:11.983292', 'EN', 'Users/upatrick/327095.jpg', '1980-03-10', NULL, 1, 0),
	(395, 'password', NULL, 0, 'adamsmelanie', 'Samantha', 'Henry', 'lwalker@example.org', 0, 1, '2023-03-21 17:34:11.991809', 'EN', 'Users/adamsmelanie/463476.jpg', '1998-07-26', NULL, 1, 0),
	(396, 'password', NULL, 0, 'jasonbrown', 'Diana', 'Snyder', 'wrogers@example.org', 0, 1, '2023-03-21 17:34:12.000326', 'FR', 'Users/jasonbrown/568020.jpg', '1980-08-07', NULL, 1, 0),
	(397, 'password', NULL, 0, 'simmonsamber', 'Jodi', 'Tran', 'lynchdenise@example.net', 0, 1, '2023-03-21 17:34:12.011762', 'CH', 'Users/simmonsamber/546441.jpg', '1998-12-19', NULL, 1, 0),
	(398, 'password', NULL, 0, 'gregoryhoward', 'Mark', 'Serrano', 'obowman@example.net', 0, 1, '2023-03-21 17:34:12.018279', 'CH', 'Users/gregoryhoward/724313.jpg', '1987-09-20', NULL, 1, 0),
	(399, 'password', NULL, 0, 'ericajones', 'Donna', 'Mcclain', 'staylor@example.com', 0, 1, '2023-03-21 17:34:12.028298', 'SP', 'Users/ericajones/220250.jpg', '2001-11-19', NULL, 0, 0),
	(400, 'password', NULL, 0, 'vbates', 'Linda', 'Sanchez', 'kferguson@example.net', 0, 1, '2023-03-21 17:34:12.036168', 'CH', 'Users/vbates/704042.jpg', '1993-05-02', NULL, 0, 0),
	(401, 'password', NULL, 0, 'waltersphilip', 'Stephanie', 'Banks', 'lindsayallen@example.org', 0, 1, '2023-03-21 17:34:12.044802', 'FR', 'Users/waltersphilip/728240.png', '1985-01-07', NULL, 1, 0),
	(402, 'password', NULL, 0, 'kristenjackson', 'Summer', 'Miller', 'ryanbarker@example.org', 0, 1, '2023-03-21 17:34:12.054824', 'CH', 'Users/kristenjackson/679478.jpg', '1986-08-23', NULL, 0, 0),
	(403, 'password', NULL, 0, 'lparker', 'Katie', 'Cervantes', 'chambersmichael@example.com', 0, 1, '2023-03-21 17:34:12.061326', 'EN', 'Users/lparker/600594_1.jpg', '1989-01-12', NULL, 1, 0),
	(404, 'password', NULL, 0, 'angelajohnson', 'Cathy', 'Winters', 'spenceramber@example.org', 0, 1, '2023-03-21 17:34:12.071770', 'EN', 'Users/angelajohnson/546441.jpg', '2002-06-18', NULL, 1, 0),
	(405, 'password', NULL, 0, 'catherine46', 'Cathy', 'Hughes', 'christophercharles@example.org', 0, 1, '2023-03-21 17:34:12.078266', 'GE', 'Users/catherine46/693105.png', '1996-06-26', NULL, 1, 0),
	(406, 'password', NULL, 0, 'brandon04', 'Ricky', 'Carroll', 'xhood@example.com', 0, 1, '2023-03-21 17:34:12.086772', 'GE', 'Users/brandon04/902379.jpg', '1999-10-20', NULL, 1, 0),
	(407, 'password', NULL, 0, 'anthonycastillo', 'Logan', 'White', 'tmitchell@example.net', 0, 1, '2023-03-21 17:34:12.095293', 'CH', 'Users/anthonycastillo/468209.jpg', '1983-06-01', NULL, 0, 0),
	(408, 'password', NULL, 0, 'knoxmatthew', 'Joseph', 'Hull', 'mmorris@example.com', 0, 1, '2023-03-21 17:34:12.101794', 'FR', 'Users/knoxmatthew/719623.png', '1986-02-06', NULL, 1, 0),
	(409, 'password', NULL, 0, 'morrisashley', 'James', 'Garcia', 'stephanie47@example.org', 0, 1, '2023-03-21 17:34:12.113263', 'GE', 'Users/morrisashley/665369.jpg', '1992-05-25', NULL, 1, 0),
	(410, 'password', NULL, 0, 'emily42', 'Anthony', 'Kelly', 'dlozano@example.com', 0, 1, '2023-03-21 17:34:12.121765', 'CH', 'Users/emily42/548306.jpg', '1983-12-19', NULL, 1, 0),
	(411, 'password', NULL, 0, 'brendahughes', 'Gary', 'Davis', 'phillipsjack@example.com', 0, 1, '2023-03-21 17:34:12.130756', 'GE', 'Users/brendahughes/728529.jpg', '1987-08-31', NULL, 0, 0),
	(412, 'password', NULL, 0, 'whiteheadgary', 'Michael', 'Perry', 'christinagalloway@example.net', 0, 1, '2023-03-21 17:34:12.138278', 'EN', 'Users/whiteheadgary/407469_1.jpg', '1997-09-12', NULL, 0, 0),
	(413, 'password', NULL, 0, 'kanejames', 'Jasmine', 'Mendoza', 'mcdanielamber@example.com', 0, 1, '2023-03-21 17:34:12.144792', 'EN', 'Users/kanejames/706540.jpg', '1981-07-28', NULL, 0, 0),
	(414, 'password', NULL, 0, 'wroman', 'Cheyenne', 'Bell', 'aguirrevictoria@example.net', 0, 1, '2023-03-21 17:34:12.151793', 'GE', 'Users/wroman/466168.jpg', '1981-05-07', NULL, 1, 0),
	(415, 'password', NULL, 0, 'mdixon', 'James', 'Howard', 'milescharles@example.org', 0, 1, '2023-03-21 17:34:12.157104', 'EN', 'Users/mdixon/719623.png', '1987-10-12', NULL, 0, 0),
	(416, 'password', NULL, 0, 'olsonemily', 'Angela', 'Pena', 'arthurvincent@example.org', 0, 1, '2023-03-21 17:34:12.168223', 'CH', 'Users/olsonemily/934557.jpg', '2000-03-21', NULL, 1, 0),
	(417, 'password', NULL, 0, 'thomas40', 'Teresa', 'Love', 'jessicajohnson@example.com', 0, 1, '2023-03-21 17:34:12.176257', 'CH', 'Users/thomas40/686328.jpg', '2004-12-23', NULL, 1, 0),
	(418, 'password', NULL, 0, 'james12', 'Shannon', 'Richardson', 'tammymaddox@example.net', 0, 1, '2023-03-21 17:34:12.182762', 'FR', 'Users/james12/463445.jpg', '1987-10-11', NULL, 0, 0),
	(419, 'password', NULL, 0, 'lisazimmerman', 'Diane', 'Taylor', 'raymondturner@example.net', 0, 1, '2023-03-21 17:34:12.190787', 'SP', 'Users/lisazimmerman/546441.jpg', '1999-01-14', NULL, 0, 0),
	(420, 'password', NULL, 0, 'lindsey90', 'Alexander', 'Dillon', 'adamsjulie@example.net', 0, 1, '2023-03-21 17:34:12.196805', 'CH', 'Users/lindsey90/722640.jpg', '1987-09-18', NULL, 0, 0),
	(421, 'password', NULL, 0, 'kanderson', 'Ronald', 'Madden', 'hansonroger@example.org', 0, 1, '2023-03-21 17:34:12.210730', 'GE', 'Users/kanderson/716375.png', '1991-12-19', NULL, 1, 0),
	(422, 'password', NULL, 0, 'doughertytonya', 'Brian', 'Olson', 'mshannon@example.org', 0, 1, '2023-03-21 17:34:12.218428', 'SP', 'Users/doughertytonya/665369.jpg', '1999-05-09', NULL, 1, 0),
	(423, 'password', NULL, 0, 'wmartin', 'Michelle', 'Newman', 'patriciaacosta@example.net', 0, 1, '2023-03-21 17:34:12.225748', 'SP', 'Users/wmartin/568020.jpg', '1982-07-31', NULL, 0, 0),
	(424, 'password', NULL, 0, 'gateslarry', 'Jordan', 'Morris', 'lhouse@example.com', 0, 1, '2023-03-21 17:34:12.235743', 'FR', 'Users/gateslarry/463446.jpg', '1984-10-14', NULL, 1, 0),
	(425, 'password', NULL, 0, 'maria59', 'Dominic', 'Chapman', 'kristengray@example.com', 0, 1, '2023-03-21 17:34:12.243758', 'CH', 'Users/maria59/559116.png', '1983-02-14', NULL, 1, 0),
	(426, 'password', NULL, 0, 'xbautista', 'Brandon', 'Pugh', 'ugonzalez@example.org', 0, 1, '2023-03-21 17:34:12.249759', 'EN', 'Users/xbautista/678085.jpg', '1980-03-26', NULL, 1, 0),
	(427, 'password', NULL, 0, 'diane35', 'Rodney', 'Nelson', 'jeffreybutler@example.org', 0, 1, '2023-03-21 17:34:12.259266', 'CH', 'Users/diane35/689248.jpg', '1980-09-22', NULL, 0, 0),
	(428, 'password', NULL, 0, 'smithaaron', 'John', 'Ramsey', 'tramirez@example.net', 0, 1, '2023-03-21 17:34:12.268261', 'CH', 'Users/smithaaron/725424.png', '1999-08-08', NULL, 1, 0),
	(429, 'password', NULL, 0, 'oballard', 'Lauren', 'Hebert', 'palmerpaul@example.net', 0, 1, '2023-03-21 17:34:12.275273', 'EN', 'Users/oballard/686773.jpg', '1981-07-13', NULL, 0, 0),
	(430, 'password', NULL, 0, 'jeff94', 'Tiffany', 'Espinoza', 'hollyhall@example.org', 0, 1, '2023-03-21 17:34:12.286788', 'EN', 'Users/jeff94/617635.jpg', '1982-11-13', NULL, 1, 0),
	(431, 'password', NULL, 0, 'marksvanessa', 'Amanda', 'Hernandez', 'huangjill@example.com', 0, 1, '2023-03-21 17:34:12.294816', 'SP', 'Users/marksvanessa/729086.jpg', '1999-07-14', NULL, 0, 0),
	(432, 'password', NULL, 0, 'craig68', 'Michael', 'Anderson', 'sarah36@example.com', 0, 1, '2023-03-21 17:34:12.301817', 'CH', 'Users/craig68/546605.jpg', '1989-02-17', NULL, 1, 0),
	(433, 'password', NULL, 0, 'smithjessica', 'Jane', 'Jimenez', 'bmoses@example.org', 0, 1, '2023-03-21 17:34:12.309831', 'GE', 'Users/smithjessica/706540.jpg', '1982-01-24', NULL, 0, 0),
	(434, 'password', NULL, 0, 'roberthill', 'Christina', 'Gonzales', 'michaelzamora@example.net', 0, 1, '2023-03-21 17:34:12.316045', 'SP', 'Users/roberthill/679478.jpg', '1982-12-22', NULL, 0, 0),
	(435, 'password', NULL, 0, 'garciascott', 'Stephanie', 'Moreno', 'angel65@example.org', 0, 1, '2023-03-21 17:34:12.321257', 'FR', 'Users/garciascott/886533.jpg', '1992-12-12', NULL, 1, 0),
	(436, 'password', NULL, 0, 'torresjohn', 'Kara', 'Chavez', 'nicholas33@example.com', 0, 1, '2023-03-21 17:34:12.330237', 'SP', 'Users/torresjohn/714548.png', '1999-11-19', NULL, 1, 0),
	(437, 'password', NULL, 0, 'jenniferkelly', 'Daniel', 'Alvarez', 'thomaspaul@example.org', 0, 1, '2023-03-21 17:34:12.347757', 'SP', 'Users/jenniferkelly/598768.jpg', '1980-03-14', NULL, 1, 0),
	(438, 'password', NULL, 0, 'johnny62', 'Charles', 'Gilmore', 'jessica80@example.com', 0, 1, '2023-03-21 17:34:12.354771', 'FR', 'Users/johnny62/528812.jpg', '1992-07-09', NULL, 0, 0),
	(439, 'password', NULL, 0, 'anthonyjones', 'Glenn', 'Owen', 'walkerdavid@example.org', 0, 1, '2023-03-21 17:34:12.362762', 'CH', 'Users/anthonyjones/704042.jpg', '2003-06-20', NULL, 0, 0),
	(440, 'password', NULL, 0, 'acarrillo', 'Morgan', 'Perry', 'joshuafrench@example.org', 0, 1, '2023-03-21 17:34:12.370773', 'GE', 'Users/acarrillo/617635.jpg', '1997-11-08', NULL, 0, 0),
	(441, 'password', NULL, 0, 'james68', 'Meredith', 'Carpenter', 'hollypowell@example.net', 0, 1, '2023-03-21 17:34:12.378737', 'SP', 'Users/james68/542249.jpg', '1994-12-25', NULL, 1, 0),
	(442, 'password', NULL, 0, 'foxvickie', 'Michelle', 'Johnson', 'thomas73@example.com', 0, 1, '2023-03-21 17:34:12.391231', 'FR', 'Users/foxvickie/593325.jpg', '1996-03-09', NULL, 1, 0),
	(443, 'password', NULL, 0, 'allen24', 'Jacqueline', 'Sanchez', 'gbullock@example.net', 0, 1, '2023-03-21 17:34:12.398963', 'SP', 'Users/allen24/654239.jpg', '1991-04-14', NULL, 1, 0),
	(444, 'password', NULL, 0, 'hughesamanda', 'Robin', 'Estrada', 'ruth71@example.com', 0, 1, '2023-03-21 17:34:12.405762', 'FR', 'Users/hughesamanda/706540.jpg', '1995-07-22', NULL, 1, 0),
	(445, 'password', NULL, 0, 'katherine83', 'Sydney', 'Dennis', 'nwheeler@example.com', 0, 1, '2023-03-21 17:34:12.411763', 'EN', 'Users/katherine83/546441.jpg', '1986-09-18', NULL, 1, 0),
	(446, 'password', NULL, 0, 'matthewruiz', 'Jacqueline', 'Stevens', 'valerierodriguez@example.org', 0, 1, '2023-03-21 17:34:12.418275', 'CH', 'Users/matthewruiz/551538.jpg', '1988-04-26', NULL, 0, 0),
	(447, 'password', NULL, 0, 'williamsrobert', 'Veronica', 'Nunez', 'smithnathan@example.com', 0, 1, '2023-03-21 17:34:12.423788', 'SP', 'Users/williamsrobert/462370.jpg', '1998-11-07', NULL, 1, 0),
	(448, 'password', NULL, 0, 'keith65', 'John', 'Mcpherson', 'ann57@example.net', 0, 1, '2023-03-21 17:34:12.433304', 'EN', 'Users/keith65/722640.jpg', '1995-07-04', NULL, 0, 0),
	(449, 'password', NULL, 0, 'meghan65', 'Reginald', 'Dixon', 'rowealejandro@example.org', 0, 1, '2023-03-21 17:34:12.448757', 'EN', 'Users/meghan65/157265.jpg', '1990-10-12', NULL, 0, 0),
	(450, 'password', NULL, 0, 'christopher16', 'Dale', 'Richards', 'cummingsstephanie@example.net', 0, 1, '2023-03-21 17:34:12.459778', 'GE', 'Users/christopher16/617613.jpg', '1998-04-26', NULL, 0, 0),
	(451, 'password', NULL, 0, 'christopher62', 'David', 'Hernandez', 'leslie26@example.org', 0, 1, '2023-03-21 17:34:12.466734', 'SP', 'Users/christopher62/933206.jpg', '1981-06-15', NULL, 1, 0),
	(452, 'password', NULL, 0, 'kyle85', 'James', 'Schmidt', 'morriskathryn@example.com', 0, 1, '2023-03-21 17:34:12.476747', 'CH', 'Users/kyle85/587526.jpg', '1994-11-06', NULL, 1, 0),
	(453, 'password', NULL, 0, 'troy58', 'Carl', 'Ray', 'randyfernandez@example.org', 0, 1, '2023-03-21 17:34:12.483262', 'SP', 'Users/troy58/932606.jpg', '1985-04-02', NULL, 0, 0),
	(454, 'password', NULL, 0, 'cantudenise', 'Michelle', 'May', 'cvega@example.org', 0, 1, '2023-03-21 17:34:12.491284', 'CH', 'Users/cantudenise/640956.jpg', '1987-01-02', NULL, 1, 0),
	(455, 'password', NULL, 0, 'hshelton', 'Miranda', 'Tran', 'cklein@example.org', 0, 1, '2023-03-21 17:34:12.498284', 'EN', 'Users/hshelton/551538_1.jpg', '1982-07-27', NULL, 1, 0),
	(456, 'password', NULL, 0, 'robertjacobson', 'Hailey', 'Larsen', 'hardyjeffrey@example.net', 0, 1, '2023-03-21 17:34:12.504800', 'CH', 'Users/robertjacobson/685698.jpg', '1991-03-18', NULL, 0, 0),
	(457, 'password', NULL, 0, 'reynoldscasey', 'Hannah', 'Garcia', 'john84@example.org', 0, 1, '2023-03-21 17:34:12.513311', 'CH', 'Users/reynoldscasey/932606.jpg', '1988-10-08', NULL, 0, 0),
	(458, 'password', NULL, 0, 'joannapeters', 'Thomas', 'Rojas', 'novaktony@example.net', 0, 1, '2023-03-21 17:34:12.520312', 'FR', 'Users/joannapeters/159692.jpg', '1989-11-28', NULL, 1, 0),
	(459, 'password', NULL, 0, 'danielhunter', 'Olivia', 'Cruz', 'aliciabennett@example.org', 0, 1, '2023-03-21 17:34:12.530271', 'CH', 'Users/danielhunter/608832.jpg', '1988-07-06', NULL, 0, 0),
	(460, 'password', NULL, 0, 'joysmith', 'Grant', 'Gibson', 'bakerjoseph@example.com', 0, 1, '2023-03-21 17:34:12.544261', 'CH', 'Users/joysmith/933785.jpg', '1980-03-17', NULL, 0, 0),
	(461, 'password', NULL, 0, 'patrick66', 'John', 'Wallace', 'jeremyphillips@example.com', 0, 1, '2023-03-21 17:34:12.551261', 'FR', 'Users/patrick66/658989.jpg', '1997-05-01', NULL, 1, 0),
	(462, 'password', NULL, 0, 'janice58', 'Thomas', 'Collins', 'jacquelinetaylor@example.net', 0, 1, '2023-03-21 17:34:12.560154', 'EN', 'Users/janice58/729086.jpg', '1987-09-16', NULL, 1, 0),
	(463, 'password', NULL, 0, 'jthompson', 'Charles', 'Cunningham', 'jeremyestrada@example.com', 0, 1, '2023-03-21 17:34:12.567229', 'EN', 'Users/jthompson/485812.jpg', '1998-07-22', NULL, 0, 0),
	(464, 'password', NULL, 0, 'lbell', 'Cynthia', 'Murray', 'philip03@example.com', 0, 1, '2023-03-21 17:34:12.574250', 'CH', 'Users/lbell/934557.jpg', '1991-03-06', NULL, 1, 0),
	(465, 'password', NULL, 0, 'joneskatherine', 'Justin', 'Ortega', 'benjamin73@example.com', 0, 1, '2023-03-21 17:34:12.581750', 'FR', 'Users/joneskatherine/739397.jpg', '1993-04-10', NULL, 0, 0),
	(466, 'password', NULL, 0, 'obarry', 'Gwendolyn', 'Chen', 'stevenlopez@example.net', 0, 1, '2023-03-21 17:34:12.588695', 'CH', 'Users/obarry/695787.png', '1989-07-11', NULL, 0, 0),
	(467, 'password', NULL, 0, 'charles22', 'Patricia', 'Moore', 'cbrown@example.net', 0, 1, '2023-03-21 17:34:12.594259', 'EN', 'Users/charles22/932487.jpg', '2003-02-15', NULL, 0, 0),
	(468, 'password', NULL, 0, 'stephen27', 'David', 'Burgess', 'chadharmon@example.net', 0, 1, '2023-03-21 17:34:12.603241', 'EN', 'Users/stephen27/466168.jpg', '1988-12-03', NULL, 0, 0),
	(469, 'password', NULL, 0, 'barbaramartin', 'Deborah', 'Cervantes', 'melissajackson@example.net', 0, 1, '2023-03-21 17:34:12.608461', 'CH', 'Users/barbaramartin/551538.jpg', '1989-12-19', NULL, 1, 0),
	(470, 'password', NULL, 0, 'ksmith', 'Benjamin', 'Wood', 'danny38@example.net', 0, 1, '2023-03-21 17:34:12.613985', 'GE', 'Users/ksmith/734592.jpg', '1998-05-10', NULL, 1, 0),
	(471, 'password', NULL, 0, 'katherine44', 'Gregory', 'Carey', 'robertperez@example.com', 0, 1, '2023-03-21 17:34:12.618748', 'FR', 'Users/katherine44/136.jpg', '1987-07-22', NULL, 1, 0),
	(472, 'password', NULL, 0, 'clarkdebra', 'Keith', 'Potter', 'lopezjason@example.org', 0, 1, '2023-03-21 17:34:12.623760', 'SP', 'Users/clarkdebra/716375.png', '2003-04-26', NULL, 1, 0),
	(473, 'password', NULL, 0, 'melaniesmith', 'Deborah', 'Johnson', 'rachaelcraig@example.net', 0, 1, '2023-03-21 17:34:12.630763', 'EN', 'Users/melaniesmith/710940.png', '1996-10-25', NULL, 1, 0),
	(474, 'password', NULL, 0, 'ryan84', 'Shelby', 'Davidson', 'camacholinda@example.net', 0, 1, '2023-03-21 17:34:12.640444', 'SP', 'Users/ryan84/407469.jpg', '1983-09-11', NULL, 0, 0),
	(475, 'password', NULL, 0, 'dennis50', 'David', 'Delgado', 'ecox@example.net', 0, 1, '2023-03-21 17:34:12.646427', 'FR', 'Users/dennis50/654239.jpg', '1995-04-12', NULL, 0, 0),
	(476, 'password', NULL, 0, 'johnnyholden', 'Theresa', 'Christensen', 'tmora@example.org', 0, 1, '2023-03-21 17:34:12.652931', 'GE', 'Users/johnnyholden/466168.jpg', '1987-07-29', NULL, 1, 0),
	(477, 'password', NULL, 0, 'uortega', 'Sarah', 'Cain', 'anamartinez@example.com', 0, 1, '2023-03-21 17:34:12.657959', 'EN', 'Users/uortega/549919.jpg', '1993-01-08', NULL, 1, 0),
	(478, 'password', NULL, 0, 'normantyler', 'Carla', 'West', 'gholder@example.net', 0, 1, '2023-03-21 17:34:12.663471', 'SP', 'Users/normantyler/600594_1.jpg', '1984-04-24', NULL, 1, 0),
	(479, 'password', NULL, 0, 'gmoore', 'Kelly', 'Hardy', 'jeffery78@example.org', 0, 1, '2023-03-21 17:34:12.671770', 'GE', 'Users/gmoore/728240.png', '1988-02-15', NULL, 0, 0),
	(480, 'password', NULL, 0, 'duncananna', 'Laura', 'Moyer', 'mallory74@example.org', 0, 1, '2023-03-21 17:34:12.678229', 'EN', 'Users/duncananna/798682.png', '1992-12-04', NULL, 1, 0),
	(481, 'password', NULL, 0, 'william63', 'Laura', 'Martinez', 'victoriagreen@example.org', 0, 1, '2023-03-21 17:34:12.684742', 'SP', 'Users/william63/595156.jpg', '1982-04-13', NULL, 1, 0),
	(482, 'password', NULL, 0, 'lbuchanan', 'Ricky', 'Sanchez', 'michael33@example.org', 0, 1, '2023-03-21 17:34:12.689756', 'EN', 'Users/lbuchanan/750338.png', '1990-09-14', NULL, 0, 0),
	(483, 'password', NULL, 0, 'lyonswilliam', 'John', 'Small', 'brianwilliams@example.org', 0, 1, '2023-03-21 17:34:12.697316', 'EN', 'Users/lyonswilliam/329544.jpg', '1995-01-18', NULL, 0, 0),
	(484, 'password', NULL, 0, 'jonescameron', 'Christopher', 'Hughes', 'knappjoshua@example.net', 0, 1, '2023-03-21 17:34:12.703382', 'EN', 'Users/jonescameron/476288_1.jpg', '1985-04-09', NULL, 0, 0),
	(485, 'password', NULL, 0, 'charleslopez', 'April', 'Obrien', 'reneewhitaker@example.net', 0, 1, '2023-03-21 17:34:12.708790', 'GE', 'Users/charleslopez/798682.png', '1992-06-21', NULL, 1, 0),
	(486, 'password', NULL, 0, 'ymoore', 'Samuel', 'Robertson', 'ashley74@example.org', 0, 1, '2023-03-21 17:34:12.714742', 'CH', 'Users/ymoore/407469_1.jpg', '1981-10-11', NULL, 0, 0),
	(487, 'password', NULL, 0, 'corey73', 'Joseph', 'Silva', 'xlarsen@example.net', 0, 1, '2023-03-21 17:34:12.720239', 'CH', 'Users/corey73/739397.jpg', '1987-10-10', NULL, 0, 0),
	(488, 'password', NULL, 0, 'jpatel', 'Randy', 'Harrison', 'langmatthew@example.com', 0, 1, '2023-03-21 17:34:12.725814', 'FR', 'Users/jpatel/709885.jpg', '1999-02-17', NULL, 1, 0),
	(489, 'password', NULL, 0, 'evanscharles', 'Douglas', 'Spencer', 'bakersheri@example.com', 0, 1, '2023-03-21 17:34:12.731819', 'SP', 'Users/evanscharles/328013.jpg', '1995-06-21', NULL, 0, 0),
	(490, 'password', NULL, 0, 'bankskelly', 'Samantha', 'Choi', 'ellismatthew@example.net', 0, 1, '2023-03-21 17:34:12.737832', 'GE', 'Users/bankskelly/601846.jpg', '1996-09-03', NULL, 1, 0),
	(491, 'password', NULL, 0, 'wolferebecca', 'Jerry', 'Ferguson', 'nealbrooke@example.org', 0, 1, '2023-03-21 17:34:12.742835', 'FR', 'Users/wolferebecca/617635_1.jpg', '1980-05-22', NULL, 0, 0),
	(492, 'password', NULL, 0, 'angelaanderson', 'Steven', 'Reyes', 'swolfe@example.com', 0, 1, '2023-03-21 17:34:12.749346', 'GE', 'Users/angelaanderson/933784.jpg', '1984-02-15', NULL, 0, 0),
	(493, 'password', NULL, 0, 'elizabeth84', 'Penny', 'Peterson', 'johnjohnson@example.com', 0, 1, '2023-03-21 17:34:12.755080', 'FR', 'Users/elizabeth84/329544.jpg', '1995-05-22', NULL, 0, 0),
	(494, 'password', NULL, 0, 'gscott', 'Toni', 'Garcia', 'natalieyoder@example.org', 0, 1, '2023-03-21 17:34:12.760944', 'SP', 'Users/gscott/793242.jpg', '1991-06-15', NULL, 0, 0),
	(495, 'password', NULL, 0, 'kbell', 'Rhonda', 'Conner', 'kayladelgado@example.com', 0, 1, '2023-03-21 17:34:12.766223', 'GE', 'Users/kbell/593325.jpg', '1997-11-24', NULL, 0, 0),
	(496, 'password', NULL, 0, 'williammassey', 'James', 'Murphy', 'dodsonpamela@example.org', 0, 1, '2023-03-21 17:34:12.771723', 'EN', 'Users/williammassey/220250.jpg', '1991-10-07', NULL, 0, 0),
	(497, 'password', NULL, 0, 'stevelamb', 'Robert', 'Johnson', 'gcarter@example.org', 0, 1, '2023-03-21 17:34:12.780237', 'GE', 'Users/stevelamb/564931.jpg', '1984-08-02', NULL, 1, 0),
	(498, 'password', NULL, 0, 'rfrost', 'Amber', 'Nguyen', 'jessica78@example.org', 0, 1, '2023-03-21 17:34:12.793789', 'CH', 'Users/rfrost/599010.jpg', '2003-09-13', NULL, 1, 0),
	(499, 'password', NULL, 0, 'alanfreeman', 'James', 'English', 'clayamy@example.com', 0, 1, '2023-03-21 17:34:12.800789', 'GE', 'Users/alanfreeman/858610.jpg', '1997-07-22', NULL, 0, 0),
	(500, 'password', NULL, 0, 'davisalex', 'Thomas', 'Lucas', 'jonesjeremiah@example.net', 0, 1, '2023-03-21 17:34:12.805801', 'CH', 'Users/davisalex/938044.jpg', '1989-10-14', NULL, 1, 0),
	(501, 'password', NULL, 0, 'kaitlynthomas', 'Thomas', 'Castaneda', 'jeffhill@example.net', 0, 1, '2023-03-21 17:34:12.811802', 'EN', 'Users/kaitlynthomas/157332_1.jpg', '1989-11-11', NULL, 1, 0),
	(502, 'password', NULL, 0, 'fwalker', 'Nicole', 'Morris', 'ericcrawford@example.net', 0, 1, '2023-03-21 17:34:12.818818', 'FR', 'Users/fwalker/407469.jpg', '1994-04-13', NULL, 0, 0),
	(503, 'password', NULL, 0, 'rothedward', 'Michael', 'Hernandez', 'walterreese@example.com', 0, 1, '2023-03-21 17:34:12.823844', 'CH', 'Users/rothedward/927310.jpg', '2003-06-03', NULL, 1, 0),
	(504, 'password', NULL, 0, 'michael40', 'Joseph', 'Taylor', 'victor79@example.org', 0, 1, '2023-03-21 17:34:12.829323', 'GE', 'Users/michael40/709880.jpg', '1981-10-09', NULL, 1, 0),
	(505, 'password', NULL, 0, 'cmitchell', 'Sheila', 'Matthews', 'fshort@example.com', 0, 1, '2023-03-21 17:34:12.834294', 'GE', 'Users/cmitchell/744908_1.jpg', '1984-01-04', NULL, 0, 0),
	(506, 'password', NULL, 0, 'brian42', 'Cynthia', 'Jefferson', 'astewart@example.com', 0, 1, '2023-03-21 17:34:12.839795', 'CH', 'Users/brian42/605895.jpg', '1999-07-06', NULL, 1, 0),
	(507, 'password', NULL, 0, 'wmathews', 'Mitchell', 'Brown', 'melanie91@example.net', 0, 1, '2023-03-21 17:34:12.845809', 'EN', 'Users/wmathews/927310.jpg', '1988-01-18', NULL, 1, 0),
	(508, 'password', NULL, 0, 'oguzman', 'Rachel', 'Leonard', 'rross@example.com', 0, 1, '2023-03-21 17:34:12.851310', 'SP', 'Users/oguzman/463477.jpg', '1993-09-29', NULL, 0, 0),
	(509, 'password', NULL, 0, 'ann52', 'Lisa', 'Gibbs', 'daniel08@example.net', 0, 1, '2023-03-21 17:34:12.857321', 'SP', 'Users/ann52/600594.jpg', '1997-01-29', NULL, 1, 0),
	(510, 'password', NULL, 0, 'andersonmichelle', 'Nicole', 'Johnson', 'tmiller@example.org', 0, 1, '2023-03-21 17:34:12.864330', 'FR', 'Users/andersonmichelle/600594.jpg', '2000-02-07', NULL, 0, 0),
	(511, 'password', NULL, 0, 'kingjames', 'Kathleen', 'Collins', 'dhowell@example.net', 0, 1, '2023-03-21 17:34:12.871831', 'SP', 'Users/kingjames/546441.jpg', '1998-11-25', NULL, 1, 0),
	(512, 'password', NULL, 0, 'jamesnichols', 'Mary', 'Francis', 'amy77@example.com', 0, 1, '2023-03-21 17:34:12.877593', 'SP', 'Users/jamesnichols/333369.jpg', '1990-12-24', NULL, 0, 0),
	(513, 'password', NULL, 0, 'ashleyhawkins', 'Melissa', 'Logan', 'robertohuynh@example.com', 0, 1, '2023-03-21 17:34:12.883110', 'CH', 'Users/ashleyhawkins/714548.png', '1987-04-21', NULL, 1, 0),
	(514, 'password', NULL, 0, 'llong', 'Timothy', 'Choi', 'robertsonstephanie@example.org', 0, 1, '2023-03-21 17:34:12.892781', 'SP', 'Users/llong/220250.jpg', '1991-08-08', NULL, 1, 0),
	(515, 'password', NULL, 0, 'veronicalee', 'Sabrina', 'Schwartz', 'pramos@example.net', 0, 1, '2023-03-21 17:34:12.898292', 'EN', 'Users/veronicalee/932496.jpg', '2000-05-26', NULL, 0, 0),
	(516, 'password', NULL, 0, 'kkim', 'Tara', 'Jackson', 'ycrosby@example.org', 0, 1, '2023-03-21 17:34:12.903333', 'GE', 'Users/kkim/564933.jpg', '1997-04-01', NULL, 0, 0),
	(517, 'password', NULL, 0, 'shane55', 'Leslie', 'Ramirez', 'obriennatalie@example.net', 0, 1, '2023-03-21 17:34:12.911276', 'CH', 'Users/shane55/654239.jpg', '1985-03-14', NULL, 1, 0),
	(518, 'password', NULL, 0, 'katherine42', 'Nicolas', 'Page', 'dana56@example.org', 0, 1, '2023-03-21 17:34:12.916794', 'SP', 'Users/katherine42/871169.png', '1980-09-02', NULL, 1, 0),
	(520, 'pbkdf2_sha256$320000$NXvd8iYZFBv9yT0SW3501f$qqJSxru47Ls6FAkqFH0ycTLP119DrGhBIFYLppLxhQQ=', '2023-04-13 11:22:56.898426', 0, 'javmarjae', 'Javier', 'Martínez Jaén', 'javmarjae@gmail.com', 0, 1, '2023-04-11 08:14:29.000000', 'SP', 'profile/default.png', '2001-01-31', '2023-04-13 11:23:10.382238', 0, 1),
	(521, 'pbkdf2_sha256$320000$zAgjzyzB6PYTSBN7kpVhE3$9qA0aMcEocfJ9HhINlokd//fqUTcRkElF14jtZYJBhM=', '2023-04-13 11:23:14.389725', 0, 'mariape', 'Maria', 'Perez', 'javiermartinezjaen@gmail.com', 0, 1, '2023-04-11 08:16:50.000000', 'SP', 'Users/mariape/Trees-22.jpg', '2003-11-25', '2023-04-13 11:23:14.299782', 1, 1);
/*!40000 ALTER TABLE `web_user` ENABLE KEYS */;

-- Volcando estructura para tabla gamers.web_user_groups
CREATE TABLE IF NOT EXISTS `web_user_groups` (
  `id` bigint NOT NULL AUTO_INCREMENT,
  `user_id` bigint NOT NULL,
  `group_id` int NOT NULL,
  PRIMARY KEY (`id`),
  UNIQUE KEY `web_user_groups_user_id_group_id_ad6e87b6_uniq` (`user_id`,`group_id`),
  KEY `web_user_groups_group_id_b03a95c5_fk_auth_group_id` (`group_id`),
  CONSTRAINT `web_user_groups_group_id_b03a95c5_fk_auth_group_id` FOREIGN KEY (`group_id`) REFERENCES `auth_group` (`id`),
  CONSTRAINT `web_user_groups_user_id_ddeacfa4_fk_web_user_id` FOREIGN KEY (`user_id`) REFERENCES `web_user` (`id`)
) ENGINE=InnoDB DEFAULT CHARSET=utf8mb4 COLLATE=utf8mb4_0900_ai_ci;

-- Volcando datos para la tabla gamers.web_user_groups: ~0 rows (aproximadamente)
DELETE FROM `web_user_groups`;
/*!40000 ALTER TABLE `web_user_groups` DISABLE KEYS */;
/*!40000 ALTER TABLE `web_user_groups` ENABLE KEYS */;

-- Volcando estructura para tabla gamers.web_user_user_permissions
CREATE TABLE IF NOT EXISTS `web_user_user_permissions` (
  `id` bigint NOT NULL AUTO_INCREMENT,
  `user_id` bigint NOT NULL,
  `permission_id` int NOT NULL,
  PRIMARY KEY (`id`),
  UNIQUE KEY `web_user_user_permissions_user_id_permission_id_b62696d3_uniq` (`user_id`,`permission_id`),
  KEY `web_user_user_permis_permission_id_360139a1_fk_auth_perm` (`permission_id`),
  CONSTRAINT `web_user_user_permis_permission_id_360139a1_fk_auth_perm` FOREIGN KEY (`permission_id`) REFERENCES `auth_permission` (`id`),
  CONSTRAINT `web_user_user_permissions_user_id_19dddb18_fk_web_user_id` FOREIGN KEY (`user_id`) REFERENCES `web_user` (`id`)
) ENGINE=InnoDB DEFAULT CHARSET=utf8mb4 COLLATE=utf8mb4_0900_ai_ci;

-- Volcando datos para la tabla gamers.web_user_user_permissions: ~0 rows (aproximadamente)
DELETE FROM `web_user_user_permissions`;
/*!40000 ALTER TABLE `web_user_user_permissions` DISABLE KEYS */;
/*!40000 ALTER TABLE `web_user_user_permissions` ENABLE KEYS */;

/*!40101 SET SQL_MODE=IFNULL(@OLD_SQL_MODE, '') */;
/*!40014 SET FOREIGN_KEY_CHECKS=IF(@OLD_FOREIGN_KEY_CHECKS IS NULL, 1, @OLD_FOREIGN_KEY_CHECKS) */;
/*!40101 SET CHARACTER_SET_CLIENT=@OLD_CHARACTER_SET_CLIENT */;
